access_roles,adaptive_descendant_cap,admission,behavior_identity,candidate_id,canonical_expression,canonical_identity,claimed_state_field_id,condition_field_ids,cost_adjusted_reward,declared_field_ids,development_increment_positive,episode_policy,event_tier,exact_identity,exposure_ledger_required,expression,field_ids,forbidden_read_count,frozen_mechanism_id,generator_version,is_matched_control,legal,market_vote_policy,matched_control_id,matched_increment,maturity_contract_registered,maturity_rule,operator_family,operator_paths,positive_time_blocks,proposal_origin,rank_ic_hit_rate,rank_ic_mean,representation_ids,requires_intrabar_order,reward,route_id,seed,seed_set,source_field_ids,state_source_expression,state_support_unit,strict,support,support_unit,support_units,survivor,tier_c_descendants_allowed,top_symbol_share,turnover,typed_route_decision,typed_route_reason,typed_route_rejection_code,uses_future_revision,vote_policy
['development'],,False,b19d43ccc676376e802c9a15,uc_minute_static_2718_00000,"CSRank(Add(ZScore($amount),ZScore($ret_1m)))",01a68093577b11fa2548f406b8556620db7a2b910e5f06bf1f933b7bf15b5086,,[],-0.1727902029164698,"['amount', 'ret_1m']",False,,,3a8d4f9c42cb4fff18e65b4cd46be7e785d8747ee4dc185b04e7eea87b3c188e,True,"CSRank(Add(ZScore($amount),ZScore($ret_1m)))","['amount', 'ret_1m']",0,,cn_unified_registry_driven_generator_v1,False,True,,uc_minute_static_2718_00000_control,-0.14030446765235643,False,bar_close,Arithmetic,"['root:CSRank', 'root.CSRank[0]:Add', 'root.CSRank[0].Add[0]:ZScore', 'root.CSRank[0].Add[1]:ZScore']",0,registry_root,0.0,-0.17202313376143102,"['cn.rep.e1a6c7e4ed4d3bdd8b53a3bda3fa28d9', 'cn.rep.92264a877f9fcf2b53483a2833631e12']",False,-0.1727902029164698,MINUTE_STATIC,2718,seed_b,"['cn.sf.621923f2d222470d1900a03583de5059', 'cn.sf.7ac67c3e2be8e149c3c02a4842c21173']",,,False,4592,stock-minute cross-section,8,False,,0.0017421602787456446,0.30682766201551304,ALLOW,"registry, PIT, unit, route, maturity, control and access contracts passed",,False,ONE_SUPPORT_UNIT_ONE_VOTE
['development'],,False,02ea2f945a0f1ba426b1d0f6,uc_minute_static_2718_00000_control,CSRank($amount),8fb7203deeb9882fe623403213852d80c1e7653975416c92b396388beb8c3583,,[],-0.032485735264113365,"['amount', 'ret_1m']",False,,,3a16d2968be552a8e1d69a268bd80e7e775a86da1a067bf60cbd3805aa407244,True,CSRank($amount),"['amount', 'ret_1m']",0,,cn_unified_registry_driven_generator_v1,True,True,,uc_minute_static_2718_00000,,False,bar_close,Arithmetic,['root:CSRank'],1,matched_control,0.375,-0.03191087268016392,"['cn.rep.e1a6c7e4ed4d3bdd8b53a3bda3fa28d9', 'cn.rep.92264a877f9fcf2b53483a2833631e12']",False,-0.032485735264113365,MINUTE_STATIC,2718,seed_b,"['cn.sf.621923f2d222470d1900a03583de5059', 'cn.sf.7ac67c3e2be8e149c3c02a4842c21173']",,,False,4592,stock-minute cross-section,8,False,,0.0017421602787456446,0.2299450335797796,ALLOW,"registry, PIT, unit, route, maturity, control and access contracts passed",,False,CONTROL_NO_SEPARATE_VOTE
['development'],,True,fba53202da9fca313dcb4608,uc_minute_static_2718_00001,"CSRank(Add(ZScore($ret_1m),ZScore($low)))",65c26a52c26636f5b78634ac1fe59d79d3ac668d0cdf1c4c766330c0758e4d33,,[],-0.16283997878810727,"['ret_1m', 'low']",True,,,9f51f921c8abec5a767564e10e59db0f9d6d3a018ec81acda70f2abb34863c93,True,"CSRank(Add(ZScore($ret_1m),ZScore($low)))","['low', 'ret_1m']",0,,cn_unified_registry_driven_generator_v1,False,True,,uc_minute_static_2718_00001_control,0.02537667474378394,False,bar_close,Arithmetic,"['root:CSRank', 'root.CSRank[0]:Add', 'root.CSRank[0].Add[0]:ZScore', 'root.CSRank[0].Add[1]:ZScore']",0,registry_root,0.0,-0.16226934834897422,"['cn.rep.a24282e2c82e94c62dab47348534b71d', 'cn.rep.92264a877f9fcf2b53483a2833631e12']",False,-0.16283997878810727,MINUTE_STATIC,2718,seed_b,"['cn.sf.155ca942c67e3b7985fdca8bf70262e2', 'cn.sf.7ac67c3e2be8e149c3c02a4842c21173']",,,True,4592,stock-minute cross-section,8,True,,0.0017421602787456446,0.22825217565322375,ALLOW,"registry, PIT, unit, route, maturity, control and access contracts passed",,False,ONE_SUPPORT_UNIT_ONE_VOTE
['development'],,True,9af28d8697fdda8e236f4d3e,uc_minute_static_2718_00001_control,CSRank($ret_1m),6959eaee48878ec89ed355cb201bf8a88ba5c1556aa6f0791128e8410fc144ec,,[],-0.1882166535318912,"['ret_1m', 'low']",False,,,720dfb300c42b781abeb4ecd779c8b101bb57ba0303276652e5ba46f565b3614,True,CSRank($ret_1m),"['low', 'ret_1m']",0,,cn_unified_registry_driven_generator_v1,True,True,,uc_minute_static_2718_00001,,False,bar_close,Arithmetic,['root:CSRank'],0,matched_control,0.0,-0.18741335464337233,"['cn.rep.a24282e2c82e94c62dab47348534b71d', 'cn.rep.92264a877f9fcf2b53483a2833631e12']",False,-0.1882166535318912,MINUTE_STATIC,2718,seed_b,"['cn.sf.155ca942c67e3b7985fdca8bf70262e2', 'cn.sf.7ac67c3e2be8e149c3c02a4842c21173']",,,True,4592,stock-minute cross-section,8,False,,0.0017421602787456446,0.3213195554075551,ALLOW,"registry, PIT, unit, route, maturity, control and access contracts passed",,False,CONTROL_NO_SEPARATE_VOTE
['development'],,True,971f85a5e8c9a43f29d127bc,uc_minute_static_2718_00002,"CSRank(Add(ZScore($low),ZScore($close)))",47812e5db4f08fde5ac8e55c21b62ee5d12650ed9b2f8bee0b12c7d62b988098,,[],-0.030568361784896927,"['low', 'close']",False,,,cf4eade6346a4824a333599c373955b334c07766572ab6d9a11dc74eb852d277,True,"CSRank(Add(ZScore($low),ZScore($close)))","['close', 'low']",0,,cn_unified_registry_driven_generator_v1,False,True,,uc_minute_static_2718_00002_control,-9.171759154395429e-05,False,bar_close,Arithmetic,"['root:CSRank', 'root.CSRank[0]:Add', 'root.CSRank[0].Add[0]:ZScore', 'root.CSRank[0].Add[1]:ZScore']",1,registry_root,0.375,-0.03051236275909336,"['cn.rep.f2107e4504bd106fcf3ccc678d1c96c8', 'cn.rep.a24282e2c82e94c62dab47348534b71d']",False,-0.030568361784896927,MINUTE_STATIC,2718,seed_b,"['cn.sf.d40f8f20500150cfff77216ced9c2922', 'cn.sf.155ca942c67e3b7985fdca8bf70262e2']",,,False,4592,stock-minute cross-section,8,False,,0.0017421602787456446,0.022399610321427052,ALLOW,"registry, PIT, unit, route, maturity, control and access contracts passed",,False,ONE_SUPPORT_UNIT_ONE_VOTE
['development'],,True,a6194c45e2ee8a14a54ab949,uc_minute_static_2718_00002_control,CSRank($low),7391868af44fac2b7f9ec64b175618b57f8ade1d524ffbdee2e4b87f973bb092,,[],-0.030476644193352973,"['low', 'close']",False,,,83ed560f3b6e90a82ca5c4d2619e25a3835410097c6b0c6c6fa23c6c1b1fc6d6,True,CSRank($low),"['close', 'low']",0,,cn_unified_registry_driven_generator_v1,True,True,,uc_minute_static_2718_00002,,False,bar_close,Arithmetic,['root:CSRank'],1,matched_control,0.375,-0.030420696190904248,"['cn.rep.f2107e4504bd106fcf3ccc678d1c96c8', 'cn.rep.a24282e2c82e94c62dab47348534b71d']",False,-0.030476644193352973,MINUTE_STATIC,2718,seed_b,"['cn.sf.d40f8f20500150cfff77216ced9c2922', 'cn.sf.155ca942c67e3b7985fdca8bf70262e2']",,,False,4592,stock-minute cross-section,8,False,,0.0017421602787456446,0.022379200979489897,ALLOW,"registry, PIT, unit, route, maturity, control and access contracts passed",,False,CONTROL_NO_SEPARATE_VOTE
['development'],,False,a4c9e9c91ec946da388abe57,uc_minute_static_2718_00003,"CSRank(Add(ZScore($close),ZScore($vwap)))",fa3827d554846992f43f4c6acd484f45885c1f0d4132dd16668b016ff4e2adac,,[],-0.03361300145097875,"['close', 'vwap']",False,,,4444aef3b1a5090913ba8a4075c8aa30b8d0dbfdb3441978ee3ab6f0fc05024b,True,"CSRank(Add(ZScore($close),ZScore($vwap)))","['close', 'vwap']",0,,cn_unified_registry_driven_generator_v1,False,True,,uc_minute_static_2718_00003_control,-0.0029230947700718164,False,bar_close,Arithmetic,"['root:CSRank', 'root.CSRank[0]:Add', 'root.CSRank[0].Add[0]:ZScore', 'root.CSRank[0].Add[1]:ZScore']",1,registry_root,0.375,-0.03355622667230147,"['cn.rep.f2107e4504bd106fcf3ccc678d1c96c8', 'cn.rep.83d251a9f86f7e4fec75b8902aaa881b']",False,-0.03361300145097875,MINUTE_STATIC,2718,seed_b,"['cn.sf.d40f8f20500150cfff77216ced9c2922', 'cn.sf.b4279506efdad23a752311a627c7060d']",,,False,4547,stock-minute cross-section,8,False,,0.0017594018033868484,0.02270991147091098,ALLOW,"registry, PIT, unit, route, maturity, control and access contracts passed",,False,ONE_SUPPORT_UNIT_ONE_VOTE
['development'],,False,949e7d5ff85fcdcb803425d3,uc_minute_static_2718_00003_control,CSRank($close),4fdf0bedb31a368709f0d8bd2e2c6f412df802b5ad354c6553a3ca9c2e5b44a9,,[],-0.030689906680906934,"['close', 'vwap']",False,,,1e6a853946ecc75d74c32dc56a671a9db51487c6b125a29454ea510cfc5a8fab,True,CSRank($close),"['close', 'vwap']",0,,cn_unified_registry_driven_generator_v1,True,True,,uc_minute_static_2718_00003,,False,bar_close,Arithmetic,['root:CSRank'],1,matched_control,0.375,-0.030633875337065814,"['cn.rep.f2107e4504bd106fcf3ccc678d1c96c8', 'cn.rep.83d251a9f86f7e4fec75b8902aaa881b']",False,-0.030689906680906934,MINUTE_STATIC,2718,seed_b,"['cn.sf.d40f8f20500150cfff77216ced9c2922', 'cn.sf.b4279506efdad23a752311a627c7060d']",,,False,4592,stock-minute cross-section,8,False,,0.0017421602787456446,0.022412537536447858,ALLOW,"registry, PIT, unit, route, maturity, control and access contracts passed",,False,CONTROL_NO_SEPARATE_VOTE
['development'],,False,f501b739a326f5db07f37e3a,uc_firstn_path_2729_00000,"CSRank(Add($m1_first5_bars,Sign(Delta($low,5))))",23039454659f88865357f7b520ce383a43f5394a207516ca0c98755129231f2b,,[],-0.08533365193570411,"['m1_first5_bars', 'low']",False,,,a4bce2a8ba91f44f1fb0f9bb45d2b51924d024d88e1f199523969ae89020ce8c,True,"CSRank(Add($m1_first5_bars,Sign(Delta($low,5))))","['low', 'm1_first5_bars']",0,,cn_unified_registry_driven_generator_v1,False,True,,uc_firstn_path_2729_00000_control,nan,False,firstN end timestamp,SignedPath,"['root:CSRank', 'root.CSRank[0]:Add', 'root.CSRank[0].Add[1]:Sign', 'root.CSRank[0].Add[1].Sign[0]:Delta']",0,registry_root,0.0,-0.08464220567949159,"['cn.rep.a24282e2c82e94c62dab47348534b71d', 'cn.rep.6430019d7f10df4561a082eeb8b39493']",False,-0.08533365193570411,FIRSTN_PATH,2729,seed_b,"['cn.sf.155ca942c67e3b7985fdca8bf70262e2', 'cn.sf.7e215312ca1aa88c3659c28846bdeb3a']",,,False,2296,stock-session after firstN maturity,4,False,,0.0017421602787456446,0.27657850248501104,ALLOW,"registry, PIT, unit, route, maturity, control and access contracts passed",,False,ONE_SUPPORT_UNIT_ONE_VOTE
['development'],,False,6258a12a9645a78f8ad0cbd1,uc_firstn_path_2729_00000_control,CSRank($m1_first5_bars),afa46e5dee7f8abf771c63a3d210b8b7d451c739d6d3125f6722c12105cf0874,,[],nan,"['m1_first5_bars', 'low']",False,,,b547f854d39f235b97c5c931ac171a4f5496609aedd38dc438f23f5881c1873d,True,CSRank($m1_first5_bars),"['low', 'm1_first5_bars']",0,,cn_unified_registry_driven_generator_v1,True,True,,uc_firstn_path_2729_00000,,False,firstN end timestamp,SignedPath,['root:CSRank'],0,matched_control,nan,nan,"['cn.rep.a24282e2c82e94c62dab47348534b71d', 'cn.rep.6430019d7f10df4561a082eeb8b39493']",False,nan,FIRSTN_PATH,2729,seed_b,"['cn.sf.155ca942c67e3b7985fdca8bf70262e2', 'cn.sf.7e215312ca1aa88c3659c28846bdeb3a']",,,False,2296,stock-session after firstN maturity,0,False,,0.0017421602787456446,1.2022864393002242e-05,ALLOW,"registry, PIT, unit, route, maturity, control and access contracts passed",,False,CONTROL_NO_SEPARATE_VOTE
['development'],,True,aa029e1ceb6785fd35d55384,uc_firstn_path_2729_00001,"CSRank(Add($m1_first30_amount,Sign(Delta($close,5))))",7493a36f7212b0b5a7bb06416b45ca04c494c80de101fab3fbc3af5ad2e032ca,,[],-0.012548184737090892,"['m1_first30_amount', 'close']",False,,,fcdc1cdf99eb3ca5c49c0218a6931d9fb481bb194b4675a01bf49a3733eaea2d,True,"CSRank(Add($m1_first30_amount,Sign(Delta($close,5))))","['close', 'm1_first30_amount']",0,,cn_unified_registry_driven_generator_v1,False,True,,uc_firstn_path_2729_00001_control,0.0,False,firstN end timestamp,SignedPath,"['root:CSRank', 'root.CSRank[0]:Add', 'root.CSRank[0].Add[1]:Sign', 'root.CSRank[0].Add[1].Sign[0]:Delta']",2,registry_root,0.5,-0.011994811062577281,"['cn.rep.f2107e4504bd106fcf3ccc678d1c96c8', 'cn.rep.28171c479cd31113e37c2fa2a2aa5622']",False,-0.012548184737090892,FIRSTN_PATH,2729,seed_b,"['cn.sf.d40f8f20500150cfff77216ced9c2922', 'cn.sf.4071b949aa0b606dea3d5affdf12b126']",,,True,2296,stock-session after firstN maturity,4,False,,0.0017421602787456446,0.22134946980544457,ALLOW,"registry, PIT, unit, route, maturity, control and access contracts passed",,False,ONE_SUPPORT_UNIT_ONE_VOTE
['development'],,True,aa029e1ceb6785fd35d55384,uc_firstn_path_2729_00001_control,CSRank($m1_first30_amount),baabb8ef5f63e3dd0f7c9f3cf2e2efbc7699f7e73e7fc208a0a3f7c1f8a087f3,,[],-0.012548184737090892,"['m1_first30_amount', 'close']",False,,,1ebfd5ad473e7485ec9b364c69683355ffdb37efd1eea824089ecaa16ba7a4af,True,CSRank($m1_first30_amount),"['close', 'm1_first30_amount']",0,,cn_unified_registry_driven_generator_v1,True,True,,uc_firstn_path_2729_00001,,False,firstN end timestamp,SignedPath,['root:CSRank'],2,matched_control,0.5,-0.011994811062577281,"['cn.rep.f2107e4504bd106fcf3ccc678d1c96c8', 'cn.rep.28171c479cd31113e37c2fa2a2aa5622']",False,-0.012548184737090892,FIRSTN_PATH,2729,seed_b,"['cn.sf.d40f8f20500150cfff77216ced9c2922', 'cn.sf.4071b949aa0b606dea3d5affdf12b126']",,,True,2296,stock-session after firstN maturity,4,False,,0.0017421602787456446,0.22134946980544457,ALLOW,"registry, PIT, unit, route, maturity, control and access contracts passed",,False,CONTROL_NO_SEPARATE_VOTE
['development'],,False,90c5b2f3f561fe8b58d36f46,uc_firstn_path_2729_00002,"CSRank(Add($m1_first5_vwap_return_vs_open,Sign(Delta($vwap,5))))",faeeacef46dfa2e06131bd89f0ca8e312343253e91108ce2dbbc6d320ae09c5d,,[],-0.029672882321490474,"['m1_first5_vwap_return_vs_open', 'vwap']",False,,,c827fcf53116d4dee561dd23e91d9954d5733f64c2f16bad2b234fbf09c5f34b,True,"CSRank(Add($m1_first5_vwap_return_vs_open,Sign(Delta($vwap,5))))","['m1_first5_vwap_return_vs_open', 'vwap']",0,,cn_unified_registry_driven_generator_v1,False,True,,uc_firstn_path_2729_00002_control,-0.048692879596537605,False,firstN end timestamp,SignedPath,"['root:CSRank', 'root.CSRank[0]:Add', 'root.CSRank[0].Add[1]:Sign', 'root.CSRank[0].Add[1].Sign[0]:Delta']",0,registry_root,0.25,-0.02886459226343386,"['cn.rep.2a8472e39931ef70e85e307bcb21e294', 'cn.rep.83d251a9f86f7e4fec75b8902aaa881b']",False,-0.029672882321490474,FIRSTN_PATH,2729,seed_b,"['cn.sf.a6915d593fccc76567eb995d05774efa', 'cn.sf.b4279506efdad23a752311a627c7060d']",,,False,2259,stock-session after firstN maturity,4,False,,0.0017706949977866313,0.32331602322264597,ALLOW,"registry, PIT, unit, route, maturity, control and access contracts passed",,False,ONE_SUPPORT_UNIT_ONE_VOTE
['development'],,False,9ef62f76b46b63a4da9234ba,uc_firstn_path_2729_00002_control,CSRank($m1_first5_vwap_return_vs_open),bde5dc1f8c6fc438adf061fd09130388cdae95c09e47bd35dd245c8d5d37a792,,[],0.01901999727504713,"['m1_first5_vwap_return_vs_open', 'vwap']",False,,,d8541e37c3138c1455e7a7de0f650cc6b7baa2b2b83aef98be4f4b3254e51b99,True,CSRank($m1_first5_vwap_return_vs_open),"['m1_first5_vwap_return_vs_open', 'vwap']",0,,cn_unified_registry_driven_generator_v1,True,True,,uc_firstn_path_2729_00002,,False,firstN end timestamp,SignedPath,['root:CSRank'],2,matched_control,0.75,0.019825956788855174,"['cn.rep.2a8472e39931ef70e85e307bcb21e294', 'cn.rep.83d251a9f86f7e4fec75b8902aaa881b']",False,0.01901999727504713,FIRSTN_PATH,2729,seed_b,"['cn.sf.a6915d593fccc76567eb995d05774efa', 'cn.sf.b4279506efdad23a752311a627c7060d']",,,False,2293,stock-session after firstN maturity,4,False,,0.0017444395987788923,0.32238380552321694,ALLOW,"registry, PIT, unit, route, maturity, control and access contracts passed",,False,CONTROL_NO_SEPARATE_VOTE
['development'],,True,29aca55220dc4d920e7396f2,uc_firstn_path_2729_00003,"CSRank(Add($m1_first30_vwap,Sign(Delta($pct_chg,5))))",e182461749e4e4d05b63ef7fa76ac91f9a54587546bca3b095a9a4c6d908b21f,,[],-0.010127523392084696,"['m1_first30_vwap', 'pct_chg']",False,,,30df7091ca669ffc208ca5616d519349e222b45aa626c264b8868ec2bad3ef95,True,"CSRank(Add($m1_first30_vwap,Sign(Delta($pct_chg,5))))","['m1_first30_vwap', 'pct_chg']",0,,cn_unified_registry_driven_generator_v1,False,True,,uc_firstn_path_2729_00003_control,-0.005714511381860693,False,firstN end timestamp,SignedPath,"['root:CSRank', 'root.CSRank[0]:Add', 'root.CSRank[0].Add[1]:Sign', 'root.CSRank[0].Add[1].Sign[0]:Delta']",1,registry_root,0.5,-0.009986372905391927,"['cn.rep.258b031a829ec66c0145434d0e3d4620', 'cn.rep.ff25d250e767d497a03a512194193e34']",False,-0.010127523392084696,FIRSTN_PATH,2729,seed_b,"['cn.sf.b0894f5a8439f3332cd5bfd1e3f2ca04', 'cn.sf.e175250817b067c80c690ce8e2ea6e72']",,,False,2293,stock-session after firstN maturity,4,False,,0.0017444395987788923,0.05646019467710784,ALLOW,"registry, PIT, unit, route, maturity, control and access contracts passed",,False,ONE_SUPPORT_UNIT_ONE_VOTE
['development'],,True,954dab9db64d5751b11f8178,uc_firstn_path_2729_00003_control,CSRank($m1_first30_vwap),d4430f9624b8c6bab147cb0c35f87a2f595c9613ee53e4f120a6bc1ff4fb044b,,[],-0.004413012010224003,"['m1_first30_vwap', 'pct_chg']",False,,,89540f984e0185965f90954d6e6455e207194f0f8ef15db895bd3a2bf02a563c,True,CSRank($m1_first30_vwap),"['m1_first30_vwap', 'pct_chg']",0,,cn_unified_registry_driven_generator_v1,True,True,,uc_firstn_path_2729_00003,,False,firstN end timestamp,SignedPath,['root:CSRank'],1,matched_control,0.5,-0.004290317778873472,"['cn.rep.258b031a829ec66c0145434d0e3d4620', 'cn.rep.ff25d250e767d497a03a512194193e34']",False,-0.004413012010224003,FIRSTN_PATH,2729,seed_b,"['cn.sf.b0894f5a8439f3332cd5bfd1e3f2ca04', 'cn.sf.e175250817b067c80c690ce8e2ea6e72']",,,False,2293,stock-session after firstN maturity,4,False,,0.0017444395987788923,0.04907769254021255,ALLOW,"registry, PIT, unit, route, maturity, control and access contracts passed",,False,CONTROL_NO_SEPARATE_VOTE
['development'],,True,,uc_slow_cross_sectional_level_2731_00000,CSRank($fund_liquidity_current_ratio),2e2ec3836b278c53701b4b7751a80bb66b1385c62279b7849535f18209a5167a,,[],nan,['fund_liquidity_current_ratio'],False,,,4843e1b4650023402622b02a03044c1eac769661f7cbb75230c596e6e6a99c8e,True,CSRank($fund_liquidity_current_ratio),['fund_liquidity_current_ratio'],0,,cn_unified_registry_driven_generator_v1,False,True,,uc_slow_cross_sectional_level_2731_00000_control,nan,False,latest PIT-observable version before session,CSRank,['root:CSRank'],0,registry_root,nan,nan,['cn.rep.0967ed394648d1e67d13dd7c2daef15d'],False,nan,SLOW_CROSS_SECTIONAL_LEVEL,2731,seed_b,['cn.sf.924d664bf492b3f85c7bbf23f21006ec'],,,True,0,stock-session cross-section,0,False,,1.0,nan,ALLOW,"registry, PIT, unit, route, maturity, control and access contracts passed",,False,ONE_SUPPORT_UNIT_ONE_VOTE
['development'],,True,,uc_slow_cross_sectional_level_2731_00000_control,CSRank(Sign($fund_liquidity_current_ratio)),ae40d28dc9e1537c52850d129fb2b93ca2d9613bb6e213d12847f247d32228e4,,[],nan,['fund_liquidity_current_ratio'],False,,,6b8aa524669cef2ef372f0658ff10abdb194baff1d02fbe457742b78fd82c03f,True,CSRank(Sign($fund_liquidity_current_ratio)),['fund_liquidity_current_ratio'],0,,cn_unified_registry_driven_generator_v1,True,True,,uc_slow_cross_sectional_level_2731_00000,,False,latest PIT-observable version before session,CSRank,"['root:CSRank', 'root.CSRank[0]:Sign']",0,matched_control,nan,nan,['cn.rep.0967ed394648d1e67d13dd7c2daef15d'],False,nan,SLOW_CROSS_SECTIONAL_LEVEL,2731,seed_b,['cn.sf.924d664bf492b3f85c7bbf23f21006ec'],,,True,0,stock-session cross-section,0,False,,1.0,nan,ALLOW,"registry, PIT, unit, route, maturity, control and access contracts passed",,False,CONTROL_NO_SEPARATE_VOTE
['development'],,True,35c289930a05af60728867eb,uc_slow_cross_sectional_level_2731_00001,CSRank($ctx_hfq_ps_ttm),b825f70560eff5d52642fb592cd25930f0e595987ca4751b0bf2b67a521a3e04,,[],-0.024192324313772374,['ctx_hfq_ps_ttm'],False,,,54f8ae4d5f93b09b3c0f958aac5ab1ab544937dffb083992e897f994ee3dc1cb,True,CSRank($ctx_hfq_ps_ttm),['ctx_hfq_ps_ttm'],0,,cn_unified_registry_driven_generator_v1,False,True,,uc_slow_cross_sectional_level_2731_00001_control,nan,False,latest PIT-observable version before session,CSRank,['root:CSRank'],1,registry_root,0.5,-0.024072509577806118,['cn.rep.20edbe38a22c72dc1a51c8152d740f77'],False,-0.024192324313772374,SLOW_CROSS_SECTIONAL_LEVEL,2731,seed_b,['cn.sf.30b1d0ad56bcaf789ae3ea7931ff825b'],,,False,2187,stock-session cross-section,4,False,,0.001828989483310471,0.04792589438650222,ALLOW,"registry, PIT, unit, route, maturity, control and access contracts passed",,False,ONE_SUPPORT_UNIT_ONE_VOTE
['development'],,True,69350d5cb8e95f18c10c5f6b,uc_slow_cross_sectional_level_2731_00001_control,CSRank(Sign($ctx_hfq_ps_ttm)),3a2419a67ec13518fc7f5df6692e899b286d798ec09c009c5b3b9453d58b659a,,[],nan,['ctx_hfq_ps_ttm'],False,,,a2bc9aadbdb1bc4478569e21a6950c9c88c6e6283d79824b53556eeee138303d,True,CSRank(Sign($ctx_hfq_ps_ttm)),['ctx_hfq_ps_ttm'],0,,cn_unified_registry_driven_generator_v1,True,True,,uc_slow_cross_sectional_level_2731_00001,,False,latest PIT-observable version before session,CSRank,"['root:CSRank', 'root.CSRank[0]:Sign']",0,matched_control,nan,nan,['cn.rep.20edbe38a22c72dc1a51c8152d740f77'],False,nan,SLOW_CROSS_SECTIONAL_LEVEL,2731,seed_b,['cn.sf.30b1d0ad56bcaf789ae3ea7931ff825b'],,,False,2187,stock-session cross-section,0,False,,0.001828989483310471,7.065848104664829e-05,ALLOW,"registry, PIT, unit, route, maturity, control and access contracts passed",,False,CONTROL_NO_SEPARATE_VOTE
['development'],,False,,uc_slow_cross_sectional_level_2731_00002,CSRank($fund_leverage_equity_assets),76aea45d80f7716bd9dd7e0226fd1ff19493dd0a581d2f177d2075333cfc46c5,,[],nan,['fund_leverage_equity_assets'],False,,,8279c7699ad55918b0bf09c5345d9e4e1ca735a91abeeab0d9572842ca98e15f,True,CSRank($fund_leverage_equity_assets),['fund_leverage_equity_assets'],0,,cn_unified_registry_driven_generator_v1,False,True,,uc_slow_cross_sectional_level_2731_00002_control,nan,False,latest PIT-observable version before session,CSRank,['root:CSRank'],0,registry_root,nan,nan,['cn.rep.be5e146fd9b4aa20fbc32cd53a8c1330'],False,nan,SLOW_CROSS_SECTIONAL_LEVEL,2731,seed_b,['cn.sf.0f0bfac4037c3ade1c551b83fd48478f'],,,False,0,stock-session cross-section,0,False,,1.0,nan,ALLOW,"registry, PIT, unit, route, maturity, control and access contracts passed",,False,ONE_SUPPORT_UNIT_ONE_VOTE
['development'],,False,,uc_slow_cross_sectional_level_2731_00002_control,CSRank(Sign($fund_leverage_equity_assets)),2a1082a6aedad0289ca5c5d08c2dd44f97afbab2de963457d6a1de8222bbb30b,,[],nan,['fund_leverage_equity_assets'],False,,,4ee215343df00ae90893144f751adbffc610d181c94cc788b17c6f700c155ffb,True,CSRank(Sign($fund_leverage_equity_assets)),['fund_leverage_equity_assets'],0,,cn_unified_registry_driven_generator_v1,True,True,,uc_slow_cross_sectional_level_2731_00002,,False,latest PIT-observable version before session,CSRank,"['root:CSRank', 'root.CSRank[0]:Sign']",0,matched_control,nan,nan,['cn.rep.be5e146fd9b4aa20fbc32cd53a8c1330'],False,nan,SLOW_CROSS_SECTIONAL_LEVEL,2731,seed_b,['cn.sf.0f0bfac4037c3ade1c551b83fd48478f'],,,False,0,stock-session cross-section,0,False,,1.0,nan,ALLOW,"registry, PIT, unit, route, maturity, control and access contracts passed",,False,CONTROL_NO_SEPARATE_VOTE
['development'],,False,5b4651675bc6d9c60264bdb6,uc_slow_cross_sectional_level_2731_00003,CSRank($ctx_hfq_market_cap_yuan),d944845ef584bb9fd96e4338ad466c5a9be319de5fd6e37821f8d09a613e91df,,[],-0.09166433062031322,['ctx_hfq_market_cap_yuan'],False,,,fb62f34f8c9aa71492c6d9df8a13096aa19bf6f565162ceb205af96756e49ab5,True,CSRank($ctx_hfq_market_cap_yuan),['ctx_hfq_market_cap_yuan'],0,,cn_unified_registry_driven_generator_v1,False,True,,uc_slow_cross_sectional_level_2731_00003_control,nan,False,latest PIT-observable version before session,CSRank,['root:CSRank'],1,registry_root,0.5,-0.09153961498731196,['cn.rep.e60216718b4fb4a1a2e37897e16860ff'],False,-0.09166433062031322,SLOW_CROSS_SECTIONAL_LEVEL,2731,seed_b,['cn.sf.9fc7a99ef38bd72d6d6caa20b65396f3'],,,False,2187,stock-session cross-section,4,False,,0.001828989483310471,0.049886253200504806,ALLOW,"registry, PIT, unit, route, maturity, control and access contracts passed",,False,ONE_SUPPORT_UNIT_ONE_VOTE
['development'],,False,69350d5cb8e95f18c10c5f6b,uc_slow_cross_sectional_level_2731_00003_control,CSRank(Sign($ctx_hfq_market_cap_yuan)),19e513e6dfed423d99ac7fb02ba348ae6e6b33549829e70cebcf040053603527,,[],nan,['ctx_hfq_market_cap_yuan'],False,,,31a13dbe8d0e1e09a69ce0088b8b09e460dfa243165fa85ce0132ca4c5aaf388,True,CSRank(Sign($ctx_hfq_market_cap_yuan)),['ctx_hfq_market_cap_yuan'],0,,cn_unified_registry_driven_generator_v1,True,True,,uc_slow_cross_sectional_level_2731_00003,,False,latest PIT-observable version before session,CSRank,"['root:CSRank', 'root.CSRank[0]:Sign']",0,matched_control,nan,nan,['cn.rep.e60216718b4fb4a1a2e37897e16860ff'],False,nan,SLOW_CROSS_SECTIONAL_LEVEL,2731,seed_b,['cn.sf.9fc7a99ef38bd72d6d6caa20b65396f3'],,,False,2187,stock-session cross-section,0,False,,0.001828989483310471,7.065848104664829e-05,ALLOW,"registry, PIT, unit, route, maturity, control and access contracts passed",,False,CONTROL_NO_SEPARATE_VOTE
['development'],,True,,uc_slow_temporal_change_2741_00000,CSRank($fund_ba_inventory_delta),07b6e41202f086e93eca2617a25d469d014bef390d9012eec1c89aeb5291d157,,[],nan,['fund_ba_inventory_delta'],False,,,4878f40ae6550c7226f2532b4e1efd40bff6eef37cd590d5c88447b3b60b5f24,True,CSRank($fund_ba_inventory_delta),['fund_ba_inventory_delta'],0,,cn_unified_registry_driven_generator_v1,False,True,,uc_slow_temporal_change_2741_00000_control,nan,False,both source versions observable before action time,Delta,['root:CSRank'],0,registry_root,nan,nan,['cn.rep.9c2035832d88dc6f3d33c3c962872931'],False,nan,SLOW_TEMPORAL_CHANGE,2741,seed_b,['cn.sf.b8125b47ca797d0c04fc5edc8d729586'],,,False,0,stock-disclosure or stock-session change episode,0,False,,1.0,nan,ALLOW,"registry, PIT, unit, route, maturity, control and access contracts passed",,False,ONE_SUPPORT_UNIT_ONE_VOTE
['development'],,True,,uc_slow_temporal_change_2741_00000_control,CSRank(Sign($fund_ba_inventory_delta)),c3465ef97bb3d6842a389cc036a23d5729071b348539eb09f40c72e4a34ccae1,,[],nan,['fund_ba_inventory_delta'],False,,,43953bd9f3adccd71629c411a7004178d7ac2e0c9d140a8449c4e0842f25c12d,True,CSRank(Sign($fund_ba_inventory_delta)),['fund_ba_inventory_delta'],0,,cn_unified_registry_driven_generator_v1,True,True,,uc_slow_temporal_change_2741_00000,,False,both source versions observable before action time,Delta,"['root:CSRank', 'root.CSRank[0]:Sign']",0,matched_control,nan,nan,['cn.rep.9c2035832d88dc6f3d33c3c962872931'],False,nan,SLOW_TEMPORAL_CHANGE,2741,seed_b,['cn.sf.b8125b47ca797d0c04fc5edc8d729586'],,,False,0,stock-disclosure or stock-session change episode,0,False,,1.0,nan,ALLOW,"registry, PIT, unit, route, maturity, control and access contracts passed",,False,CONTROL_NO_SEPARATE_VOTE
['development'],,False,8ae56e76aabd7c83b02d6f08,uc_slow_temporal_change_2741_00001,CSRank($ctx_rzrq_rzyezb),c346f1f2e7cdcc62e660d0f64ef00cf320511b7d00d15de15913cae7d9691dc4,,[],0.013037295364479737,['ctx_rzrq_rzyezb'],False,,,e73379dee62f6a2da6a477a9e1c4b370e44b8b67f65b8bf94ed9283fe77a6865,True,CSRank($ctx_rzrq_rzyezb),['ctx_rzrq_rzyezb'],0,,cn_unified_registry_driven_generator_v1,False,True,,uc_slow_temporal_change_2741_00001_control,nan,False,both source versions observable before action time,Delta,['root:CSRank'],1,registry_root,0.5,0.013305364260873559,['cn.rep.332f64d8262ab2abf6cdbbb90827f316'],False,0.013037295364479737,SLOW_TEMPORAL_CHANGE,2741,seed_b,['cn.sf.2cd13addabe837f7b86c6f302ca9d873'],,,False,1404,stock-disclosure or stock-session change episode,4,False,,0.002849002849002849,0.10722755855752887,ALLOW,"registry, PIT, unit, route, maturity, control and access contracts passed",,False,ONE_SUPPORT_UNIT_ONE_VOTE
['development'],,False,5b7f5d74f7fb75a316ef8f80,uc_slow_temporal_change_2741_00001_control,CSRank(Sign($ctx_rzrq_rzyezb)),bb99a09daead534ec8b44e806adfce1449f0101af7bb8e00425391f85f56e3b9,,[],nan,['ctx_rzrq_rzyezb'],False,,,b62fb1581e12ca5996444a314390082bd8692a87cada610cb080a7c2afd29f44,True,CSRank(Sign($ctx_rzrq_rzyezb)),['ctx_rzrq_rzyezb'],0,,cn_unified_registry_driven_generator_v1,True,True,,uc_slow_temporal_change_2741_00001,,False,both source versions observable before action time,Delta,"['root:CSRank', 'root.CSRank[0]:Sign']",0,matched_control,nan,nan,['cn.rep.332f64d8262ab2abf6cdbbb90827f316'],False,nan,SLOW_TEMPORAL_CHANGE,2741,seed_b,['cn.sf.2cd13addabe837f7b86c6f302ca9d873'],,,False,1404,stock-disclosure or stock-session change episode,0,False,,0.002849002849002849,0.00011680835238783275,ALLOW,"registry, PIT, unit, route, maturity, control and access contracts passed",,False,CONTROL_NO_SEPARATE_VOTE
['development'],,True,,uc_slow_temporal_change_2741_00002,CSRank($fund_ca_netcash_operate_persistence),a098bd768c1b4673321bf3a4eb3c05d9cb65092d4d3490f75098fe87420c427a,,[],nan,['fund_ca_netcash_operate_persistence'],False,,,35cb8554ce8a70887a8aae4514bd58cb7a56ab50e26558ce83389e2a65607ab2,True,CSRank($fund_ca_netcash_operate_persistence),['fund_ca_netcash_operate_persistence'],0,,cn_unified_registry_driven_generator_v1,False,True,,uc_slow_temporal_change_2741_00002_control,nan,False,both source versions observable before action time,Persistence,['root:CSRank'],0,registry_root,nan,nan,['cn.rep.d2b48b85c94b2f29b63ec4af3ae3eedf'],False,nan,SLOW_TEMPORAL_CHANGE,2741,seed_b,['cn.sf.9c00cdc912ddbe4532cd57fc68e1f64a'],,,True,0,stock-disclosure or stock-session change episode,0,False,,1.0,nan,ALLOW,"registry, PIT, unit, route, maturity, control and access contracts passed",,False,ONE_SUPPORT_UNIT_ONE_VOTE
['development'],,True,,uc_slow_temporal_change_2741_00002_control,CSRank(Sign($fund_ca_netcash_operate_persistence)),6a82402ecdbee42593ccb21c7ac3c003a7e59a41fbf03047cb27a34966798216,,[],nan,['fund_ca_netcash_operate_persistence'],False,,,f8d5310f5ce17804f0e6543b26c012309bb35ef6becf7e9dacc28d7148f51411,True,CSRank(Sign($fund_ca_netcash_operate_persistence)),['fund_ca_netcash_operate_persistence'],0,,cn_unified_registry_driven_generator_v1,True,True,,uc_slow_temporal_change_2741_00002,,False,both source versions observable before action time,Persistence,"['root:CSRank', 'root.CSRank[0]:Sign']",0,matched_control,nan,nan,['cn.rep.d2b48b85c94b2f29b63ec4af3ae3eedf'],False,nan,SLOW_TEMPORAL_CHANGE,2741,seed_b,['cn.sf.9c00cdc912ddbe4532cd57fc68e1f64a'],,,True,0,stock-disclosure or stock-session change episode,0,False,,1.0,nan,ALLOW,"registry, PIT, unit, route, maturity, control and access contracts passed",,False,CONTROL_NO_SEPARATE_VOTE
['development'],,False,,uc_slow_temporal_change_2741_00003,CSRank($fund_ca_construct_long_asset_source_yoy),cfa30439da4ad04596dd48d0b3e4ea3541ad96c381c478cc362fa52077ef95a9,,[],nan,['fund_ca_construct_long_asset_source_yoy'],False,,,e066b7a5c8a4f41d70503fb8d41011e91cd8307f63d39ae7e62a2adb3705e358,True,CSRank($fund_ca_construct_long_asset_source_yoy),['fund_ca_construct_long_asset_source_yoy'],0,,cn_unified_registry_driven_generator_v1,False,True,,uc_slow_temporal_change_2741_00003_control,nan,False,both source versions observable before action time,YoY,['root:CSRank'],0,registry_root,nan,nan,['cn.rep.f8caeaffd1a9b58a82437872b8cf650a'],False,nan,SLOW_TEMPORAL_CHANGE,2741,seed_b,['cn.sf.b4e3400210cfe32f21686b825b0e7c79'],,,False,0,stock-disclosure or stock-session change episode,0,False,,1.0,nan,ALLOW,"registry, PIT, unit, route, maturity, control and access contracts passed",,False,ONE_SUPPORT_UNIT_ONE_VOTE
['development'],,False,,uc_slow_temporal_change_2741_00003_control,CSRank(Sign($fund_ca_construct_long_asset_source_yoy)),ae6f35e46d0cfece0962c228212f442b1921c932ba32618f6e7cf3203c92d9ac,,[],nan,['fund_ca_construct_long_asset_source_yoy'],False,,,08001c84cb228b6f19185d8f72397bc98dbda84e730cecd4609fdcd073d10890,True,CSRank(Sign($fund_ca_construct_long_asset_source_yoy)),['fund_ca_construct_long_asset_source_yoy'],0,,cn_unified_registry_driven_generator_v1,True,True,,uc_slow_temporal_change_2741_00003,,False,both source versions observable before action time,YoY,"['root:CSRank', 'root.CSRank[0]:Sign']",0,matched_control,nan,nan,['cn.rep.f8caeaffd1a9b58a82437872b8cf650a'],False,nan,SLOW_TEMPORAL_CHANGE,2741,seed_b,['cn.sf.b4e3400210cfe32f21686b825b0e7c79'],,,False,0,stock-disclosure or stock-session change episode,0,False,,1.0,nan,ALLOW,"registry, PIT, unit, route, maturity, control and access contracts passed",,False,CONTROL_NO_SEPARATE_VOTE
['development'],,True,,uc_disclosure_event_2749_00000,"EventCount($fund_disclosure_holder_pulse,5)",0b1afea974c934e1f49ea505004c5161a06f9c8e405d650cff921c32ab61782b,,[],nan,['fund_disclosure_holder_pulse'],False,UNIQUE_DISCLOSURE_EPISODE,,d97f8216736e7a493e84bcc140a08534865c80897fd63b3a9c6c153f58f6d7c7,True,"EventCount($fund_disclosure_holder_pulse,5)",['fund_disclosure_holder_pulse'],0,,cn_unified_registry_driven_generator_v1,False,True,,uc_disclosure_event_2749_00000_control,nan,True,observable disclosure time plus registered action delay,EventCount,['root:EventCount'],0,registry_root,nan,nan,['cn.rep.9014032fdf4a54b3b31c964baa37e195'],False,nan,DISCLOSURE_EVENT,2749,seed_b,['cn.sf.c85042cbf88a455c9d57707708d9f212'],,,False,0,unique disclosure episode,0,False,,1.0,nan,ALLOW,"registry, PIT, unit, route, maturity, control and access contracts passed",,False,ONE_SUPPORT_UNIT_ONE_VOTE
['development'],,True,,uc_disclosure_event_2749_00000_control,TimeSince($fund_disclosure_holder_pulse),68e3e3b0e3648e9492a03c6aa3e8bc0a8a8a42eb2fb9f44368953f92ec95066e,,[],nan,['fund_disclosure_holder_pulse'],False,UNIQUE_DISCLOSURE_EPISODE,,27db309e1cfc09f3fe1411d87d51b2caf6c4c49324bbd07e18ae5af189e9ce12,True,TimeSince($fund_disclosure_holder_pulse),['fund_disclosure_holder_pulse'],0,,cn_unified_registry_driven_generator_v1,True,True,,uc_disclosure_event_2749_00000,,True,observable disclosure time plus registered action delay,TimeSince,['root:TimeSince'],0,matched_control,nan,nan,['cn.rep.9014032fdf4a54b3b31c964baa37e195'],False,nan,DISCLOSURE_EVENT,2749,seed_b,['cn.sf.c85042cbf88a455c9d57707708d9f212'],,,False,0,unique disclosure episode,0,False,,1.0,nan,ALLOW,"registry, PIT, unit, route, maturity, control and access contracts passed",,False,CONTROL_NO_SEPARATE_VOTE
['development'],,True,,uc_disclosure_event_2749_00001,"EventCount($fund_disclosure_profit_pulse,5)",c5d94d1a47fa3061f1092e33bf3301dca3bb74d655a25d76e0035f60423e0915,,[],nan,['fund_disclosure_profit_pulse'],False,UNIQUE_DISCLOSURE_EPISODE,,73be95d5e8f5fd9fe62aac16e65aae5ab9909057974a50d12f1e90b7d12b0088,True,"EventCount($fund_disclosure_profit_pulse,5)",['fund_disclosure_profit_pulse'],0,,cn_unified_registry_driven_generator_v1,False,True,,uc_disclosure_event_2749_00001_control,nan,True,observable disclosure time plus registered action delay,EventCount,['root:EventCount'],0,registry_root,nan,nan,['cn.rep.98737d4edbac05f63bcc5be5a14b7adc'],False,nan,DISCLOSURE_EVENT,2749,seed_b,['cn.sf.e38de6f9f8762c5948fa9062142f26f5'],,,True,0,unique disclosure episode,0,False,,1.0,nan,ALLOW,"registry, PIT, unit, route, maturity, control and access contracts passed",,False,ONE_SUPPORT_UNIT_ONE_VOTE
['development'],,True,,uc_disclosure_event_2749_00001_control,TimeSince($fund_disclosure_profit_pulse),ca501469a438a879baf25c1db9b215aceab3bece5f4d2605b69e2370ce7bef10,,[],nan,['fund_disclosure_profit_pulse'],False,UNIQUE_DISCLOSURE_EPISODE,,2798d65671351f63fd2781ecbef9874487b1b583fc432974e03f913a79a402f6,True,TimeSince($fund_disclosure_profit_pulse),['fund_disclosure_profit_pulse'],0,,cn_unified_registry_driven_generator_v1,True,True,,uc_disclosure_event_2749_00001,,True,observable disclosure time plus registered action delay,TimeSince,['root:TimeSince'],0,matched_control,nan,nan,['cn.rep.98737d4edbac05f63bcc5be5a14b7adc'],False,nan,DISCLOSURE_EVENT,2749,seed_b,['cn.sf.e38de6f9f8762c5948fa9062142f26f5'],,,True,0,unique disclosure episode,0,False,,1.0,nan,ALLOW,"registry, PIT, unit, route, maturity, control and access contracts passed",,False,CONTROL_NO_SEPARATE_VOTE
['development'],,True,,uc_disclosure_event_2749_00002,"EventCount($fund_disclosure_balance_pulse,5)",c25cea3641b4b7dc1cf1c5e559fdda8d76b1c334b38195aa57318945157d26c5,,[],nan,['fund_disclosure_balance_pulse'],False,UNIQUE_DISCLOSURE_EPISODE,,5453d67da6f76d72775b29b5c2d8c94877a9bc7f331bccaf5b725b4c43949d77,True,"EventCount($fund_disclosure_balance_pulse,5)",['fund_disclosure_balance_pulse'],0,,cn_unified_registry_driven_generator_v1,False,True,,uc_disclosure_event_2749_00002_control,nan,True,observable disclosure time plus registered action delay,EventCount,['root:EventCount'],0,registry_root,nan,nan,['cn.rep.d492f654855668bd8d928f7c52d9e376'],False,nan,DISCLOSURE_EVENT,2749,seed_b,['cn.sf.60d83a7afdd194b37a2c575c23983508'],,,True,0,unique disclosure episode,0,False,,1.0,nan,ALLOW,"registry, PIT, unit, route, maturity, control and access contracts passed",,False,ONE_SUPPORT_UNIT_ONE_VOTE
['development'],,True,,uc_disclosure_event_2749_00002_control,TimeSince($fund_disclosure_balance_pulse),1edb046c65e6f693ac4c8ad9f0cec2c0308742e0037df27419a4520584296112,,[],nan,['fund_disclosure_balance_pulse'],False,UNIQUE_DISCLOSURE_EPISODE,,9f8fbcb180648f037e80f765965790ae6ca25ae15f09a17ebe56b7d483d65554,True,TimeSince($fund_disclosure_balance_pulse),['fund_disclosure_balance_pulse'],0,,cn_unified_registry_driven_generator_v1,True,True,,uc_disclosure_event_2749_00002,,True,observable disclosure time plus registered action delay,TimeSince,['root:TimeSince'],0,matched_control,nan,nan,['cn.rep.d492f654855668bd8d928f7c52d9e376'],False,nan,DISCLOSURE_EVENT,2749,seed_b,['cn.sf.60d83a7afdd194b37a2c575c23983508'],,,True,0,unique disclosure episode,0,False,,1.0,nan,ALLOW,"registry, PIT, unit, route, maturity, control and access contracts passed",,False,CONTROL_NO_SEPARATE_VOTE
['development'],,True,,uc_disclosure_event_2749_00003,"EventCount($fund_disclosure_cashflow_pulse,5)",6b5e9ab88495833fc1b3aba2058ed62aa845385bce0d903b36a5046bda39a109,,[],nan,['fund_disclosure_cashflow_pulse'],False,UNIQUE_DISCLOSURE_EPISODE,,e775a14653c8cbde005d28e5d85fb4c0b0bcff14ad83b3babf0edf80bddd0da8,True,"EventCount($fund_disclosure_cashflow_pulse,5)",['fund_disclosure_cashflow_pulse'],0,,cn_unified_registry_driven_generator_v1,False,True,,uc_disclosure_event_2749_00003_control,nan,True,observable disclosure time plus registered action delay,EventCount,['root:EventCount'],0,registry_root,nan,nan,['cn.rep.6ff4ada7d3c1e936390a10e56a8a3494'],False,nan,DISCLOSURE_EVENT,2749,seed_b,['cn.sf.9c00cdc912ddbe4532cd57fc68e1f64a'],,,False,0,unique disclosure episode,0,False,,1.0,nan,ALLOW,"registry, PIT, unit, route, maturity, control and access contracts passed",,False,ONE_SUPPORT_UNIT_ONE_VOTE
['development'],,True,,uc_disclosure_event_2749_00003_control,TimeSince($fund_disclosure_cashflow_pulse),a663f7689f503bf3e0def0506b46ae78eef43c325690c2fe0f00971a557beb1e,,[],nan,['fund_disclosure_cashflow_pulse'],False,UNIQUE_DISCLOSURE_EPISODE,,c6c20402eb3d7112c7d85dcfe77c7f68719140254fc961891146684d4ab317f3,True,TimeSince($fund_disclosure_cashflow_pulse),['fund_disclosure_cashflow_pulse'],0,,cn_unified_registry_driven_generator_v1,True,True,,uc_disclosure_event_2749_00003,,True,observable disclosure time plus registered action delay,TimeSince,['root:TimeSince'],0,matched_control,nan,nan,['cn.rep.6ff4ada7d3c1e936390a10e56a8a3494'],False,nan,DISCLOSURE_EVENT,2749,seed_b,['cn.sf.9c00cdc912ddbe4532cd57fc68e1f64a'],,,False,0,unique disclosure episode,0,False,,1.0,nan,ALLOW,"registry, PIT, unit, route, maturity, control and access contracts passed",,False,CONTROL_NO_SEPARATE_VOTE
['development'],,True,9ff7bf5c938d2ddab07e3c14,uc_market_regime_condition_2753_00000,"CSRank(Mul(Sign($ctx_sent_damian_num),$high))",df8abd53d9feab3199306cffa1b3cdfa9a325068dca301ac4ceb4f0c686f2003,,['ctx_sent_damian_num'],0.050892566797483114,"['ctx_sent_damian_num', 'high']",True,,,7d27d546cbda555ea4209d68829d57a0e6c7d23fbd054ee7378ef824ad9703c3,True,"CSRank(Mul(Sign($ctx_sent_damian_num),$high))","['ctx_sent_damian_num', 'high']",0,,cn_unified_registry_driven_generator_v1,False,True,ONE_MARKET_BLOCK_ONE_VOTE,uc_market_regime_condition_2753_00000_control,0.08145651151082751,False,state observable at or before candidate action time,ConditionGate,"['root:CSRank', 'root.CSRank[0]:Mul', 'root.CSRank[0].Mul[0]:Sign']",1,registry_root,0.75,0.050999773309936255,"['cn.rep.4e000a15d1cb02fe83c51985adffab93', 'cn.rep.a163d3befca931633a6185b7eaf5c35b']",False,0.050892566797483114,MARKET_REGIME_CONDITION,2753,seed_b,"['cn.sf.b1d4766d72ccc295bf9a6cef38e0b6f0', 'cn.sf.e63e0162f9ee5a1cc0f4d7b09b578a5b']",,,True,4592,market-time block,4,True,,0.0017421602787456446,0.04288260498125686,ALLOW,"registry, PIT, unit, route, maturity, control and access contracts passed",,False,ONE_SUPPORT_UNIT_ONE_VOTE
['development'],,True,b5b0fbfa115adc13d204e12c,uc_market_regime_condition_2753_00000_control,CSRank($high),2b01640e31c4c02f20d5cf311b81fe75c212b95398a2e04675d186d432417fde,,['ctx_sent_damian_num'],-0.030563944713344404,"['ctx_sent_damian_num', 'high']",False,,,4579de1e65cbfc3aa2042a1bb149bc0bd042eff4cfdc0c63271c249c31aa0e57,True,CSRank($high),"['ctx_sent_damian_num', 'high']",0,,cn_unified_registry_driven_generator_v1,True,True,ONE_MARKET_BLOCK_ONE_VOTE,uc_market_regime_condition_2753_00000,,False,state observable at or before candidate action time,ConditionGate,['root:CSRank'],1,matched_control,0.375,-0.030507857224996954,"['cn.rep.4e000a15d1cb02fe83c51985adffab93', 'cn.rep.a163d3befca931633a6185b7eaf5c35b']",False,-0.030563944713344404,MARKET_REGIME_CONDITION,2753,seed_b,"['cn.sf.b1d4766d72ccc295bf9a6cef38e0b6f0', 'cn.sf.e63e0162f9ee5a1cc0f4d7b09b578a5b']",,,True,4592,market-time block,8,False,,0.0017421602787456446,0.022434995338980215,ALLOW,"registry, PIT, unit, route, maturity, control and access contracts passed",,False,CONTROL_NO_SEPARATE_VOTE
['development'],,False,a867b742d86b40b7fe4f4c79,uc_market_regime_condition_2753_00001,"CSRank(Mul(Sign($ctx_sent_ditian_num),$amount))",7cb9f6e38523b0f940a8dddac0bdbf0fc81040bed2b5bae3be6f92dacdd957d6,,['ctx_sent_ditian_num'],nan,"['ctx_sent_ditian_num', 'amount']",False,,,b50bfb1b64a699cbcde6d5b83a7b23a528933818adc048e2ec07b7e9a483b22b,True,"CSRank(Mul(Sign($ctx_sent_ditian_num),$amount))","['amount', 'ctx_sent_ditian_num']",0,,cn_unified_registry_driven_generator_v1,False,True,ONE_MARKET_BLOCK_ONE_VOTE,uc_market_regime_condition_2753_00001_control,nan,False,state observable at or before candidate action time,ConditionGate,"['root:CSRank', 'root.CSRank[0]:Mul', 'root.CSRank[0].Mul[0]:Sign']",0,registry_root,nan,nan,"['cn.rep.e1a6c7e4ed4d3bdd8b53a3bda3fa28d9', 'cn.rep.a28d51ecedfc0f8e3f58a254aa9921b5']",False,nan,MARKET_REGIME_CONDITION,2753,seed_b,"['cn.sf.621923f2d222470d1900a03583de5059', 'cn.sf.08d4245a02b3a7cfe8383f49cf76ba2a']",,,False,4592,market-time block,0,False,,0.0017421602787456446,5.062577795338815e-06,ALLOW,"registry, PIT, unit, route, maturity, control and access contracts passed",,False,ONE_SUPPORT_UNIT_ONE_VOTE
['development'],,False,02ea2f945a0f1ba426b1d0f6,uc_market_regime_condition_2753_00001_control,CSRank($amount),0aabbb19b2968aef1ceaf0946717ab1473d2fdd3a2525961b18caff18b033ba5,,['ctx_sent_ditian_num'],-0.032485735264113365,"['ctx_sent_ditian_num', 'amount']",False,,,3886eeb879d80b9406c20cabe899cffa7665fe206505fc8f216492754c8cc53d,True,CSRank($amount),"['amount', 'ctx_sent_ditian_num']",0,,cn_unified_registry_driven_generator_v1,True,True,ONE_MARKET_BLOCK_ONE_VOTE,uc_market_regime_condition_2753_00001,,False,state observable at or before candidate action time,ConditionGate,['root:CSRank'],1,matched_control,0.375,-0.03191087268016392,"['cn.rep.e1a6c7e4ed4d3bdd8b53a3bda3fa28d9', 'cn.rep.a28d51ecedfc0f8e3f58a254aa9921b5']",False,-0.032485735264113365,MARKET_REGIME_CONDITION,2753,seed_b,"['cn.sf.621923f2d222470d1900a03583de5059', 'cn.sf.08d4245a02b3a7cfe8383f49cf76ba2a']",,,False,4592,market-time block,8,False,,0.0017421602787456446,0.2299450335797796,ALLOW,"registry, PIT, unit, route, maturity, control and access contracts passed",,False,CONTROL_NO_SEPARATE_VOTE
['development'],,True,9af28d8697fdda8e236f4d3e,uc_market_regime_condition_2753_00002,"CSRank(Mul(Sign($ctx_sent_down_num),$ret_1m))",af970e40c13861d7b9200714f729e88cc54996771f27b68442e868459b93c1b0,,['ctx_sent_down_num'],-0.1882166535318912,"['ctx_sent_down_num', 'ret_1m']",False,,,0257283149b4f5ddc394876fb6a94c7157ad269db9a7a7e4944523491e2cecfc,True,"CSRank(Mul(Sign($ctx_sent_down_num),$ret_1m))","['ctx_sent_down_num', 'ret_1m']",0,,cn_unified_registry_driven_generator_v1,False,True,ONE_MARKET_BLOCK_ONE_VOTE,uc_market_regime_condition_2753_00002_control,0.0,False,state observable at or before candidate action time,ConditionGate,"['root:CSRank', 'root.CSRank[0]:Mul', 'root.CSRank[0].Mul[0]:Sign']",0,registry_root,0.0,-0.18741335464337233,"['cn.rep.8a0bb21faa00b2b5594cadfda67ee5b1', 'cn.rep.92264a877f9fcf2b53483a2833631e12']",False,-0.1882166535318912,MARKET_REGIME_CONDITION,2753,seed_b,"['cn.sf.c5050c71558a5b5cc88417b64e8fbc9e', 'cn.sf.7ac67c3e2be8e149c3c02a4842c21173']",,,False,4592,market-time block,8,False,,0.0017421602787456446,0.3213195554075551,ALLOW,"registry, PIT, unit, route, maturity, control and access contracts passed",,False,ONE_SUPPORT_UNIT_ONE_VOTE
['development'],,True,9af28d8697fdda8e236f4d3e,uc_market_regime_condition_2753_00002_control,CSRank($ret_1m),07e651794cc941cd548de2c94c37271cbf4070b039cc161cafaa534b22f218aa,,['ctx_sent_down_num'],-0.1882166535318912,"['ctx_sent_down_num', 'ret_1m']",False,,,8702ce16143c24a04df5845044aecd525907e9ff55742e5f465be70e230bb21d,True,CSRank($ret_1m),"['ctx_sent_down_num', 'ret_1m']",0,,cn_unified_registry_driven_generator_v1,True,True,ONE_MARKET_BLOCK_ONE_VOTE,uc_market_regime_condition_2753_00002,,False,state observable at or before candidate action time,ConditionGate,['root:CSRank'],0,matched_control,0.0,-0.18741335464337233,"['cn.rep.8a0bb21faa00b2b5594cadfda67ee5b1', 'cn.rep.92264a877f9fcf2b53483a2833631e12']",False,-0.1882166535318912,MARKET_REGIME_CONDITION,2753,seed_b,"['cn.sf.c5050c71558a5b5cc88417b64e8fbc9e', 'cn.sf.7ac67c3e2be8e149c3c02a4842c21173']",,,False,4592,market-time block,8,False,,0.0017421602787456446,0.3213195554075551,ALLOW,"registry, PIT, unit, route, maturity, control and access contracts passed",,False,CONTROL_NO_SEPARATE_VOTE
['development'],,False,a6194c45e2ee8a14a54ab949,uc_market_regime_condition_2753_00003,"CSRank(Mul(Sign($ctx_sent_downlimit_num),$low))",c8fcc3523dec9387fde46fcabed0071c64d5811465052ff06e9a558af02ba45b,,['ctx_sent_downlimit_num'],-0.030476644193352973,"['ctx_sent_downlimit_num', 'low']",False,,,dc65ec2567b9175165e22b2106cad9e2be5d02348399933c870d31fcab465a08,True,"CSRank(Mul(Sign($ctx_sent_downlimit_num),$low))","['ctx_sent_downlimit_num', 'low']",0,,cn_unified_registry_driven_generator_v1,False,True,ONE_MARKET_BLOCK_ONE_VOTE,uc_market_regime_condition_2753_00003_control,0.0,False,state observable at or before candidate action time,ConditionGate,"['root:CSRank', 'root.CSRank[0]:Mul', 'root.CSRank[0].Mul[0]:Sign']",1,registry_root,0.375,-0.030420696190904248,"['cn.rep.a69cbb2da9c7b48c93e003039a994157', 'cn.rep.a24282e2c82e94c62dab47348534b71d']",False,-0.030476644193352973,MARKET_REGIME_CONDITION,2753,seed_b,"['cn.sf.a8406cb748aac8ef4829267d277f193d', 'cn.sf.155ca942c67e3b7985fdca8bf70262e2']",,,False,4592,market-time block,8,False,,0.0017421602787456446,0.022379200979489897,ALLOW,"registry, PIT, unit, route, maturity, control and access contracts passed",,False,ONE_SUPPORT_UNIT_ONE_VOTE
['development'],,False,a6194c45e2ee8a14a54ab949,uc_market_regime_condition_2753_00003_control,CSRank($low),1414c98d907f79a76939229dc15a62b6a801f76a29f7aedc20c24bd7e4ed9779,,['ctx_sent_downlimit_num'],-0.030476644193352973,"['ctx_sent_downlimit_num', 'low']",False,,,0cd98a357908dd42e9917374ef69d4aedc4cf64371d4c62d15787b1b415d514f,True,CSRank($low),"['ctx_sent_downlimit_num', 'low']",0,,cn_unified_registry_driven_generator_v1,True,True,ONE_MARKET_BLOCK_ONE_VOTE,uc_market_regime_condition_2753_00003,,False,state observable at or before candidate action time,ConditionGate,['root:CSRank'],1,matched_control,0.375,-0.030420696190904248,"['cn.rep.a69cbb2da9c7b48c93e003039a994157', 'cn.rep.a24282e2c82e94c62dab47348534b71d']",False,-0.030476644193352973,MARKET_REGIME_CONDITION,2753,seed_b,"['cn.sf.a8406cb748aac8ef4829267d277f193d', 'cn.sf.155ca942c67e3b7985fdca8bf70262e2']",,,False,4592,market-time block,8,False,,0.0017421602787456446,0.022379200979489897,ALLOW,"registry, PIT, unit, route, maturity, control and access contracts passed",,False,CONTROL_NO_SEPARATE_VOTE
['development'],,True,b6f81a5fba1e287a92e268d5,uc_intraday_state_transition_2767_00000,"CSRank(Mul(Transition(Sign(Sub(Mul($close,2),Add($high,$low))),-1,1),Delta($ret_1m,5)))",de6e605673cf6cfb9f32c2f602aae56ffc49c208fdc2b4c61a5127065eb31ae6,state_close_range_location_sign,[],-0.058985066987209754,"['state_close_range_location_sign', 'ret_1m', 'close', 'high', 'low']",False,,,3ef4c6b4341fe75aa8e0e8973b2495a9f194a63c8a6f88fdeef6074862359ff0,True,"CSRank(Mul(Transition(Sign(Sub(Mul($close,2),Add($high,$low))),-1,1),Delta($ret_1m,5)))","['close', 'high', 'low', 'ret_1m', 'state_close_range_location_sign']",0,,cn_unified_registry_driven_generator_v1,False,True,,uc_intraday_state_transition_2767_00000_control,0.0,False,state transition observable from conservative bar evidence,Transition,"['root:CSRank', 'root.CSRank[0]:Mul', 'root.CSRank[0].Mul[0]:Transition', 'root.CSRank[0].Mul[0].Transition[0]:Sign', 'root.CSRank[0].Mul[0].Transition[0].Sign[0]:Sub', 'root.CSRank[0].Mul[0].Transition[0].Sign[0].Sub[0]:Mul', 'root.CSRank[0].Mul[0].Transition[0].Sign[0].Sub[1]:Add', 'root.CSRank[0].Mul[1]:Delta']",0,registry_root,0.375,-0.05817342670367559,"['cn.rep.f2107e4504bd106fcf3ccc678d1c96c8', 'cn.rep.a163d3befca931633a6185b7eaf5c35b', 'cn.rep.a24282e2c82e94c62dab47348534b71d', 'cn.rep.92264a877f9fcf2b53483a2833631e12', 'cn.rep.66223a3dbde32dbcb8a1a489c9ae1bb0']",False,-0.058985066987209754,INTRADAY_STATE_TRANSITION,2767,seed_b,"['cn.sf.d40f8f20500150cfff77216ced9c2922', 'cn.sf.e63e0162f9ee5a1cc0f4d7b09b578a5b', 'cn.sf.155ca942c67e3b7985fdca8bf70262e2', 'cn.sf.7ac67c3e2be8e149c3c02a4842c21173', 'cn.sf.d40f8f20500150cfff77216ced9c2922']","Sign(Sub(Mul($close,2),Add($high,$low)))",symbol-state episode,True,2283,stock-state episode,24,False,,0.0017520805957074025,0.32465611341366446,ALLOW,"registry, PIT, unit, route, maturity, control and access contracts passed",,False,ONE_SUPPORT_UNIT_ONE_VOTE
['development'],,True,b6f81a5fba1e287a92e268d5,uc_intraday_state_transition_2767_00000_control,"CSRank(Delta($ret_1m,5))",aa0252e31cdf6b20fede1d25de43dfd4c9db283cc01bde51ea9f6d4fc6970bb0,state_close_range_location_sign,[],-0.058985066987209754,"['state_close_range_location_sign', 'ret_1m', 'close', 'high', 'low']",False,,,7c190a8214f19b78e162e97fb146b8b932ad3f5af9f70a1c20a2422c61922b28,True,"CSRank(Delta($ret_1m,5))","['close', 'high', 'low', 'ret_1m', 'state_close_range_location_sign']",0,,cn_unified_registry_driven_generator_v1,True,True,,uc_intraday_state_transition_2767_00000,,False,state transition observable from conservative bar evidence,Transition,"['root:CSRank', 'root.CSRank[0]:Delta']",0,matched_control,0.375,-0.05817342670367559,"['cn.rep.f2107e4504bd106fcf3ccc678d1c96c8', 'cn.rep.a163d3befca931633a6185b7eaf5c35b', 'cn.rep.a24282e2c82e94c62dab47348534b71d', 'cn.rep.92264a877f9fcf2b53483a2833631e12', 'cn.rep.66223a3dbde32dbcb8a1a489c9ae1bb0']",False,-0.058985066987209754,INTRADAY_STATE_TRANSITION,2767,seed_b,"['cn.sf.d40f8f20500150cfff77216ced9c2922', 'cn.sf.e63e0162f9ee5a1cc0f4d7b09b578a5b', 'cn.sf.155ca942c67e3b7985fdca8bf70262e2', 'cn.sf.7ac67c3e2be8e149c3c02a4842c21173', 'cn.sf.d40f8f20500150cfff77216ced9c2922']","Sign(Sub(Mul($close,2),Add($high,$low)))",symbol-state episode,True,2283,stock-state episode,24,False,,0.0017520805957074025,0.32465611341366446,ALLOW,"registry, PIT, unit, route, maturity, control and access contracts passed",,False,CONTROL_NO_SEPARATE_VOTE
['development'],,True,bd73bb21308478b99807d116,uc_intraday_state_transition_2767_00001,"CSRank(Mul(Transition(Sign($intraday_ret_from_open),-1,1),Delta($low,5)))",fb8960631ac53cf06a0c0c367edb5e88e42a639dcbbadeecef69e44ae96233b1,state_intraday_return_sign,[],-0.03231567244314288,"['state_intraday_return_sign', 'low', 'intraday_ret_from_open']",False,,,9470d5fbcc788812cdee854331b5acd85036517712ccfa46f8095630b8e0c878,True,"CSRank(Mul(Transition(Sign($intraday_ret_from_open),-1,1),Delta($low,5)))","['intraday_ret_from_open', 'low', 'state_intraday_return_sign']",0,,cn_unified_registry_driven_generator_v1,False,True,,uc_intraday_state_transition_2767_00001_control,0.0,False,state transition observable from conservative bar evidence,Transition,"['root:CSRank', 'root.CSRank[0]:Mul', 'root.CSRank[0].Mul[0]:Transition', 'root.CSRank[0].Mul[0].Transition[0]:Sign', 'root.CSRank[0].Mul[1]:Delta']",2,registry_root,0.4,-0.03137513443866787,"['cn.rep.e96fb2c9f0d9da680687323d1fe0f6ae', 'cn.rep.a24282e2c82e94c62dab47348534b71d', 'cn.rep.6a8433736b97fb018bf96165ffe34a83']",False,-0.03231567244314288,INTRADAY_STATE_TRANSITION,2767,seed_b,"['cn.sf.55ec8d1cbad581839da568b8db129b18', 'cn.sf.155ca942c67e3b7985fdca8bf70262e2', 'cn.sf.55ec8d1cbad581839da568b8db129b18']",Sign($intraday_ret_from_open),symbol-state episode,False,1016,stock-state episode,5,False,,0.003937007874015748,0.37621520179000273,ALLOW,"registry, PIT, unit, route, maturity, control and access contracts passed",,False,ONE_SUPPORT_UNIT_ONE_VOTE
['development'],,True,bd73bb21308478b99807d116,uc_intraday_state_transition_2767_00001_control,"CSRank(Delta($low,5))",fbbce5b035cefe2da771b8b5dc4b909efd5385b2b41a8ca5f4e145b90885a6bc,state_intraday_return_sign,[],-0.03231567244314288,"['state_intraday_return_sign', 'low', 'intraday_ret_from_open']",False,,,9047e9c5b2925698143243a144da1def8b7d2976fa43e3d0f10989a03a8f49ee,True,"CSRank(Delta($low,5))","['intraday_ret_from_open', 'low', 'state_intraday_return_sign']",0,,cn_unified_registry_driven_generator_v1,True,True,,uc_intraday_state_transition_2767_00001,,False,state transition observable from conservative bar evidence,Transition,"['root:CSRank', 'root.CSRank[0]:Delta']",2,matched_control,0.4,-0.03137513443866787,"['cn.rep.e96fb2c9f0d9da680687323d1fe0f6ae', 'cn.rep.a24282e2c82e94c62dab47348534b71d', 'cn.rep.6a8433736b97fb018bf96165ffe34a83']",False,-0.03231567244314288,INTRADAY_STATE_TRANSITION,2767,seed_b,"['cn.sf.55ec8d1cbad581839da568b8db129b18', 'cn.sf.155ca942c67e3b7985fdca8bf70262e2', 'cn.sf.55ec8d1cbad581839da568b8db129b18']",Sign($intraday_ret_from_open),symbol-state episode,False,1016,stock-state episode,5,False,,0.003937007874015748,0.37621520179000273,ALLOW,"registry, PIT, unit, route, maturity, control and access contracts passed",,False,CONTROL_NO_SEPARATE_VOTE
['development'],,False,351e11c73ad8797eddac2d07,uc_intraday_state_transition_2767_00002,"CSRank(Mul(Transition(Sign($ret_1m),-1,1),Delta($close,5)))",7e2517040fe31e49da0d041f406765b94aa1b84a1ae6a7c9bcf72aff1869682c,state_bar_return_sign,[],-0.005452525242624121,"['state_bar_return_sign', 'close', 'ret_1m']",False,,,efa95d8e38a5907667ca8ccc6a49ad378e8ece1c4ad56c23a0cad503cad4ff2f,True,"CSRank(Mul(Transition(Sign($ret_1m),-1,1),Delta($close,5)))","['close', 'ret_1m', 'state_bar_return_sign']",0,,cn_unified_registry_driven_generator_v1,False,True,,uc_intraday_state_transition_2767_00002_control,0.0,False,state transition observable from conservative bar evidence,Transition,"['root:CSRank', 'root.CSRank[0]:Mul', 'root.CSRank[0].Mul[0]:Transition', 'root.CSRank[0].Mul[0].Transition[0]:Sign', 'root.CSRank[0].Mul[1]:Delta']",1,registry_root,0.4074074074074074,-0.004599563211887399,"['cn.rep.f2107e4504bd106fcf3ccc678d1c96c8', 'cn.rep.92264a877f9fcf2b53483a2833631e12', 'cn.rep.dfd0a1200ee1fb031cbc1045300a8e3f']",False,-0.005452525242624121,INTRADAY_STATE_TRANSITION,2767,seed_b,"['cn.sf.d40f8f20500150cfff77216ced9c2922', 'cn.sf.7ac67c3e2be8e149c3c02a4842c21173', 'cn.sf.7ac67c3e2be8e149c3c02a4842c21173']",Sign($ret_1m),symbol-state episode,False,2285,stock-state episode,27,False,,0.00175054704595186,0.3411848122946888,ALLOW,"registry, PIT, unit, route, maturity, control and access contracts passed",,False,ONE_SUPPORT_UNIT_ONE_VOTE
['development'],,False,351e11c73ad8797eddac2d07,uc_intraday_state_transition_2767_00002_control,"CSRank(Delta($close,5))",cbd7a595665283de5fc4e3c9369021cdbb5615da6c826abdc6207508e6094514,state_bar_return_sign,[],-0.005452525242624121,"['state_bar_return_sign', 'close', 'ret_1m']",False,,,654be0d8f9297555eabee415bdd394f5c8cbe99c98e1e1a5c2263d7d7c520223,True,"CSRank(Delta($close,5))","['close', 'ret_1m', 'state_bar_return_sign']",0,,cn_unified_registry_driven_generator_v1,True,True,,uc_intraday_state_transition_2767_00002,,False,state transition observable from conservative bar evidence,Transition,"['root:CSRank', 'root.CSRank[0]:Delta']",1,matched_control,0.4074074074074074,-0.004599563211887399,"['cn.rep.f2107e4504bd106fcf3ccc678d1c96c8', 'cn.rep.92264a877f9fcf2b53483a2833631e12', 'cn.rep.dfd0a1200ee1fb031cbc1045300a8e3f']",False,-0.005452525242624121,INTRADAY_STATE_TRANSITION,2767,seed_b,"['cn.sf.d40f8f20500150cfff77216ced9c2922', 'cn.sf.7ac67c3e2be8e149c3c02a4842c21173', 'cn.sf.7ac67c3e2be8e149c3c02a4842c21173']",Sign($ret_1m),symbol-state episode,False,2285,stock-state episode,27,False,,0.00175054704595186,0.3411848122946888,ALLOW,"registry, PIT, unit, route, maturity, control and access contracts passed",,False,CONTROL_NO_SEPARATE_VOTE
['development'],0,True,2067dd589464a90a2a1ca42a,uc_broad_event_frozen_entry_2777_00000,FrozenMechanismReplay($broad_event_b22d9565d0b39241),6c0d586aec62d02b50306d47fc5ac9c7ee532d6b101ea328502fab968b62866b,,[],-0.0011060248702672,['broad_event_b22d9565d0b39241'],False,,,30e52c3fddf9e9082cef7c268c05796113ca5a70d4ccad72329962e8e6b25393,True,FrozenMechanismReplay($broad_event_b22d9565d0b39241),['broad_event_b22d9565d0b39241'],0,b22d9565d0b39241,cn_unified_registry_driven_generator_v1,False,True,,uc_broad_event_frozen_entry_2777_00000_control,-0.0012910327798424,True,per semantic registry and frozen entry pack,FrozenMechanismReplay,['root:FrozenMechanismReplay'],1,registry_root,nan,-0.0011060248702672,['cn.rep.73d58522a7f1228c6dbe4cdc799813b9'],False,-0.0011060248702672,BROAD_EVENT_FROZEN_ENTRY,2777,seed_b,['cn.sf.16770ae20629139dfe4db0f44729f34c'],,,True,2159,frozen event episode,2159,False,False,0.0263766774641369,nan,ALLOW,"registry, PIT, unit, route, maturity, control and access contracts passed",,False,ONE_SUPPORT_UNIT_ONE_VOTE
['development'],0,True,77e5b3ea5e587d997b964a6a,uc_broad_event_frozen_entry_2777_00000_control,MatchedControlReplay($broad_event_b22d9565d0b39241),f755bd07debf898a6318a21066d7009d2f1553c5ca3b71f67a11d941cc389438,,[],0.0001850079095752,['broad_event_b22d9565d0b39241'],False,,,a1c721a81702a38f6dc0f0ce213baf66ab0509c2b2a83d9b3e4049d6576c0d31,True,MatchedControlReplay($broad_event_b22d9565d0b39241),['broad_event_b22d9565d0b39241'],0,b22d9565d0b39241,cn_unified_registry_driven_generator_v1,True,True,,uc_broad_event_frozen_entry_2777_00000,,True,per semantic registry and frozen entry pack,MatchedControlReplay,['root:MatchedControlReplay'],1,matched_control,nan,0.0001850079095752,['cn.rep.73d58522a7f1228c6dbe4cdc799813b9'],False,0.0001850079095752,BROAD_EVENT_FROZEN_ENTRY,2777,seed_b,['cn.sf.16770ae20629139dfe4db0f44729f34c'],,,True,2159,frozen event episode,2159,False,False,0.0263766774641369,nan,ALLOW,"registry, PIT, unit, route, maturity, control and access contracts passed",,False,CONTROL_NO_SEPARATE_VOTE
['development'],0,True,020c095e719f73602e324a73,uc_broad_event_frozen_entry_2777_00001,FrozenMechanismReplay($broad_event_9041949344c58bcf),caa18e07f79754694eb0567b9d6b3ce3ad149eb03bb3ea7f3bc07ba7bd92cbbe,,[],0.0005026657491428,['broad_event_9041949344c58bcf'],True,,,18315847ff461fb39e060f6cfe4e029a63b5831f511be74fb451997cbdc35f05,True,FrozenMechanismReplay($broad_event_9041949344c58bcf),['broad_event_9041949344c58bcf'],0,9041949344c58bcf,cn_unified_registry_driven_generator_v1,False,True,,uc_broad_event_frozen_entry_2777_00001_control,0.0002956078383261,True,per semantic registry and frozen entry pack,FrozenMechanismReplay,['root:FrozenMechanismReplay'],4,registry_root,nan,0.0005026657491428,['cn.rep.78e38707e69fd32e5b800c2831414f7e'],False,0.0005026657491428,BROAD_EVENT_FROZEN_ENTRY,2777,seed_b,['cn.sf.6cdeac980794379dc3a91fb83cdf28cb'],,,True,7187,frozen event episode,7187,True,False,0.0062613051342702,nan,ALLOW,"registry, PIT, unit, route, maturity, control and access contracts passed",,False,ONE_SUPPORT_UNIT_ONE_VOTE
['development'],0,True,b4f5caa3685419b7192d9b8e,uc_broad_event_frozen_entry_2777_00001_control,MatchedControlReplay($broad_event_9041949344c58bcf),673ac05e11feb8a08bce06bef62318798ee3985f32a32c3a0b80a178609bf9df,,[],0.0002070579108167,['broad_event_9041949344c58bcf'],False,,,489cf506ece2c2e817bcc8ee1609f5bc1a932a458328fdaf1568582af4cbe51d,True,MatchedControlReplay($broad_event_9041949344c58bcf),['broad_event_9041949344c58bcf'],0,9041949344c58bcf,cn_unified_registry_driven_generator_v1,True,True,,uc_broad_event_frozen_entry_2777_00001,,True,per semantic registry and frozen entry pack,MatchedControlReplay,['root:MatchedControlReplay'],4,matched_control,nan,0.0002070579108167,['cn.rep.78e38707e69fd32e5b800c2831414f7e'],False,0.0002070579108167,BROAD_EVENT_FROZEN_ENTRY,2777,seed_b,['cn.sf.6cdeac980794379dc3a91fb83cdf28cb'],,,True,7187,frozen event episode,7187,False,False,0.0062613051342702,nan,ALLOW,"registry, PIT, unit, route, maturity, control and access contracts passed",,False,CONTROL_NO_SEPARATE_VOTE
['development'],0,True,c12a30103ade0e941a7a34aa,uc_broad_event_frozen_entry_2777_00002,FrozenMechanismReplay($broad_event_4fbf6cc691461c6c),c86f7244b8a807df1fa92f613171f3abeefa286f067ad0028c058ed3f142ba36,,['broad_event_4fbf6cc691461c6c'],0.0084017254122385,['broad_event_4fbf6cc691461c6c'],True,,,79fb36589ffcf34e7d91e9f37591e39e0521b72c29e8c145b7d570cd3c610926,True,FrozenMechanismReplay($broad_event_4fbf6cc691461c6c),['broad_event_4fbf6cc691461c6c'],0,4fbf6cc691461c6c,cn_unified_registry_driven_generator_v1,False,True,,uc_broad_event_frozen_entry_2777_00002_control,0.007347941918130601,True,per semantic registry and frozen entry pack,FrozenMechanismReplay,['root:FrozenMechanismReplay'],3,registry_root,nan,0.0084017254122385,['cn.rep.39f3f18a93a8f4ffab90eb2b2dd98c07'],False,0.0084017254122385,BROAD_EVENT_FROZEN_ENTRY,2777,seed_b,['cn.sf.ea671da5308f41050d709f1fd50c5048'],,,True,362,frozen event episode,362,True,False,0.0,nan,ALLOW,"registry, PIT, unit, route, maturity, control and access contracts passed",,False,ONE_SUPPORT_UNIT_ONE_VOTE
['development'],0,True,d83caa19e52d5a3705182567,uc_broad_event_frozen_entry_2777_00002_control,MatchedControlReplay($broad_event_4fbf6cc691461c6c),626d12c36e3a8cca37572fe7fbe2b9a4f4a38a78dd66515d0f6709ae2c6326c5,,['broad_event_4fbf6cc691461c6c'],0.0010537834941079,['broad_event_4fbf6cc691461c6c'],False,,,16b80156bebcff1f92c515da1db399ade36e668235c297bff954e698d0cc3ae4,True,MatchedControlReplay($broad_event_4fbf6cc691461c6c),['broad_event_4fbf6cc691461c6c'],0,4fbf6cc691461c6c,cn_unified_registry_driven_generator_v1,True,True,,uc_broad_event_frozen_entry_2777_00002,,True,per semantic registry and frozen entry pack,MatchedControlReplay,['root:MatchedControlReplay'],3,matched_control,nan,0.0010537834941079,['cn.rep.39f3f18a93a8f4ffab90eb2b2dd98c07'],False,0.0010537834941079,BROAD_EVENT_FROZEN_ENTRY,2777,seed_b,['cn.sf.ea671da5308f41050d709f1fd50c5048'],,,True,362,frozen event episode,362,False,False,0.0,nan,ALLOW,"registry, PIT, unit, route, maturity, control and access contracts passed",,False,CONTROL_NO_SEPARATE_VOTE
['development'],0,True,c12a30103ade0e941a7a34aa,uc_broad_event_frozen_entry_2777_00003,FrozenMechanismReplay($broad_event_d42c0973350238e0),6c6899a86e089afe3f554edb32d68ba2b40be6dd1be8422d8f460c25c37abc22,,['broad_event_d42c0973350238e0'],0.0113426482739251,['broad_event_d42c0973350238e0'],True,,,e7c739d9b6b144a248cf7b035b213ede29971e5ca18ee3ecc6564292145ff74a,True,FrozenMechanismReplay($broad_event_d42c0973350238e0),['broad_event_d42c0973350238e0'],0,d42c0973350238e0,cn_unified_registry_driven_generator_v1,False,True,,uc_broad_event_frozen_entry_2777_00003_control,0.008974195301844401,True,per semantic registry and frozen entry pack,FrozenMechanismReplay,['root:FrozenMechanismReplay'],3,registry_root,nan,0.0113426482739251,['cn.rep.ef37af1a3001febf5b37ed129424c3f9'],False,0.0113426482739251,BROAD_EVENT_FROZEN_ENTRY,2777,seed_b,['cn.sf.ea671da5308f41050d709f1fd50c5048'],,,True,362,frozen event episode,362,True,False,0.0,nan,ALLOW,"registry, PIT, unit, route, maturity, control and access contracts passed",,False,ONE_SUPPORT_UNIT_ONE_VOTE
['development'],0,True,17e4c4139c3b870a755739fe,uc_broad_event_frozen_entry_2777_00003_control,MatchedControlReplay($broad_event_d42c0973350238e0),3cceb3a6f9582deb66a69524b5fc1b443ab816e4cb501dbce426b93e061fd26f,,['broad_event_d42c0973350238e0'],0.0023684529720807,['broad_event_d42c0973350238e0'],False,,,728107e9204230074dd84ce903ad6e0d342ab128d6994470949b03c131e10e0c,True,MatchedControlReplay($broad_event_d42c0973350238e0),['broad_event_d42c0973350238e0'],0,d42c0973350238e0,cn_unified_registry_driven_generator_v1,True,True,,uc_broad_event_frozen_entry_2777_00003,,True,per semantic registry and frozen entry pack,MatchedControlReplay,['root:MatchedControlReplay'],3,matched_control,nan,0.0023684529720807,['cn.rep.ef37af1a3001febf5b37ed129424c3f9'],False,0.0023684529720807,BROAD_EVENT_FROZEN_ENTRY,2777,seed_b,['cn.sf.ea671da5308f41050d709f1fd50c5048'],,,True,362,frozen event episode,362,False,False,0.0,nan,ALLOW,"registry, PIT, unit, route, maturity, control and access contracts passed",,False,CONTROL_NO_SEPARATE_VOTE
['development'],0,True,3fbfdd5f705ad4350bd8647a,uc_broad_event_frozen_entry_2777_00004,FrozenMechanismReplay($broad_event_ac96e6d4db507a1a),31eaa36844f2f67acf2b04c407dc3d7ae7aa127a2165494ff760166b3ebd9d70,,['broad_event_ac96e6d4db507a1a'],0.0006820602328041,['broad_event_ac96e6d4db507a1a'],True,,,437b6c4ddeddcb208ecfffae6cd4f6cd743575cdb10f77c4eb079cb5b8fa45f4,True,FrozenMechanismReplay($broad_event_ac96e6d4db507a1a),['broad_event_ac96e6d4db507a1a'],0,ac96e6d4db507a1a,cn_unified_registry_driven_generator_v1,False,True,,uc_broad_event_frozen_entry_2777_00004_control,0.0001560488931858999,True,per semantic registry and frozen entry pack,FrozenMechanismReplay,['root:FrozenMechanismReplay'],2,registry_root,nan,0.0006820602328041,['cn.rep.11dc87cb6ed440e2562de8021432100c'],False,0.0006820602328041,BROAD_EVENT_FROZEN_ENTRY,2777,seed_b,['cn.sf.ea671da5308f41050d709f1fd50c5048'],,,True,362,frozen event episode,362,True,False,0.0,nan,ALLOW,"registry, PIT, unit, route, maturity, control and access contracts passed",,False,ONE_SUPPORT_UNIT_ONE_VOTE
['development'],0,True,448c9065e598a159b5dd7218,uc_broad_event_frozen_entry_2777_00004_control,MatchedControlReplay($broad_event_ac96e6d4db507a1a),53edb17d6af92a16a85227bb81222fdf3dfa12acb0dc012a79956fdd78e54036,,['broad_event_ac96e6d4db507a1a'],0.0005260113396182,['broad_event_ac96e6d4db507a1a'],False,,,fd715fdc488ddced540fa017d13ee56178c201578971a00393395eb72214080f,True,MatchedControlReplay($broad_event_ac96e6d4db507a1a),['broad_event_ac96e6d4db507a1a'],0,ac96e6d4db507a1a,cn_unified_registry_driven_generator_v1,True,True,,uc_broad_event_frozen_entry_2777_00004,,True,per semantic registry and frozen entry pack,MatchedControlReplay,['root:MatchedControlReplay'],2,matched_control,nan,0.0005260113396182,['cn.rep.11dc87cb6ed440e2562de8021432100c'],False,0.0005260113396182,BROAD_EVENT_FROZEN_ENTRY,2777,seed_b,['cn.sf.ea671da5308f41050d709f1fd50c5048'],,,True,362,frozen event episode,362,False,False,0.0,nan,ALLOW,"registry, PIT, unit, route, maturity, control and access contracts passed",,False,CONTROL_NO_SEPARATE_VOTE
['development'],0,True,9b22a15d035828599543c9d1,uc_broad_event_frozen_entry_2777_00005,FrozenMechanismReplay($broad_event_8a64cdfefa6bcc35),cc30e06c4ec66833f954389c91e46ec967b867cc3395686ee2514802c04c7254,,[],1.3883352384830895e-05,['broad_event_8a64cdfefa6bcc35'],True,,,5cfc4c6c5515b6c95d88e67c8ed35a39168e6e9c41e5131c288c8f3a33abdcfa,True,FrozenMechanismReplay($broad_event_8a64cdfefa6bcc35),['broad_event_8a64cdfefa6bcc35'],0,8a64cdfefa6bcc35,cn_unified_registry_driven_generator_v1,False,True,,uc_broad_event_frozen_entry_2777_00005_control,8.716322759680286e-06,True,per semantic registry and frozen entry pack,FrozenMechanismReplay,['root:FrozenMechanismReplay'],4,registry_root,nan,1.3883352384830895e-05,['cn.rep.545bd828644e2175ea379183c7aad0da'],False,1.3883352384830895e-05,BROAD_EVENT_FROZEN_ENTRY,2777,seed_b,['cn.sf.b0d5e75cf02a2e8f77fb0ddbec90b98c'],,,True,437937,frozen event episode,437937,True,False,0.0005366031876512,nan,ALLOW,"registry, PIT, unit, route, maturity, control and access contracts passed",,False,ONE_SUPPORT_UNIT_ONE_VOTE
['development'],0,True,20db54d819c47ee7c5ac4457,uc_broad_event_frozen_entry_2777_00005_control,MatchedControlReplay($broad_event_8a64cdfefa6bcc35),cd50fa1b4663f4a2ec950295ab79035ac42c65292731c05b4e86a4715242c88c,,[],5.167029625150609e-06,['broad_event_8a64cdfefa6bcc35'],False,,,f3bd5acb65de1a3db55db9979982280799da88f0cd9b38a0d96b3c02b6c5aaba,True,MatchedControlReplay($broad_event_8a64cdfefa6bcc35),['broad_event_8a64cdfefa6bcc35'],0,8a64cdfefa6bcc35,cn_unified_registry_driven_generator_v1,True,True,,uc_broad_event_frozen_entry_2777_00005,,True,per semantic registry and frozen entry pack,MatchedControlReplay,['root:MatchedControlReplay'],4,matched_control,nan,5.167029625150609e-06,['cn.rep.545bd828644e2175ea379183c7aad0da'],False,5.167029625150609e-06,BROAD_EVENT_FROZEN_ENTRY,2777,seed_b,['cn.sf.b0d5e75cf02a2e8f77fb0ddbec90b98c'],,,True,437937,frozen event episode,437937,False,False,0.0005366031876512,nan,ALLOW,"registry, PIT, unit, route, maturity, control and access contracts passed",,False,CONTROL_NO_SEPARATE_VOTE
['development'],0,True,d964cdb5292dc32ef74121a7,uc_broad_event_frozen_entry_2777_00006,FrozenMechanismReplay($broad_event_16c53855e757c585),fb18f51cee66ddf2486833a6a40a57dd51198036cf7e49019e65a762d26ffd9f,,[],0.0001989663306209,['broad_event_16c53855e757c585'],True,,,f7609b4f6e6860058332ff05e7867ebf6977173c1ad787d2750d806240a113b8,True,FrozenMechanismReplay($broad_event_16c53855e757c585),['broad_event_16c53855e757c585'],0,16c53855e757c585,cn_unified_registry_driven_generator_v1,False,True,,uc_broad_event_frozen_entry_2777_00006_control,0.00018993516674921368,True,per semantic registry and frozen entry pack,FrozenMechanismReplay,['root:FrozenMechanismReplay'],3,registry_root,nan,0.0001989663306209,['cn.rep.cd1318f5c9d09cbb97df3483720b7f95'],False,0.0001989663306209,BROAD_EVENT_FROZEN_ENTRY,2777,seed_b,['cn.sf.b0d5e75cf02a2e8f77fb0ddbec90b98c'],,,True,437940,frozen event episode,437940,True,False,0.0005366031876512,nan,ALLOW,"registry, PIT, unit, route, maturity, control and access contracts passed",,False,ONE_SUPPORT_UNIT_ONE_VOTE
['development'],0,True,6d0d5ac5dcfd7e5aafd1af45,uc_broad_event_frozen_entry_2777_00006_control,MatchedControlReplay($broad_event_16c53855e757c585),0ceed512b290ce87276908d4c352704351d666a78c3381bdc21b093277ed24d9,,[],9.031163871686329e-06,['broad_event_16c53855e757c585'],False,,,9ede6bc52bb1e55767f94a01c360195e4b0daddae706085b5a19e680f3d90d43,True,MatchedControlReplay($broad_event_16c53855e757c585),['broad_event_16c53855e757c585'],0,16c53855e757c585,cn_unified_registry_driven_generator_v1,True,True,,uc_broad_event_frozen_entry_2777_00006,,True,per semantic registry and frozen entry pack,MatchedControlReplay,['root:MatchedControlReplay'],3,matched_control,nan,9.031163871686329e-06,['cn.rep.cd1318f5c9d09cbb97df3483720b7f95'],False,9.031163871686329e-06,BROAD_EVENT_FROZEN_ENTRY,2777,seed_b,['cn.sf.b0d5e75cf02a2e8f77fb0ddbec90b98c'],,,True,437940,frozen event episode,437940,False,False,0.0005366031876512,nan,ALLOW,"registry, PIT, unit, route, maturity, control and access contracts passed",,False,CONTROL_NO_SEPARATE_VOTE
['development'],0,True,0e12c0e346e44c6cf2d2a3aa,uc_broad_event_frozen_entry_2777_00007,FrozenMechanismReplay($broad_event_cf70889cec0c77df),1efffdcdd78f3a5878e705cd0d3220bbcad47183f76461e07257ea8bb6deae95,,[],0.0005307954753484,['broad_event_cf70889cec0c77df'],True,,,3c73110aae2f06276161694eabe99f035138a7d47e57ce3ec844ef14d93ea363,True,FrozenMechanismReplay($broad_event_cf70889cec0c77df),['broad_event_cf70889cec0c77df'],0,cf70889cec0c77df,cn_unified_registry_driven_generator_v1,False,True,,uc_broad_event_frozen_entry_2777_00007_control,0.0002359262135029,True,per semantic registry and frozen entry pack,FrozenMechanismReplay,['root:FrozenMechanismReplay'],4,registry_root,nan,0.0005307954753484,['cn.rep.f2fb44b8600031c7e42c74aa4f9e48f1'],False,0.0005307954753484,BROAD_EVENT_FROZEN_ENTRY,2777,seed_b,['cn.sf.6cdeac980794379dc3a91fb83cdf28cb'],,,True,7187,frozen event episode,7187,True,False,0.0062613051342702,nan,ALLOW,"registry, PIT, unit, route, maturity, control and access contracts passed",,False,ONE_SUPPORT_UNIT_ONE_VOTE
['development'],0,True,4f4f43633aacfd7d31ece78d,uc_broad_event_frozen_entry_2777_00007_control,MatchedControlReplay($broad_event_cf70889cec0c77df),1f55c7a1a4e2c3f5f6ae0aee73ad89d91bc98ccfd582724785e652525dff89f5,,[],0.0002948692618455,['broad_event_cf70889cec0c77df'],False,,,516ba5219697fbcabe89ea4af74d851276724e9c46b051779f101eafadadaa7f,True,MatchedControlReplay($broad_event_cf70889cec0c77df),['broad_event_cf70889cec0c77df'],0,cf70889cec0c77df,cn_unified_registry_driven_generator_v1,True,True,,uc_broad_event_frozen_entry_2777_00007,,True,per semantic registry and frozen entry pack,MatchedControlReplay,['root:MatchedControlReplay'],4,matched_control,nan,0.0002948692618455,['cn.rep.f2fb44b8600031c7e42c74aa4f9e48f1'],False,0.0002948692618455,BROAD_EVENT_FROZEN_ENTRY,2777,seed_b,['cn.sf.6cdeac980794379dc3a91fb83cdf28cb'],,,True,7187,frozen event episode,7187,False,False,0.0062613051342702,nan,ALLOW,"registry, PIT, unit, route, maturity, control and access contracts passed",,False,CONTROL_NO_SEPARATE_VOTE
['development'],0,True,9ccaeebd3aa38fb12244655c,uc_broad_event_frozen_entry_2777_00008,FrozenMechanismReplay($broad_event_9618ee1100155073),a8bf0800033ecf701bf9f3c82d9da6d0be122f59d4cb12a1a3444e68ce2ceb37,,[],-1.0467487465944653e-05,['broad_event_9618ee1100155073'],False,,,b1d8a7412457c5446d3a4506310f045ae0cbd7742611097f71dbbc867e1d0895,True,FrozenMechanismReplay($broad_event_9618ee1100155073),['broad_event_9618ee1100155073'],0,9618ee1100155073,cn_unified_registry_driven_generator_v1,False,True,,uc_broad_event_frozen_entry_2777_00008_control,-1.4927423369532474e-05,True,per semantic registry and frozen entry pack,FrozenMechanismReplay,['root:FrozenMechanismReplay'],3,registry_root,nan,-1.0467487465944653e-05,['cn.rep.c2c6620f624dd03caac2ac5d97ce7859'],False,-1.0467487465944653e-05,BROAD_EVENT_FROZEN_ENTRY,2777,seed_b,['cn.sf.b0d5e75cf02a2e8f77fb0ddbec90b98c'],,,True,437937,frozen event episode,437937,False,False,0.0005366031876512,nan,ALLOW,"registry, PIT, unit, route, maturity, control and access contracts passed",,False,ONE_SUPPORT_UNIT_ONE_VOTE
['development'],0,True,ae60f0a5dc3defc97548dcc3,uc_broad_event_frozen_entry_2777_00008_control,MatchedControlReplay($broad_event_9618ee1100155073),ff000b076b25d071b2f7030a7bc8a26428d968f52ea995d828dc7be59064a6d5,,[],4.459935903587821e-06,['broad_event_9618ee1100155073'],False,,,3fd5b98615bbe7a33c0d9b41c67cd074f7943fd177a8f8fac9c6656b5ad0a898,True,MatchedControlReplay($broad_event_9618ee1100155073),['broad_event_9618ee1100155073'],0,9618ee1100155073,cn_unified_registry_driven_generator_v1,True,True,,uc_broad_event_frozen_entry_2777_00008,,True,per semantic registry and frozen entry pack,MatchedControlReplay,['root:MatchedControlReplay'],3,matched_control,nan,4.459935903587821e-06,['cn.rep.c2c6620f624dd03caac2ac5d97ce7859'],False,4.459935903587821e-06,BROAD_EVENT_FROZEN_ENTRY,2777,seed_b,['cn.sf.b0d5e75cf02a2e8f77fb0ddbec90b98c'],,,True,437937,frozen event episode,437937,False,False,0.0005366031876512,nan,ALLOW,"registry, PIT, unit, route, maturity, control and access contracts passed",,False,CONTROL_NO_SEPARATE_VOTE
['development'],0,True,275038aa2f39111d37e782d8,uc_broad_event_frozen_entry_2777_00009,FrozenMechanismReplay($broad_event_7b391e59670c491e),f9bad842a6ffffcb7052f3b52bf7d577c25dbdcb80bf4e37b92aecc8daeb438d,,['broad_event_7b391e59670c491e'],0.0006011249711822,['broad_event_7b391e59670c491e'],True,,,218030342be55a432d01e3948ae36ed5dd7a907677f18715cd813217da344eed,True,FrozenMechanismReplay($broad_event_7b391e59670c491e),['broad_event_7b391e59670c491e'],0,7b391e59670c491e,cn_unified_registry_driven_generator_v1,False,True,,uc_broad_event_frozen_entry_2777_00009_control,0.0005339692442828155,True,per semantic registry and frozen entry pack,FrozenMechanismReplay,['root:FrozenMechanismReplay'],3,registry_root,nan,0.0006011249711822,['cn.rep.40ed3cb8d72e7f93b7376e2ad768702e'],False,0.0006011249711822,BROAD_EVENT_FROZEN_ENTRY,2777,seed_b,['cn.sf.ea671da5308f41050d709f1fd50c5048'],,,True,362,frozen event episode,362,True,False,0.0,nan,ALLOW,"registry, PIT, unit, route, maturity, control and access contracts passed",,False,ONE_SUPPORT_UNIT_ONE_VOTE
['development'],0,True,a394890238b490afe72637c9,uc_broad_event_frozen_entry_2777_00009_control,MatchedControlReplay($broad_event_7b391e59670c491e),f2786bd890938e5ffdfb4e27ed6042875ca0e3bed1c5d984065158f055a5b519,,['broad_event_7b391e59670c491e'],6.715572689938453e-05,['broad_event_7b391e59670c491e'],False,,,9020405e951019f6122424125e52848854951fc2c62239b268c8dfe6b10d7a0d,True,MatchedControlReplay($broad_event_7b391e59670c491e),['broad_event_7b391e59670c491e'],0,7b391e59670c491e,cn_unified_registry_driven_generator_v1,True,True,,uc_broad_event_frozen_entry_2777_00009,,True,per semantic registry and frozen entry pack,MatchedControlReplay,['root:MatchedControlReplay'],3,matched_control,nan,6.715572689938453e-05,['cn.rep.40ed3cb8d72e7f93b7376e2ad768702e'],False,6.715572689938453e-05,BROAD_EVENT_FROZEN_ENTRY,2777,seed_b,['cn.sf.ea671da5308f41050d709f1fd50c5048'],,,True,362,frozen event episode,362,False,False,0.0,nan,ALLOW,"registry, PIT, unit, route, maturity, control and access contracts passed",,False,CONTROL_NO_SEPARATE_VOTE
['development'],0,True,39eec4533b4a5288889f9384,uc_broad_event_frozen_entry_2777_00010,FrozenMechanismReplay($broad_event_01166fdd6c3a2aab),3efbe1b43ca59c0d82e3994dccac594b55b042bd1d352e089674e15d531cd0a8,,[],-0.0032064710489557,['broad_event_01166fdd6c3a2aab'],False,,,f4ce7bcae5ec3f89031fdcc1943c4c1df7651245561f2822573ee38786669c1b,True,FrozenMechanismReplay($broad_event_01166fdd6c3a2aab),['broad_event_01166fdd6c3a2aab'],0,01166fdd6c3a2aab,cn_unified_registry_driven_generator_v1,False,True,,uc_broad_event_frozen_entry_2777_00010_control,-0.005495664743476699,True,per semantic registry and frozen entry pack,FrozenMechanismReplay,['root:FrozenMechanismReplay'],2,registry_root,nan,-0.0032064710489557,['cn.rep.13d2e66902ff873b3130ca2973b0fb00'],False,-0.0032064710489557,BROAD_EVENT_FROZEN_ENTRY,2777,seed_b,['cn.sf.16770ae20629139dfe4db0f44729f34c'],,,True,2159,frozen event episode,2159,False,False,0.0263766774641369,nan,ALLOW,"registry, PIT, unit, route, maturity, control and access contracts passed",,False,ONE_SUPPORT_UNIT_ONE_VOTE
['development'],0,True,d3830177019d5bf952525330,uc_broad_event_frozen_entry_2777_00010_control,MatchedControlReplay($broad_event_01166fdd6c3a2aab),2bf9ebae6d86f2db50ae735035354de17c27894d647644678361cf2b07ab306c,,[],0.002289193694521,['broad_event_01166fdd6c3a2aab'],False,,,31a042281a04c77d8529e168c8e8a555e8ecf055bc8c788b890fb242308faa59,True,MatchedControlReplay($broad_event_01166fdd6c3a2aab),['broad_event_01166fdd6c3a2aab'],0,01166fdd6c3a2aab,cn_unified_registry_driven_generator_v1,True,True,,uc_broad_event_frozen_entry_2777_00010,,True,per semantic registry and frozen entry pack,MatchedControlReplay,['root:MatchedControlReplay'],2,matched_control,nan,0.002289193694521,['cn.rep.13d2e66902ff873b3130ca2973b0fb00'],False,0.002289193694521,BROAD_EVENT_FROZEN_ENTRY,2777,seed_b,['cn.sf.16770ae20629139dfe4db0f44729f34c'],,,True,2159,frozen event episode,2159,False,False,0.0263766774641369,nan,ALLOW,"registry, PIT, unit, route, maturity, control and access contracts passed",,False,CONTROL_NO_SEPARATE_VOTE
