runner,field_id,source_family,registered,physically_available,pit_qualified,search_eligible,generator_visible,proposal_count,legal_count,canonical_identity_count,exact_identity_count,signal_cluster_count,admission_count,strict_count,full_development_reward_count,survivor_count,cross_seed_exact_count,proxy_count,feedback_count,evidence_ceiling
LEGACY_PHASE3GA_CM_CN,amount,raw_1min,True,True,True,True,True,3759,3759,50,3759,627,29,20,20,0,0,237,39,DEVELOPMENT_ONLY_NOT_OOS
UNIFIED_DEVELOPMENT_DISCOVERY,amount,raw_1min,True,True,True,True,True,26,26,20,20,16,8,4,4,0,6,0,0,DEVELOPMENT_ONLY_NOT_OOS
LEGACY_PHASE3GA_CM_CN,amount_yuan,raw_1min,True,True,True,True,True,270,270,14,270,270,3,3,3,0,0,10,2,DEVELOPMENT_ONLY_NOT_OOS
UNIFIED_DEVELOPMENT_DISCOVERY,amount_yuan,raw_1min,True,True,True,True,True,30,30,24,24,17,8,2,2,0,6,0,0,DEVELOPMENT_ONLY_NOT_OOS
LEGACY_PHASE3GA_CM_CN,broad_event_01166fdd6c3a2aab,broad_event_frozen_entry,True,True,True,True,False,0,0,0,0,0,0,0,0,0,0,0,0,PROPOSAL_OR_NOT_EVALUATED
UNIFIED_DEVELOPMENT_DISCOVERY,broad_event_01166fdd6c3a2aab,broad_event_frozen_entry,True,True,True,True,True,4,4,2,2,2,4,4,4,0,2,0,0,DEVELOPMENT_ONLY_NOT_OOS
LEGACY_PHASE3GA_CM_CN,broad_event_16c53855e757c585,broad_event_frozen_entry,True,True,True,True,False,0,0,0,0,0,0,0,0,0,0,0,0,PROPOSAL_OR_NOT_EVALUATED
UNIFIED_DEVELOPMENT_DISCOVERY,broad_event_16c53855e757c585,broad_event_frozen_entry,True,True,True,True,True,4,4,2,2,2,4,4,4,2,2,0,0,DEVELOPMENT_ONLY_NOT_OOS
LEGACY_PHASE3GA_CM_CN,broad_event_4fbf6cc691461c6c,broad_event_frozen_entry,True,True,True,True,False,0,0,0,0,0,0,0,0,0,0,0,0,PROPOSAL_OR_NOT_EVALUATED
UNIFIED_DEVELOPMENT_DISCOVERY,broad_event_4fbf6cc691461c6c,broad_event_frozen_entry,True,True,True,True,True,4,4,2,2,2,4,4,4,0,2,0,0,DEVELOPMENT_ONLY_NOT_OOS
LEGACY_PHASE3GA_CM_CN,broad_event_7b391e59670c491e,broad_event_frozen_entry,True,True,True,True,False,0,0,0,0,0,0,0,0,0,0,0,0,PROPOSAL_OR_NOT_EVALUATED
UNIFIED_DEVELOPMENT_DISCOVERY,broad_event_7b391e59670c491e,broad_event_frozen_entry,True,True,True,True,True,4,4,2,2,2,4,4,4,0,2,0,0,DEVELOPMENT_ONLY_NOT_OOS
LEGACY_PHASE3GA_CM_CN,broad_event_8a64cdfefa6bcc35,broad_event_frozen_entry,True,True,True,True,False,0,0,0,0,0,0,0,0,0,0,0,0,PROPOSAL_OR_NOT_EVALUATED
UNIFIED_DEVELOPMENT_DISCOVERY,broad_event_8a64cdfefa6bcc35,broad_event_frozen_entry,True,True,True,True,True,4,4,2,2,2,4,4,4,2,2,0,0,DEVELOPMENT_ONLY_NOT_OOS
LEGACY_PHASE3GA_CM_CN,broad_event_9041949344c58bcf,broad_event_frozen_entry,True,True,True,True,False,0,0,0,0,0,0,0,0,0,0,0,0,PROPOSAL_OR_NOT_EVALUATED
UNIFIED_DEVELOPMENT_DISCOVERY,broad_event_9041949344c58bcf,broad_event_frozen_entry,True,True,True,True,True,4,4,2,2,2,4,4,4,2,2,0,0,DEVELOPMENT_ONLY_NOT_OOS
LEGACY_PHASE3GA_CM_CN,broad_event_9618ee1100155073,broad_event_frozen_entry,True,True,True,True,False,0,0,0,0,0,0,0,0,0,0,0,0,PROPOSAL_OR_NOT_EVALUATED
UNIFIED_DEVELOPMENT_DISCOVERY,broad_event_9618ee1100155073,broad_event_frozen_entry,True,True,True,True,True,4,4,2,2,2,4,4,4,0,2,0,0,DEVELOPMENT_ONLY_NOT_OOS
LEGACY_PHASE3GA_CM_CN,broad_event_ac96e6d4db507a1a,broad_event_frozen_entry,True,True,True,True,False,0,0,0,0,0,0,0,0,0,0,0,0,PROPOSAL_OR_NOT_EVALUATED
UNIFIED_DEVELOPMENT_DISCOVERY,broad_event_ac96e6d4db507a1a,broad_event_frozen_entry,True,True,True,True,True,4,4,2,2,2,4,4,4,0,2,0,0,DEVELOPMENT_ONLY_NOT_OOS
LEGACY_PHASE3GA_CM_CN,broad_event_b22d9565d0b39241,broad_event_frozen_entry,True,True,True,True,False,0,0,0,0,0,0,0,0,0,0,0,0,PROPOSAL_OR_NOT_EVALUATED
UNIFIED_DEVELOPMENT_DISCOVERY,broad_event_b22d9565d0b39241,broad_event_frozen_entry,True,True,True,True,True,4,4,2,2,2,4,4,4,0,2,0,0,DEVELOPMENT_ONLY_NOT_OOS
LEGACY_PHASE3GA_CM_CN,broad_event_cf70889cec0c77df,broad_event_frozen_entry,True,True,True,True,False,0,0,0,0,0,0,0,0,0,0,0,0,PROPOSAL_OR_NOT_EVALUATED
UNIFIED_DEVELOPMENT_DISCOVERY,broad_event_cf70889cec0c77df,broad_event_frozen_entry,True,True,True,True,True,4,4,2,2,2,4,4,4,2,2,0,0,DEVELOPMENT_ONLY_NOT_OOS
LEGACY_PHASE3GA_CM_CN,broad_event_d42c0973350238e0,broad_event_frozen_entry,True,True,True,True,False,0,0,0,0,0,0,0,0,0,0,0,0,PROPOSAL_OR_NOT_EVALUATED
UNIFIED_DEVELOPMENT_DISCOVERY,broad_event_d42c0973350238e0,broad_event_frozen_entry,True,True,True,True,True,4,4,2,2,2,4,4,4,0,2,0,0,DEVELOPMENT_ONLY_NOT_OOS
LEGACY_PHASE3GA_CM_CN,close,raw_1min,True,True,True,True,True,10649,10649,28,10649,2659,127,127,127,0,0,459,0,DEVELOPMENT_ONLY_NOT_OOS
UNIFIED_DEVELOPMENT_DISCOVERY,close,raw_1min,True,True,True,True,True,46,46,38,38,23,18,6,6,0,8,0,0,DEVELOPMENT_ONLY_NOT_OOS
LEGACY_PHASE3GA_CM_CN,code,metadata,True,True,True,False,False,0,0,0,0,0,0,0,0,0,0,0,0,PROPOSAL_OR_NOT_EVALUATED
UNIFIED_DEVELOPMENT_DISCOVERY,code,metadata,True,True,True,False,False,0,0,0,0,0,0,0,0,0,0,0,0,PROPOSAL_OR_NOT_EVALUATED
LEGACY_PHASE3GA_CM_CN,ctx_billboard_accum_amount,lagged_daily_context,True,True,True,True,True,194,194,46,194,0,4,3,3,0,0,17,0,DEVELOPMENT_ONLY_NOT_OOS
UNIFIED_DEVELOPMENT_DISCOVERY,ctx_billboard_accum_amount,lagged_daily_context,True,True,True,True,True,4,4,2,2,4,2,2,2,0,2,0,0,DEVELOPMENT_ONLY_NOT_OOS
LEGACY_PHASE3GA_CM_CN,ctx_billboard_billboard_buy_amt,lagged_daily_context,True,True,True,False,True,189,189,46,189,0,2,2,2,0,0,15,2,DEVELOPMENT_ONLY_NOT_OOS
UNIFIED_DEVELOPMENT_DISCOVERY,ctx_billboard_billboard_buy_amt,lagged_daily_context,True,True,True,False,False,0,0,0,0,0,0,0,0,0,0,0,0,PROPOSAL_OR_NOT_EVALUATED
LEGACY_PHASE3GA_CM_CN,ctx_billboard_billboard_deal_amt,lagged_daily_context,True,True,True,False,True,192,192,45,192,0,6,5,5,0,0,18,0,DEVELOPMENT_ONLY_NOT_OOS
UNIFIED_DEVELOPMENT_DISCOVERY,ctx_billboard_billboard_deal_amt,lagged_daily_context,True,True,True,False,False,0,0,0,0,0,0,0,0,0,0,0,0,PROPOSAL_OR_NOT_EVALUATED
LEGACY_PHASE3GA_CM_CN,ctx_billboard_billboard_net_amt,lagged_daily_context,True,True,True,False,True,193,193,46,193,0,3,3,3,0,0,10,0,DEVELOPMENT_ONLY_NOT_OOS
UNIFIED_DEVELOPMENT_DISCOVERY,ctx_billboard_billboard_net_amt,lagged_daily_context,True,True,True,False,False,0,0,0,0,0,0,0,0,0,0,0,0,PROPOSAL_OR_NOT_EVALUATED
LEGACY_PHASE3GA_CM_CN,ctx_billboard_billboard_sell_amt,lagged_daily_context,True,True,True,False,True,186,186,44,186,0,4,4,4,0,0,13,1,DEVELOPMENT_ONLY_NOT_OOS
UNIFIED_DEVELOPMENT_DISCOVERY,ctx_billboard_billboard_sell_amt,lagged_daily_context,True,True,True,False,False,0,0,0,0,0,0,0,0,0,0,0,0,PROPOSAL_OR_NOT_EVALUATED
LEGACY_PHASE3GA_CM_CN,ctx_billboard_buy_ratio,lagged_daily_context,True,True,True,True,True,181,181,43,181,0,3,3,3,0,0,11,2,DEVELOPMENT_ONLY_NOT_OOS
UNIFIED_DEVELOPMENT_DISCOVERY,ctx_billboard_buy_ratio,lagged_daily_context,True,True,True,True,True,4,4,4,4,2,0,0,0,0,0,0,0,PROPOSAL_OR_NOT_EVALUATED
LEGACY_PHASE3GA_CM_CN,ctx_billboard_deal_amount_ratio,lagged_daily_context,True,True,True,True,True,181,181,41,181,0,1,1,1,0,0,14,1,DEVELOPMENT_ONLY_NOT_OOS
UNIFIED_DEVELOPMENT_DISCOVERY,ctx_billboard_deal_amount_ratio,lagged_daily_context,True,True,True,True,True,2,2,2,2,2,0,0,0,0,0,0,0,PROPOSAL_OR_NOT_EVALUATED
LEGACY_PHASE3GA_CM_CN,ctx_billboard_deal_net_ratio,lagged_daily_context,True,True,True,True,True,203,203,47,203,0,6,6,6,0,0,23,0,DEVELOPMENT_ONLY_NOT_OOS
UNIFIED_DEVELOPMENT_DISCOVERY,ctx_billboard_deal_net_ratio,lagged_daily_context,True,True,True,True,True,4,4,2,2,2,0,0,0,0,2,0,0,PROPOSAL_OR_NOT_EVALUATED
LEGACY_PHASE3GA_CM_CN,ctx_billboard_net_bs_amt,lagged_daily_context,True,True,True,False,True,203,203,46,203,0,1,1,1,0,0,13,0,DEVELOPMENT_ONLY_NOT_OOS
UNIFIED_DEVELOPMENT_DISCOVERY,ctx_billboard_net_bs_amt,lagged_daily_context,True,True,True,False,False,0,0,0,0,0,0,0,0,0,0,0,0,PROPOSAL_OR_NOT_EVALUATED
LEGACY_PHASE3GA_CM_CN,ctx_billboard_sell_ratio,lagged_daily_context,True,True,True,True,True,193,193,44,193,0,1,0,0,0,0,7,0,PROPOSAL_OR_NOT_EVALUATED
UNIFIED_DEVELOPMENT_DISCOVERY,ctx_billboard_sell_ratio,lagged_daily_context,True,True,True,True,True,2,2,2,2,2,0,0,0,0,0,0,0,PROPOSAL_OR_NOT_EVALUATED
LEGACY_PHASE3GA_CM_CN,ctx_billboard_sum_buy_amt,lagged_daily_context,True,True,True,False,True,191,191,44,191,0,4,2,2,0,0,11,0,DEVELOPMENT_ONLY_NOT_OOS
UNIFIED_DEVELOPMENT_DISCOVERY,ctx_billboard_sum_buy_amt,lagged_daily_context,True,True,True,False,False,0,0,0,0,0,0,0,0,0,0,0,0,PROPOSAL_OR_NOT_EVALUATED
LEGACY_PHASE3GA_CM_CN,ctx_billboard_sum_sell_amt,lagged_daily_context,True,True,True,False,True,197,197,47,197,0,2,1,1,0,0,13,0,DEVELOPMENT_ONLY_NOT_OOS
UNIFIED_DEVELOPMENT_DISCOVERY,ctx_billboard_sum_sell_amt,lagged_daily_context,True,True,True,False,False,0,0,0,0,0,0,0,0,0,0,0,0,PROPOSAL_OR_NOT_EVALUATED
LEGACY_PHASE3GA_CM_CN,ctx_billboard_turnoverrate,lagged_daily_context,True,True,True,False,True,192,192,45,192,0,2,1,1,0,0,16,1,DEVELOPMENT_ONLY_NOT_OOS
UNIFIED_DEVELOPMENT_DISCOVERY,ctx_billboard_turnoverrate,lagged_daily_context,True,True,True,False,False,0,0,0,0,0,0,0,0,0,0,0,0,PROPOSAL_OR_NOT_EVALUATED
LEGACY_PHASE3GA_CM_CN,ctx_hfq_float_market_cap_yuan,lagged_daily_context,True,True,True,True,True,505,505,62,505,186,3,3,3,0,0,33,2,DEVELOPMENT_ONLY_NOT_OOS
UNIFIED_DEVELOPMENT_DISCOVERY,ctx_hfq_float_market_cap_yuan,lagged_daily_context,True,True,True,True,True,2,2,2,2,2,0,0,0,0,0,0,0,PROPOSAL_OR_NOT_EVALUATED
LEGACY_PHASE3GA_CM_CN,ctx_hfq_is_st,lagged_daily_context,True,True,True,True,True,523,523,70,523,0,9,5,5,0,0,29,1,DEVELOPMENT_ONLY_NOT_OOS
UNIFIED_DEVELOPMENT_DISCOVERY,ctx_hfq_is_st,lagged_daily_context,True,True,True,True,False,0,0,0,0,0,0,0,0,0,0,0,0,PROPOSAL_OR_NOT_EVALUATED
LEGACY_PHASE3GA_CM_CN,ctx_hfq_market_cap_yuan,lagged_daily_context,True,True,True,True,True,528,528,65,528,189,11,8,8,0,0,27,7,DEVELOPMENT_ONLY_NOT_OOS
UNIFIED_DEVELOPMENT_DISCOVERY,ctx_hfq_market_cap_yuan,lagged_daily_context,True,True,True,True,True,2,2,2,2,2,0,0,0,0,0,0,0,PROPOSAL_OR_NOT_EVALUATED
LEGACY_PHASE3GA_CM_CN,ctx_hfq_pb,lagged_daily_context,True,True,True,True,True,529,529,65,529,194,12,8,8,0,0,28,4,DEVELOPMENT_ONLY_NOT_OOS
UNIFIED_DEVELOPMENT_DISCOVERY,ctx_hfq_pb,lagged_daily_context,True,True,True,True,True,2,2,2,2,2,2,0,0,0,0,0,0,PROPOSAL_OR_NOT_EVALUATED
LEGACY_PHASE3GA_CM_CN,ctx_hfq_pe_ttm,lagged_daily_context,True,True,True,True,True,514,514,65,514,182,6,6,6,0,0,28,7,DEVELOPMENT_ONLY_NOT_OOS
UNIFIED_DEVELOPMENT_DISCOVERY,ctx_hfq_pe_ttm,lagged_daily_context,True,True,True,True,True,4,4,2,2,4,4,2,2,0,2,0,0,DEVELOPMENT_ONLY_NOT_OOS
LEGACY_PHASE3GA_CM_CN,ctx_hfq_prev_is_limit_up,lagged_daily_context,True,True,True,True,True,506,506,62,506,0,7,7,7,0,0,35,7,DEVELOPMENT_ONLY_NOT_OOS
UNIFIED_DEVELOPMENT_DISCOVERY,ctx_hfq_prev_is_limit_up,lagged_daily_context,True,True,True,True,False,0,0,0,0,0,0,0,0,0,0,0,0,PROPOSAL_OR_NOT_EVALUATED
LEGACY_PHASE3GA_CM_CN,ctx_hfq_ps_ttm,lagged_daily_context,True,True,True,True,True,516,516,64,516,189,5,3,3,0,0,33,1,DEVELOPMENT_ONLY_NOT_OOS
UNIFIED_DEVELOPMENT_DISCOVERY,ctx_hfq_ps_ttm,lagged_daily_context,True,True,True,True,True,2,2,2,2,2,2,0,0,0,0,0,0,PROPOSAL_OR_NOT_EVALUATED
LEGACY_PHASE3GA_CM_CN,ctx_hfq_turnover_ratio,lagged_daily_context,True,True,True,True,True,520,520,67,520,187,7,6,6,0,0,30,4,DEVELOPMENT_ONLY_NOT_OOS
UNIFIED_DEVELOPMENT_DISCOVERY,ctx_hfq_turnover_ratio,lagged_daily_context,True,True,True,True,True,2,2,2,2,2,0,0,0,0,0,0,0,PROPOSAL_OR_NOT_EVALUATED
LEGACY_PHASE3GA_CM_CN,ctx_hfq_volume_ratio,lagged_daily_context,True,True,True,True,True,511,511,65,511,186,6,5,5,0,0,32,1,DEVELOPMENT_ONLY_NOT_OOS
UNIFIED_DEVELOPMENT_DISCOVERY,ctx_hfq_volume_ratio,lagged_daily_context,True,True,True,True,True,4,4,2,2,2,2,0,0,0,2,0,0,PROPOSAL_OR_NOT_EVALUATED
LEGACY_PHASE3GA_CM_CN,ctx_holder_avg_hold_num,lagged_daily_context,True,True,True,True,True,187,187,44,187,0,4,3,3,0,0,11,1,DEVELOPMENT_ONLY_NOT_OOS
UNIFIED_DEVELOPMENT_DISCOVERY,ctx_holder_avg_hold_num,lagged_daily_context,True,True,True,True,False,0,0,0,0,0,0,0,0,0,0,0,0,PROPOSAL_OR_NOT_EVALUATED
LEGACY_PHASE3GA_CM_CN,ctx_holder_avg_market_cap,lagged_daily_context,True,True,True,True,True,187,187,46,187,0,3,2,2,0,0,9,2,DEVELOPMENT_ONLY_NOT_OOS
UNIFIED_DEVELOPMENT_DISCOVERY,ctx_holder_avg_market_cap,lagged_daily_context,True,True,True,True,True,2,2,2,2,2,0,0,0,0,0,0,0,PROPOSAL_OR_NOT_EVALUATED
LEGACY_PHASE3GA_CM_CN,ctx_holder_holder_num,lagged_daily_context,True,True,True,True,True,195,195,44,195,0,1,1,1,0,0,11,4,DEVELOPMENT_ONLY_NOT_OOS
UNIFIED_DEVELOPMENT_DISCOVERY,ctx_holder_holder_num,lagged_daily_context,True,True,True,True,True,6,6,4,4,2,0,0,0,0,2,0,0,PROPOSAL_OR_NOT_EVALUATED
LEGACY_PHASE3GA_CM_CN,ctx_holder_holder_num_change,lagged_daily_context,True,True,True,True,True,186,186,42,186,0,4,3,3,0,0,23,1,DEVELOPMENT_ONLY_NOT_OOS
UNIFIED_DEVELOPMENT_DISCOVERY,ctx_holder_holder_num_change,lagged_daily_context,True,True,True,True,False,0,0,0,0,0,0,0,0,0,0,0,0,PROPOSAL_OR_NOT_EVALUATED
LEGACY_PHASE3GA_CM_CN,ctx_holder_holder_num_ratio,lagged_daily_context,True,True,True,True,True,186,186,44,186,0,1,0,0,0,0,7,2,PROPOSAL_OR_NOT_EVALUATED
UNIFIED_DEVELOPMENT_DISCOVERY,ctx_holder_holder_num_ratio,lagged_daily_context,True,True,True,True,True,2,2,2,2,2,2,2,2,0,0,0,0,DEVELOPMENT_ONLY_NOT_OOS
LEGACY_PHASE3GA_CM_CN,ctx_rzrq_rqye,lagged_daily_context,True,True,True,False,True,338,338,58,338,93,8,8,8,0,0,23,2,DEVELOPMENT_ONLY_NOT_OOS
UNIFIED_DEVELOPMENT_DISCOVERY,ctx_rzrq_rqye,lagged_daily_context,True,True,True,False,False,0,0,0,0,0,0,0,0,0,0,0,0,PROPOSAL_OR_NOT_EVALUATED
LEGACY_PHASE3GA_CM_CN,ctx_rzrq_rqyl,lagged_daily_context,True,True,True,False,True,317,317,51,317,86,5,5,5,0,0,22,1,DEVELOPMENT_ONLY_NOT_OOS
UNIFIED_DEVELOPMENT_DISCOVERY,ctx_rzrq_rqyl,lagged_daily_context,True,True,True,False,False,0,0,0,0,0,0,0,0,0,0,0,0,PROPOSAL_OR_NOT_EVALUATED
LEGACY_PHASE3GA_CM_CN,ctx_rzrq_rzche,lagged_daily_context,True,True,True,False,True,327,327,55,327,89,6,6,6,0,0,29,3,DEVELOPMENT_ONLY_NOT_OOS
UNIFIED_DEVELOPMENT_DISCOVERY,ctx_rzrq_rzche,lagged_daily_context,True,True,True,False,False,0,0,0,0,0,0,0,0,0,0,0,0,PROPOSAL_OR_NOT_EVALUATED
LEGACY_PHASE3GA_CM_CN,ctx_rzrq_rzjme,lagged_daily_context,True,True,True,True,True,312,312,54,312,88,6,6,6,0,0,19,4,DEVELOPMENT_ONLY_NOT_OOS
UNIFIED_DEVELOPMENT_DISCOVERY,ctx_rzrq_rzjme,lagged_daily_context,True,True,True,True,True,4,4,2,2,2,2,0,0,0,2,0,0,PROPOSAL_OR_NOT_EVALUATED
LEGACY_PHASE3GA_CM_CN,ctx_rzrq_rzmre,lagged_daily_context,True,True,True,False,True,321,321,50,321,84,8,8,8,0,0,27,1,DEVELOPMENT_ONLY_NOT_OOS
UNIFIED_DEVELOPMENT_DISCOVERY,ctx_rzrq_rzmre,lagged_daily_context,True,True,True,False,False,0,0,0,0,0,0,0,0,0,0,0,0,PROPOSAL_OR_NOT_EVALUATED
LEGACY_PHASE3GA_CM_CN,ctx_rzrq_rzrqye,lagged_daily_context,True,True,True,False,True,325,325,50,325,85,8,7,7,0,0,33,1,DEVELOPMENT_ONLY_NOT_OOS
UNIFIED_DEVELOPMENT_DISCOVERY,ctx_rzrq_rzrqye,lagged_daily_context,True,True,True,False,False,0,0,0,0,0,0,0,0,0,0,0,0,PROPOSAL_OR_NOT_EVALUATED
LEGACY_PHASE3GA_CM_CN,ctx_rzrq_rzye,lagged_daily_context,True,True,True,True,True,317,317,53,317,85,6,4,4,0,0,24,0,DEVELOPMENT_ONLY_NOT_OOS
UNIFIED_DEVELOPMENT_DISCOVERY,ctx_rzrq_rzye,lagged_daily_context,True,True,True,True,True,4,4,4,4,4,2,2,2,0,0,0,0,DEVELOPMENT_ONLY_NOT_OOS
LEGACY_PHASE3GA_CM_CN,ctx_rzrq_rzyezb,lagged_daily_context,True,True,True,True,True,316,316,53,316,83,8,8,8,0,0,28,2,DEVELOPMENT_ONLY_NOT_OOS
UNIFIED_DEVELOPMENT_DISCOVERY,ctx_rzrq_rzyezb,lagged_daily_context,True,True,True,True,True,6,6,4,4,2,0,0,0,0,2,0,0,PROPOSAL_OR_NOT_EVALUATED
LEGACY_PHASE3GA_CM_CN,ctx_sent_damian_num,lagged_daily_context,True,True,True,True,True,517,517,63,517,119,10,8,8,0,0,25,8,DEVELOPMENT_ONLY_NOT_OOS
UNIFIED_DEVELOPMENT_DISCOVERY,ctx_sent_damian_num,lagged_daily_context,True,True,True,True,True,4,4,4,4,4,4,4,4,0,0,0,0,DEVELOPMENT_ONLY_NOT_OOS
LEGACY_PHASE3GA_CM_CN,ctx_sent_ditian_num,lagged_daily_context,True,True,True,True,True,498,498,62,498,45,7,7,7,0,0,30,3,DEVELOPMENT_ONLY_NOT_OOS
UNIFIED_DEVELOPMENT_DISCOVERY,ctx_sent_ditian_num,lagged_daily_context,True,True,True,True,True,2,2,2,2,2,0,0,0,0,0,0,0,PROPOSAL_OR_NOT_EVALUATED
LEGACY_PHASE3GA_CM_CN,ctx_sent_down_num,lagged_daily_context,True,True,True,True,True,504,504,61,504,146,3,3,3,0,0,19,6,DEVELOPMENT_ONLY_NOT_OOS
UNIFIED_DEVELOPMENT_DISCOVERY,ctx_sent_down_num,lagged_daily_context,True,True,True,True,True,4,4,4,4,3,2,2,2,0,0,0,0,DEVELOPMENT_ONLY_NOT_OOS
LEGACY_PHASE3GA_CM_CN,ctx_sent_downlimit_num,lagged_daily_context,True,True,True,True,True,524,524,67,524,142,8,7,7,0,0,37,7,DEVELOPMENT_ONLY_NOT_OOS
UNIFIED_DEVELOPMENT_DISCOVERY,ctx_sent_downlimit_num,lagged_daily_context,True,True,True,True,True,6,6,6,6,3,0,0,0,0,0,0,0,PROPOSAL_OR_NOT_EVALUATED
LEGACY_PHASE3GA_CM_CN,ctx_sent_gt5_num,lagged_daily_context,True,True,True,True,True,513,513,65,513,152,9,8,8,0,0,32,4,DEVELOPMENT_ONLY_NOT_OOS
UNIFIED_DEVELOPMENT_DISCOVERY,ctx_sent_gt5_num,lagged_daily_context,True,True,True,True,True,4,4,4,4,2,2,0,0,0,0,0,0,PROPOSAL_OR_NOT_EVALUATED
LEGACY_PHASE3GA_CM_CN,ctx_sent_lb_2_num,lagged_daily_context,True,True,True,True,True,507,507,64,507,142,6,6,6,0,0,28,2,DEVELOPMENT_ONLY_NOT_OOS
UNIFIED_DEVELOPMENT_DISCOVERY,ctx_sent_lb_2_num,lagged_daily_context,True,True,True,True,True,4,4,4,4,3,2,2,2,0,0,0,0,DEVELOPMENT_ONLY_NOT_OOS
LEGACY_PHASE3GA_CM_CN,ctx_sent_lb_3_num,lagged_daily_context,True,True,True,True,True,528,528,70,528,134,7,7,7,0,0,30,3,DEVELOPMENT_ONLY_NOT_OOS
UNIFIED_DEVELOPMENT_DISCOVERY,ctx_sent_lb_3_num,lagged_daily_context,True,True,True,True,True,4,4,2,2,1,2,0,0,0,2,0,0,PROPOSAL_OR_NOT_EVALUATED
LEGACY_PHASE3GA_CM_CN,ctx_sent_lb_h_num,lagged_daily_context,True,True,True,True,True,531,531,67,531,137,4,4,4,0,0,29,3,DEVELOPMENT_ONLY_NOT_OOS
UNIFIED_DEVELOPMENT_DISCOVERY,ctx_sent_lb_h_num,lagged_daily_context,True,True,True,True,True,6,6,6,6,3,0,0,0,0,0,0,0,PROPOSAL_OR_NOT_EVALUATED
LEGACY_PHASE3GA_CM_CN,ctx_sent_lt5_num,lagged_daily_context,True,True,True,True,True,528,528,64,528,137,7,6,6,0,0,30,9,DEVELOPMENT_ONLY_NOT_OOS
UNIFIED_DEVELOPMENT_DISCOVERY,ctx_sent_lt5_num,lagged_daily_context,True,True,True,True,True,2,2,2,2,1,0,0,0,0,0,0,0,PROPOSAL_OR_NOT_EVALUATED
LEGACY_PHASE3GA_CM_CN,ctx_sent_max_lb_num,lagged_daily_context,True,True,True,True,True,523,523,69,523,134,6,5,5,0,0,30,5,DEVELOPMENT_ONLY_NOT_OOS
UNIFIED_DEVELOPMENT_DISCOVERY,ctx_sent_max_lb_num,lagged_daily_context,True,True,True,True,True,6,6,6,6,3,2,0,0,0,0,0,0,PROPOSAL_OR_NOT_EVALUATED
LEGACY_PHASE3GA_CM_CN,ctx_sent_mian_num,lagged_daily_context,True,True,True,True,True,523,523,66,523,135,3,3,3,0,0,28,6,DEVELOPMENT_ONLY_NOT_OOS
UNIFIED_DEVELOPMENT_DISCOVERY,ctx_sent_mian_num,lagged_daily_context,True,True,True,True,True,2,2,2,2,2,2,2,2,1,0,0,0,DEVELOPMENT_ONLY_NOT_OOS
LEGACY_PHASE3GA_CM_CN,ctx_sent_tiandi_num,lagged_daily_context,True,True,True,True,True,534,534,68,534,15,5,5,5,0,0,29,3,DEVELOPMENT_ONLY_NOT_OOS
UNIFIED_DEVELOPMENT_DISCOVERY,ctx_sent_tiandi_num,lagged_daily_context,True,True,True,True,True,6,6,6,6,5,2,2,2,0,0,0,0,DEVELOPMENT_ONLY_NOT_OOS
LEGACY_PHASE3GA_CM_CN,ctx_sent_up_num,lagged_daily_context,True,True,True,True,True,535,535,65,535,154,8,7,7,0,0,36,5,DEVELOPMENT_ONLY_NOT_OOS
UNIFIED_DEVELOPMENT_DISCOVERY,ctx_sent_up_num,lagged_daily_context,True,True,True,True,True,2,2,2,2,1,2,0,0,0,0,0,0,PROPOSAL_OR_NOT_EVALUATED
LEGACY_PHASE3GA_CM_CN,ctx_sent_uplimit_num,lagged_daily_context,True,True,True,True,True,539,539,68,539,150,8,8,8,0,0,38,1,DEVELOPMENT_ONLY_NOT_OOS
UNIFIED_DEVELOPMENT_DISCOVERY,ctx_sent_uplimit_num,lagged_daily_context,True,True,True,True,True,2,2,2,2,2,2,2,2,0,0,0,0,DEVELOPMENT_ONLY_NOT_OOS
LEGACY_PHASE3GA_CM_CN,ctx_sent_zb_num,lagged_daily_context,True,True,True,True,True,530,530,67,530,138,7,6,6,0,0,32,2,DEVELOPMENT_ONLY_NOT_OOS
UNIFIED_DEVELOPMENT_DISCOVERY,ctx_sent_zb_num,lagged_daily_context,True,True,True,True,True,4,4,4,4,2,0,0,0,0,0,0,0,PROPOSAL_OR_NOT_EVALUATED
LEGACY_PHASE3GA_CM_CN,ctx_ths_hot_circulation_value,lagged_daily_context,True,True,True,False,True,543,543,69,543,0,10,9,9,0,0,47,4,DEVELOPMENT_ONLY_NOT_OOS
UNIFIED_DEVELOPMENT_DISCOVERY,ctx_ths_hot_circulation_value,lagged_daily_context,True,True,True,False,False,0,0,0,0,0,0,0,0,0,0,0,0,PROPOSAL_OR_NOT_EVALUATED
LEGACY_PHASE3GA_CM_CN,ctx_ths_hot_last_pct,lagged_daily_context,True,True,True,True,True,512,512,61,512,0,6,5,5,0,0,33,2,DEVELOPMENT_ONLY_NOT_OOS
UNIFIED_DEVELOPMENT_DISCOVERY,ctx_ths_hot_last_pct,lagged_daily_context,True,True,True,True,True,2,2,2,2,1,0,0,0,0,0,0,0,PROPOSAL_OR_NOT_EVALUATED
LEGACY_PHASE3GA_CM_CN,ctx_ths_hot_last_price,lagged_daily_context,True,True,True,False,True,543,543,66,543,0,9,8,8,0,0,27,6,DEVELOPMENT_ONLY_NOT_OOS
UNIFIED_DEVELOPMENT_DISCOVERY,ctx_ths_hot_last_price,lagged_daily_context,True,True,True,False,False,0,0,0,0,0,0,0,0,0,0,0,0,PROPOSAL_OR_NOT_EVALUATED
LEGACY_PHASE3GA_CM_CN,ctx_ths_hot_rank,lagged_daily_context,True,True,True,True,True,527,527,66,527,0,3,3,3,0,0,28,6,DEVELOPMENT_ONLY_NOT_OOS
UNIFIED_DEVELOPMENT_DISCOVERY,ctx_ths_hot_rank,lagged_daily_context,True,True,True,True,False,0,0,0,0,0,0,0,0,0,0,0,0,PROPOSAL_OR_NOT_EVALUATED
LEGACY_PHASE3GA_CM_CN,ctx_ths_hot_rank_diff,lagged_daily_context,True,True,True,True,True,524,524,63,524,0,3,3,3,0,0,21,8,DEVELOPMENT_ONLY_NOT_OOS
UNIFIED_DEVELOPMENT_DISCOVERY,ctx_ths_hot_rank_diff,lagged_daily_context,True,True,True,True,True,4,4,2,2,3,2,2,2,1,2,0,0,DEVELOPMENT_ONLY_NOT_OOS
LEGACY_PHASE3GA_CM_CN,ctx_zls_df_num,lagged_daily_context,True,True,True,True,True,198,198,45,198,0,3,2,2,0,0,9,0,DEVELOPMENT_ONLY_NOT_OOS
UNIFIED_DEVELOPMENT_DISCOVERY,ctx_zls_df_num,lagged_daily_context,True,True,True,True,True,4,4,4,4,2,0,0,0,0,0,0,0,PROPOSAL_OR_NOT_EVALUATED
LEGACY_PHASE3GA_CM_CN,ctx_zls_lbgd,lagged_daily_context,True,True,True,False,True,191,191,43,191,0,2,2,2,0,0,11,2,DEVELOPMENT_ONLY_NOT_OOS
UNIFIED_DEVELOPMENT_DISCOVERY,ctx_zls_lbgd,lagged_daily_context,True,True,True,False,False,0,0,0,0,0,0,0,0,0,0,0,0,PROPOSAL_OR_NOT_EVALUATED
LEGACY_PHASE3GA_CM_CN,ctx_zls_strong,lagged_daily_context,True,True,True,False,True,191,191,46,191,0,4,4,4,0,0,19,0,DEVELOPMENT_ONLY_NOT_OOS
UNIFIED_DEVELOPMENT_DISCOVERY,ctx_zls_strong,lagged_daily_context,True,True,True,False,False,0,0,0,0,0,0,0,0,0,0,0,0,PROPOSAL_OR_NOT_EVALUATED
LEGACY_PHASE3GA_CM_CN,ctx_zls_ztjs,lagged_daily_context,True,True,True,False,True,189,189,45,189,0,4,4,4,0,0,15,0,DEVELOPMENT_ONLY_NOT_OOS
UNIFIED_DEVELOPMENT_DISCOVERY,ctx_zls_ztjs,lagged_daily_context,True,True,True,False,False,0,0,0,0,0,0,0,0,0,0,0,0,PROPOSAL_OR_NOT_EVALUATED
LEGACY_PHASE3GA_CM_CN,dataset_route_id,metadata,True,True,True,False,False,0,0,0,0,0,0,0,0,0,0,0,0,PROPOSAL_OR_NOT_EVALUATED
UNIFIED_DEVELOPMENT_DISCOVERY,dataset_route_id,metadata,True,True,True,False,False,0,0,0,0,0,0,0,0,0,0,0,0,PROPOSAL_OR_NOT_EVALUATED
LEGACY_PHASE3GA_CM_CN,date,metadata,True,True,True,False,False,0,0,0,0,0,0,0,0,0,0,0,0,PROPOSAL_OR_NOT_EVALUATED
UNIFIED_DEVELOPMENT_DISCOVERY,date,metadata,True,True,True,False,False,0,0,0,0,0,0,0,0,0,0,0,0,PROPOSAL_OR_NOT_EVALUATED
LEGACY_PHASE3GA_CM_CN,evt_uplimit_active,event_state,True,True,True,False,True,100,100,16,100,2,3,0,0,0,0,8,23,PROPOSAL_OR_NOT_EVALUATED
UNIFIED_DEVELOPMENT_DISCOVERY,evt_uplimit_active,event_state,True,True,True,False,False,0,0,0,0,0,0,0,0,0,0,0,0,PROPOSAL_OR_NOT_EVALUATED
LEGACY_PHASE3GA_CM_CN,evt_uplimit_age_min,event_state,True,True,True,False,True,97,97,12,97,2,2,0,0,0,0,5,2,PROPOSAL_OR_NOT_EVALUATED
UNIFIED_DEVELOPMENT_DISCOVERY,evt_uplimit_age_min,event_state,True,True,True,False,False,0,0,0,0,0,0,0,0,0,0,0,0,PROPOSAL_OR_NOT_EVALUATED
LEGACY_PHASE3GA_CM_CN,evt_uplimit_amount,event_state,True,True,True,False,True,96,96,12,96,2,2,0,0,0,0,8,0,PROPOSAL_OR_NOT_EVALUATED
UNIFIED_DEVELOPMENT_DISCOVERY,evt_uplimit_amount,event_state,True,True,True,False,False,0,0,0,0,0,0,0,0,0,0,0,0,PROPOSAL_OR_NOT_EVALUATED
LEGACY_PHASE3GA_CM_CN,evt_uplimit_auction_buy,event_state,True,True,True,False,True,172,172,12,172,2,4,0,0,0,0,11,2,PROPOSAL_OR_NOT_EVALUATED
UNIFIED_DEVELOPMENT_DISCOVERY,evt_uplimit_auction_buy,event_state,True,True,True,False,False,0,0,0,0,0,0,0,0,0,0,0,0,PROPOSAL_OR_NOT_EVALUATED
LEGACY_PHASE3GA_CM_CN,evt_uplimit_auction_money,event_state,True,True,True,False,True,723,723,28,723,153,18,4,4,0,0,68,1,DEVELOPMENT_ONLY_NOT_OOS
UNIFIED_DEVELOPMENT_DISCOVERY,evt_uplimit_auction_money,event_state,True,True,True,False,False,0,0,0,0,0,0,0,0,0,0,0,0,PROPOSAL_OR_NOT_EVALUATED
LEGACY_PHASE3GA_CM_CN,evt_uplimit_auction_offer,event_state,True,True,True,False,True,174,174,12,174,2,2,0,0,0,0,11,1,PROPOSAL_OR_NOT_EVALUATED
UNIFIED_DEVELOPMENT_DISCOVERY,evt_uplimit_auction_offer,event_state,True,True,True,False,False,0,0,0,0,0,0,0,0,0,0,0,0,PROPOSAL_OR_NOT_EVALUATED
LEGACY_PHASE3GA_CM_CN,evt_uplimit_auction_pre1max_ratio,event_state,True,True,True,False,True,732,732,28,732,158,25,13,13,0,0,73,1,DEVELOPMENT_ONLY_NOT_OOS
UNIFIED_DEVELOPMENT_DISCOVERY,evt_uplimit_auction_pre1max_ratio,event_state,True,True,True,False,False,0,0,0,0,0,0,0,0,0,0,0,0,PROPOSAL_OR_NOT_EVALUATED
LEGACY_PHASE3GA_CM_CN,evt_uplimit_auction_turnover,event_state,True,True,True,False,True,703,703,28,703,148,13,6,6,0,0,69,2,DEVELOPMENT_ONLY_NOT_OOS
UNIFIED_DEVELOPMENT_DISCOVERY,evt_uplimit_auction_turnover,event_state,True,True,True,False,False,0,0,0,0,0,0,0,0,0,0,0,0,PROPOSAL_OR_NOT_EVALUATED
LEGACY_PHASE3GA_CM_CN,evt_uplimit_cutoff_minute,event_state,True,True,True,False,False,0,0,0,0,0,0,0,0,0,0,0,0,PROPOSAL_OR_NOT_EVALUATED
UNIFIED_DEVELOPMENT_DISCOVERY,evt_uplimit_cutoff_minute,event_state,True,True,True,False,False,0,0,0,0,0,0,0,0,0,0,0,0,PROPOSAL_OR_NOT_EVALUATED
LEGACY_PHASE3GA_CM_CN,evt_uplimit_fd_close,event_state,True,True,True,False,True,745,745,28,745,168,26,7,7,0,0,90,0,DEVELOPMENT_ONLY_NOT_OOS
UNIFIED_DEVELOPMENT_DISCOVERY,evt_uplimit_fd_close,event_state,True,True,True,False,False,0,0,0,0,0,0,0,0,0,0,0,0,PROPOSAL_OR_NOT_EVALUATED
LEGACY_PHASE3GA_CM_CN,evt_uplimit_fd_max,event_state,True,True,True,False,True,172,172,12,172,2,4,0,0,0,0,10,8,PROPOSAL_OR_NOT_EVALUATED
UNIFIED_DEVELOPMENT_DISCOVERY,evt_uplimit_fd_max,event_state,True,True,True,False,False,0,0,0,0,0,0,0,0,0,0,0,0,PROPOSAL_OR_NOT_EVALUATED
LEGACY_PHASE3GA_CM_CN,evt_uplimit_type_code,event_state,True,True,True,False,False,0,0,0,0,0,0,0,0,0,0,0,0,PROPOSAL_OR_NOT_EVALUATED
UNIFIED_DEVELOPMENT_DISCOVERY,evt_uplimit_type_code,event_state,True,True,True,False,False,0,0,0,0,0,0,0,0,0,0,0,0,PROPOSAL_OR_NOT_EVALUATED
LEGACY_PHASE3GA_CM_CN,evt_uplimit_up_limit_keep_times,event_state,True,True,True,False,True,3807,3807,26,3807,454,48,38,38,0,0,180,25,DEVELOPMENT_ONLY_NOT_OOS
UNIFIED_DEVELOPMENT_DISCOVERY,evt_uplimit_up_limit_keep_times,event_state,True,True,True,False,False,0,0,0,0,0,0,0,0,0,0,0,0,PROPOSAL_OR_NOT_EVALUATED
LEGACY_PHASE3GA_CM_CN,exec_date,metadata,True,True,True,False,False,0,0,0,0,0,0,0,0,0,0,0,0,PROPOSAL_OR_NOT_EVALUATED
UNIFIED_DEVELOPMENT_DISCOVERY,exec_date,metadata,True,True,True,False,False,0,0,0,0,0,0,0,0,0,0,0,0,PROPOSAL_OR_NOT_EVALUATED
LEGACY_PHASE3GA_CM_CN,fund_accruals_profit_minus_cfo_assets,canonical_fundamental_accruals,True,True,True,True,False,0,0,0,0,0,0,0,0,0,0,0,0,PROPOSAL_OR_NOT_EVALUATED
UNIFIED_DEVELOPMENT_DISCOVERY,fund_accruals_profit_minus_cfo_assets,canonical_fundamental_accruals,True,True,True,True,True,2,2,2,2,2,2,2,2,0,0,0,0,DEVELOPMENT_ONLY_NOT_OOS
LEGACY_PHASE3GA_CM_CN,fund_ba_accounts_payable_acceleration,canonical_fundamental_working_capital,True,True,True,True,False,0,0,0,0,0,0,0,0,0,0,0,0,PROPOSAL_OR_NOT_EVALUATED
UNIFIED_DEVELOPMENT_DISCOVERY,fund_ba_accounts_payable_acceleration,canonical_fundamental_working_capital,True,True,True,True,True,2,2,2,2,2,2,2,2,0,0,0,0,DEVELOPMENT_ONLY_NOT_OOS
LEGACY_PHASE3GA_CM_CN,fund_ba_accounts_payable_delta,canonical_fundamental_working_capital,True,True,True,True,False,0,0,0,0,0,0,0,0,0,0,0,0,PROPOSAL_OR_NOT_EVALUATED
UNIFIED_DEVELOPMENT_DISCOVERY,fund_ba_accounts_payable_delta,canonical_fundamental_working_capital,True,True,True,True,False,0,0,0,0,0,0,0,0,0,0,0,0,PROPOSAL_OR_NOT_EVALUATED
LEGACY_PHASE3GA_CM_CN,fund_ba_accounts_payable_persistence,canonical_fundamental_working_capital,True,True,True,True,False,0,0,0,0,0,0,0,0,0,0,0,0,PROPOSAL_OR_NOT_EVALUATED
UNIFIED_DEVELOPMENT_DISCOVERY,fund_ba_accounts_payable_persistence,canonical_fundamental_working_capital,True,True,True,True,False,0,0,0,0,0,0,0,0,0,0,0,0,PROPOSAL_OR_NOT_EVALUATED
LEGACY_PHASE3GA_CM_CN,fund_ba_accounts_payable_slope,canonical_fundamental_working_capital,True,True,True,True,False,0,0,0,0,0,0,0,0,0,0,0,0,PROPOSAL_OR_NOT_EVALUATED
UNIFIED_DEVELOPMENT_DISCOVERY,fund_ba_accounts_payable_slope,canonical_fundamental_working_capital,True,True,True,True,False,0,0,0,0,0,0,0,0,0,0,0,0,PROPOSAL_OR_NOT_EVALUATED
LEGACY_PHASE3GA_CM_CN,fund_ba_accounts_payable_source_yoy,canonical_fundamental_growth,True,True,True,True,False,0,0,0,0,0,0,0,0,0,0,0,0,PROPOSAL_OR_NOT_EVALUATED
UNIFIED_DEVELOPMENT_DISCOVERY,fund_ba_accounts_payable_source_yoy,canonical_fundamental_growth,True,True,True,True,False,0,0,0,0,0,0,0,0,0,0,0,0,PROPOSAL_OR_NOT_EVALUATED
LEGACY_PHASE3GA_CM_CN,fund_ba_accounts_payable_yoy,canonical_fundamental_growth,True,True,True,True,False,0,0,0,0,0,0,0,0,0,0,0,0,PROPOSAL_OR_NOT_EVALUATED
UNIFIED_DEVELOPMENT_DISCOVERY,fund_ba_accounts_payable_yoy,canonical_fundamental_growth,True,True,True,True,False,0,0,0,0,0,0,0,0,0,0,0,0,PROPOSAL_OR_NOT_EVALUATED
LEGACY_PHASE3GA_CM_CN,fund_ba_accounts_rece_acceleration,canonical_fundamental_working_capital,True,True,True,True,False,0,0,0,0,0,0,0,0,0,0,0,0,PROPOSAL_OR_NOT_EVALUATED
UNIFIED_DEVELOPMENT_DISCOVERY,fund_ba_accounts_rece_acceleration,canonical_fundamental_working_capital,True,True,True,True,False,0,0,0,0,0,0,0,0,0,0,0,0,PROPOSAL_OR_NOT_EVALUATED
LEGACY_PHASE3GA_CM_CN,fund_ba_accounts_rece_delta,canonical_fundamental_working_capital,True,True,True,True,False,0,0,0,0,0,0,0,0,0,0,0,0,PROPOSAL_OR_NOT_EVALUATED
UNIFIED_DEVELOPMENT_DISCOVERY,fund_ba_accounts_rece_delta,canonical_fundamental_working_capital,True,True,True,True,False,0,0,0,0,0,0,0,0,0,0,0,0,PROPOSAL_OR_NOT_EVALUATED
LEGACY_PHASE3GA_CM_CN,fund_ba_accounts_rece_persistence,canonical_fundamental_working_capital,True,True,True,True,False,0,0,0,0,0,0,0,0,0,0,0,0,PROPOSAL_OR_NOT_EVALUATED
UNIFIED_DEVELOPMENT_DISCOVERY,fund_ba_accounts_rece_persistence,canonical_fundamental_working_capital,True,True,True,True,False,0,0,0,0,0,0,0,0,0,0,0,0,PROPOSAL_OR_NOT_EVALUATED
LEGACY_PHASE3GA_CM_CN,fund_ba_accounts_rece_slope,canonical_fundamental_working_capital,True,True,True,True,False,0,0,0,0,0,0,0,0,0,0,0,0,PROPOSAL_OR_NOT_EVALUATED
UNIFIED_DEVELOPMENT_DISCOVERY,fund_ba_accounts_rece_slope,canonical_fundamental_working_capital,True,True,True,True,False,0,0,0,0,0,0,0,0,0,0,0,0,PROPOSAL_OR_NOT_EVALUATED
LEGACY_PHASE3GA_CM_CN,fund_ba_accounts_rece_source_yoy,canonical_fundamental_growth,True,True,True,True,False,0,0,0,0,0,0,0,0,0,0,0,0,PROPOSAL_OR_NOT_EVALUATED
UNIFIED_DEVELOPMENT_DISCOVERY,fund_ba_accounts_rece_source_yoy,canonical_fundamental_growth,True,True,True,True,True,2,2,2,2,2,2,2,2,0,0,0,0,DEVELOPMENT_ONLY_NOT_OOS
LEGACY_PHASE3GA_CM_CN,fund_ba_accounts_rece_yoy,canonical_fundamental_growth,True,True,True,True,False,0,0,0,0,0,0,0,0,0,0,0,0,PROPOSAL_OR_NOT_EVALUATED
UNIFIED_DEVELOPMENT_DISCOVERY,fund_ba_accounts_rece_yoy,canonical_fundamental_growth,True,True,True,True,False,0,0,0,0,0,0,0,0,0,0,0,0,PROPOSAL_OR_NOT_EVALUATED
LEGACY_PHASE3GA_CM_CN,fund_ba_fixed_asset_acceleration,canonical_fundamental_capital_investment,True,True,True,True,False,0,0,0,0,0,0,0,0,0,0,0,0,PROPOSAL_OR_NOT_EVALUATED
UNIFIED_DEVELOPMENT_DISCOVERY,fund_ba_fixed_asset_acceleration,canonical_fundamental_capital_investment,True,True,True,True,True,2,2,2,2,2,2,0,0,0,0,0,0,PROPOSAL_OR_NOT_EVALUATED
LEGACY_PHASE3GA_CM_CN,fund_ba_fixed_asset_delta,canonical_fundamental_capital_investment,True,True,True,True,False,0,0,0,0,0,0,0,0,0,0,0,0,PROPOSAL_OR_NOT_EVALUATED
UNIFIED_DEVELOPMENT_DISCOVERY,fund_ba_fixed_asset_delta,canonical_fundamental_capital_investment,True,True,True,True,False,0,0,0,0,0,0,0,0,0,0,0,0,PROPOSAL_OR_NOT_EVALUATED
LEGACY_PHASE3GA_CM_CN,fund_ba_fixed_asset_persistence,canonical_fundamental_capital_investment,True,True,True,True,False,0,0,0,0,0,0,0,0,0,0,0,0,PROPOSAL_OR_NOT_EVALUATED
UNIFIED_DEVELOPMENT_DISCOVERY,fund_ba_fixed_asset_persistence,canonical_fundamental_capital_investment,True,True,True,True,False,0,0,0,0,0,0,0,0,0,0,0,0,PROPOSAL_OR_NOT_EVALUATED
LEGACY_PHASE3GA_CM_CN,fund_ba_fixed_asset_slope,canonical_fundamental_capital_investment,True,True,True,True,False,0,0,0,0,0,0,0,0,0,0,0,0,PROPOSAL_OR_NOT_EVALUATED
UNIFIED_DEVELOPMENT_DISCOVERY,fund_ba_fixed_asset_slope,canonical_fundamental_capital_investment,True,True,True,True,False,0,0,0,0,0,0,0,0,0,0,0,0,PROPOSAL_OR_NOT_EVALUATED
LEGACY_PHASE3GA_CM_CN,fund_ba_fixed_asset_source_yoy,canonical_fundamental_growth,True,True,True,True,False,0,0,0,0,0,0,0,0,0,0,0,0,PROPOSAL_OR_NOT_EVALUATED
UNIFIED_DEVELOPMENT_DISCOVERY,fund_ba_fixed_asset_source_yoy,canonical_fundamental_growth,True,True,True,True,False,0,0,0,0,0,0,0,0,0,0,0,0,PROPOSAL_OR_NOT_EVALUATED
LEGACY_PHASE3GA_CM_CN,fund_ba_fixed_asset_yoy,canonical_fundamental_growth,True,True,True,True,False,0,0,0,0,0,0,0,0,0,0,0,0,PROPOSAL_OR_NOT_EVALUATED
UNIFIED_DEVELOPMENT_DISCOVERY,fund_ba_fixed_asset_yoy,canonical_fundamental_growth,True,True,True,True,False,0,0,0,0,0,0,0,0,0,0,0,0,PROPOSAL_OR_NOT_EVALUATED
LEGACY_PHASE3GA_CM_CN,fund_ba_inventory_acceleration,canonical_fundamental_working_capital,True,True,True,True,False,0,0,0,0,0,0,0,0,0,0,0,0,PROPOSAL_OR_NOT_EVALUATED
UNIFIED_DEVELOPMENT_DISCOVERY,fund_ba_inventory_acceleration,canonical_fundamental_working_capital,True,True,True,True,True,2,2,2,2,2,2,0,0,0,0,0,0,PROPOSAL_OR_NOT_EVALUATED
LEGACY_PHASE3GA_CM_CN,fund_ba_inventory_delta,canonical_fundamental_working_capital,True,True,True,True,False,0,0,0,0,0,0,0,0,0,0,0,0,PROPOSAL_OR_NOT_EVALUATED
UNIFIED_DEVELOPMENT_DISCOVERY,fund_ba_inventory_delta,canonical_fundamental_working_capital,True,True,True,True,True,2,2,2,2,2,2,0,0,0,0,0,0,PROPOSAL_OR_NOT_EVALUATED
LEGACY_PHASE3GA_CM_CN,fund_ba_inventory_persistence,canonical_fundamental_working_capital,True,True,True,True,False,0,0,0,0,0,0,0,0,0,0,0,0,PROPOSAL_OR_NOT_EVALUATED
UNIFIED_DEVELOPMENT_DISCOVERY,fund_ba_inventory_persistence,canonical_fundamental_working_capital,True,True,True,True,True,2,2,2,2,2,0,0,0,0,0,0,0,PROPOSAL_OR_NOT_EVALUATED
LEGACY_PHASE3GA_CM_CN,fund_ba_inventory_slope,canonical_fundamental_working_capital,True,True,True,True,False,0,0,0,0,0,0,0,0,0,0,0,0,PROPOSAL_OR_NOT_EVALUATED
UNIFIED_DEVELOPMENT_DISCOVERY,fund_ba_inventory_slope,canonical_fundamental_working_capital,True,True,True,True,False,0,0,0,0,0,0,0,0,0,0,0,0,PROPOSAL_OR_NOT_EVALUATED
LEGACY_PHASE3GA_CM_CN,fund_ba_inventory_source_yoy,canonical_fundamental_growth,True,True,True,True,False,0,0,0,0,0,0,0,0,0,0,0,0,PROPOSAL_OR_NOT_EVALUATED
UNIFIED_DEVELOPMENT_DISCOVERY,fund_ba_inventory_source_yoy,canonical_fundamental_growth,True,True,True,True,True,2,2,2,2,2,2,2,2,0,0,0,0,DEVELOPMENT_ONLY_NOT_OOS
LEGACY_PHASE3GA_CM_CN,fund_ba_inventory_yoy,canonical_fundamental_growth,True,True,True,True,False,0,0,0,0,0,0,0,0,0,0,0,0,PROPOSAL_OR_NOT_EVALUATED
UNIFIED_DEVELOPMENT_DISCOVERY,fund_ba_inventory_yoy,canonical_fundamental_growth,True,True,True,True,False,0,0,0,0,0,0,0,0,0,0,0,0,PROPOSAL_OR_NOT_EVALUATED
LEGACY_PHASE3GA_CM_CN,fund_ba_monetaryfunds_acceleration,canonical_fundamental_liquidity_solvency,True,True,True,True,False,0,0,0,0,0,0,0,0,0,0,0,0,PROPOSAL_OR_NOT_EVALUATED
UNIFIED_DEVELOPMENT_DISCOVERY,fund_ba_monetaryfunds_acceleration,canonical_fundamental_liquidity_solvency,True,True,True,True,False,0,0,0,0,0,0,0,0,0,0,0,0,PROPOSAL_OR_NOT_EVALUATED
LEGACY_PHASE3GA_CM_CN,fund_ba_monetaryfunds_delta,canonical_fundamental_liquidity_solvency,True,True,True,True,False,0,0,0,0,0,0,0,0,0,0,0,0,PROPOSAL_OR_NOT_EVALUATED
UNIFIED_DEVELOPMENT_DISCOVERY,fund_ba_monetaryfunds_delta,canonical_fundamental_liquidity_solvency,True,True,True,True,False,0,0,0,0,0,0,0,0,0,0,0,0,PROPOSAL_OR_NOT_EVALUATED
LEGACY_PHASE3GA_CM_CN,fund_ba_monetaryfunds_persistence,canonical_fundamental_liquidity_solvency,True,True,True,True,False,0,0,0,0,0,0,0,0,0,0,0,0,PROPOSAL_OR_NOT_EVALUATED
UNIFIED_DEVELOPMENT_DISCOVERY,fund_ba_monetaryfunds_persistence,canonical_fundamental_liquidity_solvency,True,True,True,True,False,0,0,0,0,0,0,0,0,0,0,0,0,PROPOSAL_OR_NOT_EVALUATED
LEGACY_PHASE3GA_CM_CN,fund_ba_monetaryfunds_slope,canonical_fundamental_liquidity_solvency,True,True,True,True,False,0,0,0,0,0,0,0,0,0,0,0,0,PROPOSAL_OR_NOT_EVALUATED
UNIFIED_DEVELOPMENT_DISCOVERY,fund_ba_monetaryfunds_slope,canonical_fundamental_liquidity_solvency,True,True,True,True,False,0,0,0,0,0,0,0,0,0,0,0,0,PROPOSAL_OR_NOT_EVALUATED
LEGACY_PHASE3GA_CM_CN,fund_ba_monetaryfunds_source_yoy,canonical_fundamental_growth,True,True,True,True,False,0,0,0,0,0,0,0,0,0,0,0,0,PROPOSAL_OR_NOT_EVALUATED
UNIFIED_DEVELOPMENT_DISCOVERY,fund_ba_monetaryfunds_source_yoy,canonical_fundamental_growth,True,True,True,True,False,0,0,0,0,0,0,0,0,0,0,0,0,PROPOSAL_OR_NOT_EVALUATED
LEGACY_PHASE3GA_CM_CN,fund_ba_monetaryfunds_yoy,canonical_fundamental_growth,True,True,True,True,False,0,0,0,0,0,0,0,0,0,0,0,0,PROPOSAL_OR_NOT_EVALUATED
UNIFIED_DEVELOPMENT_DISCOVERY,fund_ba_monetaryfunds_yoy,canonical_fundamental_growth,True,True,True,True,False,0,0,0,0,0,0,0,0,0,0,0,0,PROPOSAL_OR_NOT_EVALUATED
LEGACY_PHASE3GA_CM_CN,fund_ba_total_assets_acceleration,canonical_fundamental_size,True,True,True,True,False,0,0,0,0,0,0,0,0,0,0,0,0,PROPOSAL_OR_NOT_EVALUATED
UNIFIED_DEVELOPMENT_DISCOVERY,fund_ba_total_assets_acceleration,canonical_fundamental_size,True,True,True,True,False,0,0,0,0,0,0,0,0,0,0,0,0,PROPOSAL_OR_NOT_EVALUATED
LEGACY_PHASE3GA_CM_CN,fund_ba_total_assets_delta,canonical_fundamental_size,True,True,True,True,False,0,0,0,0,0,0,0,0,0,0,0,0,PROPOSAL_OR_NOT_EVALUATED
UNIFIED_DEVELOPMENT_DISCOVERY,fund_ba_total_assets_delta,canonical_fundamental_size,True,True,True,True,False,0,0,0,0,0,0,0,0,0,0,0,0,PROPOSAL_OR_NOT_EVALUATED
LEGACY_PHASE3GA_CM_CN,fund_ba_total_assets_persistence,canonical_fundamental_size,True,True,True,True,False,0,0,0,0,0,0,0,0,0,0,0,0,PROPOSAL_OR_NOT_EVALUATED
UNIFIED_DEVELOPMENT_DISCOVERY,fund_ba_total_assets_persistence,canonical_fundamental_size,True,True,True,True,False,0,0,0,0,0,0,0,0,0,0,0,0,PROPOSAL_OR_NOT_EVALUATED
LEGACY_PHASE3GA_CM_CN,fund_ba_total_assets_slope,canonical_fundamental_size,True,True,True,True,False,0,0,0,0,0,0,0,0,0,0,0,0,PROPOSAL_OR_NOT_EVALUATED
UNIFIED_DEVELOPMENT_DISCOVERY,fund_ba_total_assets_slope,canonical_fundamental_size,True,True,True,True,True,2,2,2,2,2,0,0,0,0,0,0,0,PROPOSAL_OR_NOT_EVALUATED
LEGACY_PHASE3GA_CM_CN,fund_ba_total_assets_source_yoy,canonical_fundamental_growth,True,True,True,True,False,0,0,0,0,0,0,0,0,0,0,0,0,PROPOSAL_OR_NOT_EVALUATED
UNIFIED_DEVELOPMENT_DISCOVERY,fund_ba_total_assets_source_yoy,canonical_fundamental_growth,True,True,True,True,False,0,0,0,0,0,0,0,0,0,0,0,0,PROPOSAL_OR_NOT_EVALUATED
LEGACY_PHASE3GA_CM_CN,fund_ba_total_assets_yoy,canonical_fundamental_growth,True,True,True,True,False,0,0,0,0,0,0,0,0,0,0,0,0,PROPOSAL_OR_NOT_EVALUATED
UNIFIED_DEVELOPMENT_DISCOVERY,fund_ba_total_assets_yoy,canonical_fundamental_growth,True,True,True,True,True,2,2,2,2,2,0,0,0,0,0,0,0,PROPOSAL_OR_NOT_EVALUATED
LEGACY_PHASE3GA_CM_CN,fund_ba_total_current_assets_acceleration,canonical_fundamental_liquidity_solvency,True,True,True,True,False,0,0,0,0,0,0,0,0,0,0,0,0,PROPOSAL_OR_NOT_EVALUATED
UNIFIED_DEVELOPMENT_DISCOVERY,fund_ba_total_current_assets_acceleration,canonical_fundamental_liquidity_solvency,True,True,True,True,True,2,2,2,2,2,0,0,0,0,0,0,0,PROPOSAL_OR_NOT_EVALUATED
LEGACY_PHASE3GA_CM_CN,fund_ba_total_current_assets_delta,canonical_fundamental_liquidity_solvency,True,True,True,True,False,0,0,0,0,0,0,0,0,0,0,0,0,PROPOSAL_OR_NOT_EVALUATED
UNIFIED_DEVELOPMENT_DISCOVERY,fund_ba_total_current_assets_delta,canonical_fundamental_liquidity_solvency,True,True,True,True,False,0,0,0,0,0,0,0,0,0,0,0,0,PROPOSAL_OR_NOT_EVALUATED
LEGACY_PHASE3GA_CM_CN,fund_ba_total_current_assets_persistence,canonical_fundamental_liquidity_solvency,True,True,True,True,False,0,0,0,0,0,0,0,0,0,0,0,0,PROPOSAL_OR_NOT_EVALUATED
UNIFIED_DEVELOPMENT_DISCOVERY,fund_ba_total_current_assets_persistence,canonical_fundamental_liquidity_solvency,True,True,True,True,False,0,0,0,0,0,0,0,0,0,0,0,0,PROPOSAL_OR_NOT_EVALUATED
LEGACY_PHASE3GA_CM_CN,fund_ba_total_current_assets_slope,canonical_fundamental_liquidity_solvency,True,True,True,True,False,0,0,0,0,0,0,0,0,0,0,0,0,PROPOSAL_OR_NOT_EVALUATED
UNIFIED_DEVELOPMENT_DISCOVERY,fund_ba_total_current_assets_slope,canonical_fundamental_liquidity_solvency,True,True,True,True,False,0,0,0,0,0,0,0,0,0,0,0,0,PROPOSAL_OR_NOT_EVALUATED
LEGACY_PHASE3GA_CM_CN,fund_ba_total_current_assets_source_yoy,canonical_fundamental_growth,True,True,True,True,False,0,0,0,0,0,0,0,0,0,0,0,0,PROPOSAL_OR_NOT_EVALUATED
UNIFIED_DEVELOPMENT_DISCOVERY,fund_ba_total_current_assets_source_yoy,canonical_fundamental_growth,True,True,True,True,False,0,0,0,0,0,0,0,0,0,0,0,0,PROPOSAL_OR_NOT_EVALUATED
LEGACY_PHASE3GA_CM_CN,fund_ba_total_current_assets_yoy,canonical_fundamental_growth,True,True,True,True,False,0,0,0,0,0,0,0,0,0,0,0,0,PROPOSAL_OR_NOT_EVALUATED
UNIFIED_DEVELOPMENT_DISCOVERY,fund_ba_total_current_assets_yoy,canonical_fundamental_growth,True,True,True,True,False,0,0,0,0,0,0,0,0,0,0,0,0,PROPOSAL_OR_NOT_EVALUATED
LEGACY_PHASE3GA_CM_CN,fund_ba_total_current_liab_acceleration,canonical_fundamental_liquidity_solvency,True,True,True,True,False,0,0,0,0,0,0,0,0,0,0,0,0,PROPOSAL_OR_NOT_EVALUATED
UNIFIED_DEVELOPMENT_DISCOVERY,fund_ba_total_current_liab_acceleration,canonical_fundamental_liquidity_solvency,True,True,True,True,False,0,0,0,0,0,0,0,0,0,0,0,0,PROPOSAL_OR_NOT_EVALUATED
LEGACY_PHASE3GA_CM_CN,fund_ba_total_current_liab_delta,canonical_fundamental_liquidity_solvency,True,True,True,True,False,0,0,0,0,0,0,0,0,0,0,0,0,PROPOSAL_OR_NOT_EVALUATED
UNIFIED_DEVELOPMENT_DISCOVERY,fund_ba_total_current_liab_delta,canonical_fundamental_liquidity_solvency,True,True,True,True,True,2,2,2,2,2,0,0,0,0,0,0,0,PROPOSAL_OR_NOT_EVALUATED
LEGACY_PHASE3GA_CM_CN,fund_ba_total_current_liab_persistence,canonical_fundamental_liquidity_solvency,True,True,True,True,False,0,0,0,0,0,0,0,0,0,0,0,0,PROPOSAL_OR_NOT_EVALUATED
UNIFIED_DEVELOPMENT_DISCOVERY,fund_ba_total_current_liab_persistence,canonical_fundamental_liquidity_solvency,True,True,True,True,True,2,2,2,2,2,0,0,0,0,0,0,0,PROPOSAL_OR_NOT_EVALUATED
LEGACY_PHASE3GA_CM_CN,fund_ba_total_current_liab_slope,canonical_fundamental_liquidity_solvency,True,True,True,True,False,0,0,0,0,0,0,0,0,0,0,0,0,PROPOSAL_OR_NOT_EVALUATED
UNIFIED_DEVELOPMENT_DISCOVERY,fund_ba_total_current_liab_slope,canonical_fundamental_liquidity_solvency,True,True,True,True,False,0,0,0,0,0,0,0,0,0,0,0,0,PROPOSAL_OR_NOT_EVALUATED
LEGACY_PHASE3GA_CM_CN,fund_ba_total_current_liab_source_yoy,canonical_fundamental_growth,True,True,True,True,False,0,0,0,0,0,0,0,0,0,0,0,0,PROPOSAL_OR_NOT_EVALUATED
UNIFIED_DEVELOPMENT_DISCOVERY,fund_ba_total_current_liab_source_yoy,canonical_fundamental_growth,True,True,True,True,False,0,0,0,0,0,0,0,0,0,0,0,0,PROPOSAL_OR_NOT_EVALUATED
LEGACY_PHASE3GA_CM_CN,fund_ba_total_current_liab_yoy,canonical_fundamental_growth,True,True,True,True,False,0,0,0,0,0,0,0,0,0,0,0,0,PROPOSAL_OR_NOT_EVALUATED
UNIFIED_DEVELOPMENT_DISCOVERY,fund_ba_total_current_liab_yoy,canonical_fundamental_growth,True,True,True,True,True,2,2,2,2,2,0,0,0,0,0,0,0,PROPOSAL_OR_NOT_EVALUATED
LEGACY_PHASE3GA_CM_CN,fund_ba_total_equity_acceleration,canonical_fundamental_leverage,True,True,True,True,False,0,0,0,0,0,0,0,0,0,0,0,0,PROPOSAL_OR_NOT_EVALUATED
UNIFIED_DEVELOPMENT_DISCOVERY,fund_ba_total_equity_acceleration,canonical_fundamental_leverage,True,True,True,True,False,0,0,0,0,0,0,0,0,0,0,0,0,PROPOSAL_OR_NOT_EVALUATED
LEGACY_PHASE3GA_CM_CN,fund_ba_total_equity_delta,canonical_fundamental_leverage,True,True,True,True,False,0,0,0,0,0,0,0,0,0,0,0,0,PROPOSAL_OR_NOT_EVALUATED
UNIFIED_DEVELOPMENT_DISCOVERY,fund_ba_total_equity_delta,canonical_fundamental_leverage,True,True,True,True,False,0,0,0,0,0,0,0,0,0,0,0,0,PROPOSAL_OR_NOT_EVALUATED
LEGACY_PHASE3GA_CM_CN,fund_ba_total_equity_persistence,canonical_fundamental_leverage,True,True,True,True,False,0,0,0,0,0,0,0,0,0,0,0,0,PROPOSAL_OR_NOT_EVALUATED
UNIFIED_DEVELOPMENT_DISCOVERY,fund_ba_total_equity_persistence,canonical_fundamental_leverage,True,True,True,True,False,0,0,0,0,0,0,0,0,0,0,0,0,PROPOSAL_OR_NOT_EVALUATED
LEGACY_PHASE3GA_CM_CN,fund_ba_total_equity_slope,canonical_fundamental_leverage,True,True,True,True,False,0,0,0,0,0,0,0,0,0,0,0,0,PROPOSAL_OR_NOT_EVALUATED
UNIFIED_DEVELOPMENT_DISCOVERY,fund_ba_total_equity_slope,canonical_fundamental_leverage,True,True,True,True,False,0,0,0,0,0,0,0,0,0,0,0,0,PROPOSAL_OR_NOT_EVALUATED
LEGACY_PHASE3GA_CM_CN,fund_ba_total_equity_source_yoy,canonical_fundamental_growth,True,True,True,True,False,0,0,0,0,0,0,0,0,0,0,0,0,PROPOSAL_OR_NOT_EVALUATED
UNIFIED_DEVELOPMENT_DISCOVERY,fund_ba_total_equity_source_yoy,canonical_fundamental_growth,True,True,True,True,False,0,0,0,0,0,0,0,0,0,0,0,0,PROPOSAL_OR_NOT_EVALUATED
LEGACY_PHASE3GA_CM_CN,fund_ba_total_equity_yoy,canonical_fundamental_growth,True,True,True,True,False,0,0,0,0,0,0,0,0,0,0,0,0,PROPOSAL_OR_NOT_EVALUATED
UNIFIED_DEVELOPMENT_DISCOVERY,fund_ba_total_equity_yoy,canonical_fundamental_growth,True,True,True,True,False,0,0,0,0,0,0,0,0,0,0,0,0,PROPOSAL_OR_NOT_EVALUATED
LEGACY_PHASE3GA_CM_CN,fund_ba_total_liabilities_acceleration,canonical_fundamental_leverage,True,True,True,True,False,0,0,0,0,0,0,0,0,0,0,0,0,PROPOSAL_OR_NOT_EVALUATED
UNIFIED_DEVELOPMENT_DISCOVERY,fund_ba_total_liabilities_acceleration,canonical_fundamental_leverage,True,True,True,True,True,2,2,2,2,2,2,0,0,0,0,0,0,PROPOSAL_OR_NOT_EVALUATED
LEGACY_PHASE3GA_CM_CN,fund_ba_total_liabilities_delta,canonical_fundamental_leverage,True,True,True,True,False,0,0,0,0,0,0,0,0,0,0,0,0,PROPOSAL_OR_NOT_EVALUATED
UNIFIED_DEVELOPMENT_DISCOVERY,fund_ba_total_liabilities_delta,canonical_fundamental_leverage,True,True,True,True,False,0,0,0,0,0,0,0,0,0,0,0,0,PROPOSAL_OR_NOT_EVALUATED
LEGACY_PHASE3GA_CM_CN,fund_ba_total_liabilities_persistence,canonical_fundamental_leverage,True,True,True,True,False,0,0,0,0,0,0,0,0,0,0,0,0,PROPOSAL_OR_NOT_EVALUATED
UNIFIED_DEVELOPMENT_DISCOVERY,fund_ba_total_liabilities_persistence,canonical_fundamental_leverage,True,True,True,True,False,0,0,0,0,0,0,0,0,0,0,0,0,PROPOSAL_OR_NOT_EVALUATED
LEGACY_PHASE3GA_CM_CN,fund_ba_total_liabilities_slope,canonical_fundamental_leverage,True,True,True,True,False,0,0,0,0,0,0,0,0,0,0,0,0,PROPOSAL_OR_NOT_EVALUATED
UNIFIED_DEVELOPMENT_DISCOVERY,fund_ba_total_liabilities_slope,canonical_fundamental_leverage,True,True,True,True,False,0,0,0,0,0,0,0,0,0,0,0,0,PROPOSAL_OR_NOT_EVALUATED
LEGACY_PHASE3GA_CM_CN,fund_ba_total_liabilities_source_yoy,canonical_fundamental_growth,True,True,True,True,False,0,0,0,0,0,0,0,0,0,0,0,0,PROPOSAL_OR_NOT_EVALUATED
UNIFIED_DEVELOPMENT_DISCOVERY,fund_ba_total_liabilities_source_yoy,canonical_fundamental_growth,True,True,True,True,False,0,0,0,0,0,0,0,0,0,0,0,0,PROPOSAL_OR_NOT_EVALUATED
LEGACY_PHASE3GA_CM_CN,fund_ba_total_liabilities_yoy,canonical_fundamental_growth,True,True,True,True,False,0,0,0,0,0,0,0,0,0,0,0,0,PROPOSAL_OR_NOT_EVALUATED
UNIFIED_DEVELOPMENT_DISCOVERY,fund_ba_total_liabilities_yoy,canonical_fundamental_growth,True,True,True,True,True,2,2,2,2,2,0,0,0,0,0,0,0,PROPOSAL_OR_NOT_EVALUATED
LEGACY_PHASE3GA_CM_CN,fund_business_composition_concentration_blocked,canonical_fundamental_business_composition_concentration,True,True,False,False,False,0,0,0,0,0,0,0,0,0,0,0,0,PROPOSAL_OR_NOT_EVALUATED
UNIFIED_DEVELOPMENT_DISCOVERY,fund_business_composition_concentration_blocked,canonical_fundamental_business_composition_concentration,True,True,False,False,False,0,0,0,0,0,0,0,0,0,0,0,0,PROPOSAL_OR_NOT_EVALUATED
LEGACY_PHASE3GA_CM_CN,fund_ca_construct_long_asset_acceleration,canonical_fundamental_capital_investment,True,True,True,True,False,0,0,0,0,0,0,0,0,0,0,0,0,PROPOSAL_OR_NOT_EVALUATED
UNIFIED_DEVELOPMENT_DISCOVERY,fund_ca_construct_long_asset_acceleration,canonical_fundamental_capital_investment,True,True,True,True,True,2,2,2,2,2,2,2,2,0,0,0,0,DEVELOPMENT_ONLY_NOT_OOS
LEGACY_PHASE3GA_CM_CN,fund_ca_construct_long_asset_delta,canonical_fundamental_capital_investment,True,True,True,True,False,0,0,0,0,0,0,0,0,0,0,0,0,PROPOSAL_OR_NOT_EVALUATED
UNIFIED_DEVELOPMENT_DISCOVERY,fund_ca_construct_long_asset_delta,canonical_fundamental_capital_investment,True,True,True,True,False,0,0,0,0,0,0,0,0,0,0,0,0,PROPOSAL_OR_NOT_EVALUATED
LEGACY_PHASE3GA_CM_CN,fund_ca_construct_long_asset_persistence,canonical_fundamental_capital_investment,True,True,True,True,False,0,0,0,0,0,0,0,0,0,0,0,0,PROPOSAL_OR_NOT_EVALUATED
UNIFIED_DEVELOPMENT_DISCOVERY,fund_ca_construct_long_asset_persistence,canonical_fundamental_capital_investment,True,True,True,True,False,0,0,0,0,0,0,0,0,0,0,0,0,PROPOSAL_OR_NOT_EVALUATED
LEGACY_PHASE3GA_CM_CN,fund_ca_construct_long_asset_slope,canonical_fundamental_capital_investment,True,True,True,True,False,0,0,0,0,0,0,0,0,0,0,0,0,PROPOSAL_OR_NOT_EVALUATED
UNIFIED_DEVELOPMENT_DISCOVERY,fund_ca_construct_long_asset_slope,canonical_fundamental_capital_investment,True,True,True,True,False,0,0,0,0,0,0,0,0,0,0,0,0,PROPOSAL_OR_NOT_EVALUATED
LEGACY_PHASE3GA_CM_CN,fund_ca_construct_long_asset_source_yoy,canonical_fundamental_growth,True,True,True,True,False,0,0,0,0,0,0,0,0,0,0,0,0,PROPOSAL_OR_NOT_EVALUATED
UNIFIED_DEVELOPMENT_DISCOVERY,fund_ca_construct_long_asset_source_yoy,canonical_fundamental_growth,True,True,True,True,True,2,2,2,2,2,2,2,2,0,0,0,0,DEVELOPMENT_ONLY_NOT_OOS
LEGACY_PHASE3GA_CM_CN,fund_ca_construct_long_asset_yoy,canonical_fundamental_growth,True,True,True,True,False,0,0,0,0,0,0,0,0,0,0,0,0,PROPOSAL_OR_NOT_EVALUATED
UNIFIED_DEVELOPMENT_DISCOVERY,fund_ca_construct_long_asset_yoy,canonical_fundamental_growth,True,True,True,True,False,0,0,0,0,0,0,0,0,0,0,0,0,PROPOSAL_OR_NOT_EVALUATED
LEGACY_PHASE3GA_CM_CN,fund_ca_netcash_finance_acceleration,canonical_fundamental_capital_investment,True,True,True,True,False,0,0,0,0,0,0,0,0,0,0,0,0,PROPOSAL_OR_NOT_EVALUATED
UNIFIED_DEVELOPMENT_DISCOVERY,fund_ca_netcash_finance_acceleration,canonical_fundamental_capital_investment,True,True,True,True,False,0,0,0,0,0,0,0,0,0,0,0,0,PROPOSAL_OR_NOT_EVALUATED
LEGACY_PHASE3GA_CM_CN,fund_ca_netcash_finance_delta,canonical_fundamental_capital_investment,True,True,True,True,False,0,0,0,0,0,0,0,0,0,0,0,0,PROPOSAL_OR_NOT_EVALUATED
UNIFIED_DEVELOPMENT_DISCOVERY,fund_ca_netcash_finance_delta,canonical_fundamental_capital_investment,True,True,True,True,True,2,2,2,2,2,2,2,2,1,0,0,0,DEVELOPMENT_ONLY_NOT_OOS
LEGACY_PHASE3GA_CM_CN,fund_ca_netcash_finance_persistence,canonical_fundamental_capital_investment,True,True,True,True,False,0,0,0,0,0,0,0,0,0,0,0,0,PROPOSAL_OR_NOT_EVALUATED
UNIFIED_DEVELOPMENT_DISCOVERY,fund_ca_netcash_finance_persistence,canonical_fundamental_capital_investment,True,True,True,True,False,0,0,0,0,0,0,0,0,0,0,0,0,PROPOSAL_OR_NOT_EVALUATED
LEGACY_PHASE3GA_CM_CN,fund_ca_netcash_finance_slope,canonical_fundamental_capital_investment,True,True,True,True,False,0,0,0,0,0,0,0,0,0,0,0,0,PROPOSAL_OR_NOT_EVALUATED
UNIFIED_DEVELOPMENT_DISCOVERY,fund_ca_netcash_finance_slope,canonical_fundamental_capital_investment,True,True,True,True,False,0,0,0,0,0,0,0,0,0,0,0,0,PROPOSAL_OR_NOT_EVALUATED
LEGACY_PHASE3GA_CM_CN,fund_ca_netcash_finance_source_yoy,canonical_fundamental_growth,True,True,True,True,False,0,0,0,0,0,0,0,0,0,0,0,0,PROPOSAL_OR_NOT_EVALUATED
UNIFIED_DEVELOPMENT_DISCOVERY,fund_ca_netcash_finance_source_yoy,canonical_fundamental_growth,True,True,True,True,False,0,0,0,0,0,0,0,0,0,0,0,0,PROPOSAL_OR_NOT_EVALUATED
LEGACY_PHASE3GA_CM_CN,fund_ca_netcash_finance_yoy,canonical_fundamental_growth,True,True,True,True,False,0,0,0,0,0,0,0,0,0,0,0,0,PROPOSAL_OR_NOT_EVALUATED
UNIFIED_DEVELOPMENT_DISCOVERY,fund_ca_netcash_finance_yoy,canonical_fundamental_growth,True,True,True,True,False,0,0,0,0,0,0,0,0,0,0,0,0,PROPOSAL_OR_NOT_EVALUATED
LEGACY_PHASE3GA_CM_CN,fund_ca_netcash_invest_acceleration,canonical_fundamental_capital_investment,True,True,True,True,False,0,0,0,0,0,0,0,0,0,0,0,0,PROPOSAL_OR_NOT_EVALUATED
UNIFIED_DEVELOPMENT_DISCOVERY,fund_ca_netcash_invest_acceleration,canonical_fundamental_capital_investment,True,True,True,True,False,0,0,0,0,0,0,0,0,0,0,0,0,PROPOSAL_OR_NOT_EVALUATED
LEGACY_PHASE3GA_CM_CN,fund_ca_netcash_invest_delta,canonical_fundamental_capital_investment,True,True,True,True,False,0,0,0,0,0,0,0,0,0,0,0,0,PROPOSAL_OR_NOT_EVALUATED
UNIFIED_DEVELOPMENT_DISCOVERY,fund_ca_netcash_invest_delta,canonical_fundamental_capital_investment,True,True,True,True,True,2,2,2,2,2,2,2,2,1,0,0,0,DEVELOPMENT_ONLY_NOT_OOS
LEGACY_PHASE3GA_CM_CN,fund_ca_netcash_invest_persistence,canonical_fundamental_capital_investment,True,True,True,True,False,0,0,0,0,0,0,0,0,0,0,0,0,PROPOSAL_OR_NOT_EVALUATED
UNIFIED_DEVELOPMENT_DISCOVERY,fund_ca_netcash_invest_persistence,canonical_fundamental_capital_investment,True,True,True,True,False,0,0,0,0,0,0,0,0,0,0,0,0,PROPOSAL_OR_NOT_EVALUATED
LEGACY_PHASE3GA_CM_CN,fund_ca_netcash_invest_slope,canonical_fundamental_capital_investment,True,True,True,True,False,0,0,0,0,0,0,0,0,0,0,0,0,PROPOSAL_OR_NOT_EVALUATED
UNIFIED_DEVELOPMENT_DISCOVERY,fund_ca_netcash_invest_slope,canonical_fundamental_capital_investment,True,True,True,True,False,0,0,0,0,0,0,0,0,0,0,0,0,PROPOSAL_OR_NOT_EVALUATED
LEGACY_PHASE3GA_CM_CN,fund_ca_netcash_invest_source_yoy,canonical_fundamental_growth,True,True,True,True,False,0,0,0,0,0,0,0,0,0,0,0,0,PROPOSAL_OR_NOT_EVALUATED
UNIFIED_DEVELOPMENT_DISCOVERY,fund_ca_netcash_invest_source_yoy,canonical_fundamental_growth,True,True,True,True,False,0,0,0,0,0,0,0,0,0,0,0,0,PROPOSAL_OR_NOT_EVALUATED
LEGACY_PHASE3GA_CM_CN,fund_ca_netcash_invest_yoy,canonical_fundamental_growth,True,True,True,True,False,0,0,0,0,0,0,0,0,0,0,0,0,PROPOSAL_OR_NOT_EVALUATED
UNIFIED_DEVELOPMENT_DISCOVERY,fund_ca_netcash_invest_yoy,canonical_fundamental_growth,True,True,True,True,False,0,0,0,0,0,0,0,0,0,0,0,0,PROPOSAL_OR_NOT_EVALUATED
LEGACY_PHASE3GA_CM_CN,fund_ca_netcash_operate_acceleration,canonical_fundamental_cashflow_quality,True,True,True,True,False,0,0,0,0,0,0,0,0,0,0,0,0,PROPOSAL_OR_NOT_EVALUATED
UNIFIED_DEVELOPMENT_DISCOVERY,fund_ca_netcash_operate_acceleration,canonical_fundamental_cashflow_quality,True,True,True,True,False,0,0,0,0,0,0,0,0,0,0,0,0,PROPOSAL_OR_NOT_EVALUATED
LEGACY_PHASE3GA_CM_CN,fund_ca_netcash_operate_delta,canonical_fundamental_cashflow_quality,True,True,True,True,False,0,0,0,0,0,0,0,0,0,0,0,0,PROPOSAL_OR_NOT_EVALUATED
UNIFIED_DEVELOPMENT_DISCOVERY,fund_ca_netcash_operate_delta,canonical_fundamental_cashflow_quality,True,True,True,True,True,2,2,2,2,2,2,2,2,0,0,0,0,DEVELOPMENT_ONLY_NOT_OOS
LEGACY_PHASE3GA_CM_CN,fund_ca_netcash_operate_persistence,canonical_fundamental_cashflow_quality,True,True,True,True,False,0,0,0,0,0,0,0,0,0,0,0,0,PROPOSAL_OR_NOT_EVALUATED
UNIFIED_DEVELOPMENT_DISCOVERY,fund_ca_netcash_operate_persistence,canonical_fundamental_cashflow_quality,True,True,True,True,True,2,2,2,2,2,0,0,0,0,0,0,0,PROPOSAL_OR_NOT_EVALUATED
LEGACY_PHASE3GA_CM_CN,fund_ca_netcash_operate_slope,canonical_fundamental_cashflow_quality,True,True,True,True,False,0,0,0,0,0,0,0,0,0,0,0,0,PROPOSAL_OR_NOT_EVALUATED
UNIFIED_DEVELOPMENT_DISCOVERY,fund_ca_netcash_operate_slope,canonical_fundamental_cashflow_quality,True,True,True,True,False,0,0,0,0,0,0,0,0,0,0,0,0,PROPOSAL_OR_NOT_EVALUATED
LEGACY_PHASE3GA_CM_CN,fund_ca_netcash_operate_source_yoy,canonical_fundamental_growth,True,True,True,True,False,0,0,0,0,0,0,0,0,0,0,0,0,PROPOSAL_OR_NOT_EVALUATED
UNIFIED_DEVELOPMENT_DISCOVERY,fund_ca_netcash_operate_source_yoy,canonical_fundamental_growth,True,True,True,True,False,0,0,0,0,0,0,0,0,0,0,0,0,PROPOSAL_OR_NOT_EVALUATED
LEGACY_PHASE3GA_CM_CN,fund_ca_netcash_operate_yoy,canonical_fundamental_growth,True,True,True,True,False,0,0,0,0,0,0,0,0,0,0,0,0,PROPOSAL_OR_NOT_EVALUATED
UNIFIED_DEVELOPMENT_DISCOVERY,fund_ca_netcash_operate_yoy,canonical_fundamental_growth,True,True,True,True,False,0,0,0,0,0,0,0,0,0,0,0,0,PROPOSAL_OR_NOT_EVALUATED
LEGACY_PHASE3GA_CM_CN,fund_capex_construct_assets,canonical_fundamental_capital_investment,True,True,True,True,False,0,0,0,0,0,0,0,0,0,0,0,0,PROPOSAL_OR_NOT_EVALUATED
UNIFIED_DEVELOPMENT_DISCOVERY,fund_capex_construct_assets,canonical_fundamental_capital_investment,True,True,True,True,False,0,0,0,0,0,0,0,0,0,0,0,0,PROPOSAL_OR_NOT_EVALUATED
LEGACY_PHASE3GA_CM_CN,fund_cashflow_cfo_profit,canonical_fundamental_cashflow_quality,True,True,True,True,False,0,0,0,0,0,0,0,0,0,0,0,0,PROPOSAL_OR_NOT_EVALUATED
UNIFIED_DEVELOPMENT_DISCOVERY,fund_cashflow_cfo_profit,canonical_fundamental_cashflow_quality,True,True,True,True,True,2,2,2,2,2,2,2,2,1,0,0,0,DEVELOPMENT_ONLY_NOT_OOS
LEGACY_PHASE3GA_CM_CN,fund_cashflow_cfo_revenue,canonical_fundamental_cashflow_quality,True,True,True,True,False,0,0,0,0,0,0,0,0,0,0,0,0,PROPOSAL_OR_NOT_EVALUATED
UNIFIED_DEVELOPMENT_DISCOVERY,fund_cashflow_cfo_revenue,canonical_fundamental_cashflow_quality,True,True,True,True,True,2,2,2,2,2,2,0,0,0,0,0,0,PROPOSAL_OR_NOT_EVALUATED
LEGACY_PHASE3GA_CM_CN,fund_disclosure_balance_age_sessions,canonical_fundamental_disclosure_timing_staleness,True,True,True,True,False,0,0,0,0,0,0,0,0,0,0,0,0,PROPOSAL_OR_NOT_EVALUATED
UNIFIED_DEVELOPMENT_DISCOVERY,fund_disclosure_balance_age_sessions,canonical_fundamental_disclosure_timing_staleness,True,True,True,True,True,4,4,2,2,4,4,2,2,1,2,0,0,DEVELOPMENT_ONLY_NOT_OOS
LEGACY_PHASE3GA_CM_CN,fund_disclosure_balance_pulse,canonical_fundamental_disclosure_timing_staleness,True,True,True,True,False,0,0,0,0,0,0,0,0,0,0,0,0,PROPOSAL_OR_NOT_EVALUATED
UNIFIED_DEVELOPMENT_DISCOVERY,fund_disclosure_balance_pulse,canonical_fundamental_disclosure_timing_staleness,True,True,True,True,True,4,4,2,2,1,4,4,4,0,2,0,0,DEVELOPMENT_ONLY_NOT_OOS
LEGACY_PHASE3GA_CM_CN,fund_disclosure_cashflow_age_sessions,canonical_fundamental_disclosure_timing_staleness,True,True,True,True,False,0,0,0,0,0,0,0,0,0,0,0,0,PROPOSAL_OR_NOT_EVALUATED
UNIFIED_DEVELOPMENT_DISCOVERY,fund_disclosure_cashflow_age_sessions,canonical_fundamental_disclosure_timing_staleness,True,True,True,True,True,4,4,2,2,4,4,2,2,0,2,0,0,DEVELOPMENT_ONLY_NOT_OOS
LEGACY_PHASE3GA_CM_CN,fund_disclosure_cashflow_pulse,canonical_fundamental_disclosure_timing_staleness,True,True,True,True,False,0,0,0,0,0,0,0,0,0,0,0,0,PROPOSAL_OR_NOT_EVALUATED
UNIFIED_DEVELOPMENT_DISCOVERY,fund_disclosure_cashflow_pulse,canonical_fundamental_disclosure_timing_staleness,True,True,True,True,True,4,4,2,2,0,4,0,0,0,2,0,0,PROPOSAL_OR_NOT_EVALUATED
LEGACY_PHASE3GA_CM_CN,fund_disclosure_holder_age_sessions,canonical_fundamental_disclosure_timing_staleness,True,True,True,True,False,0,0,0,0,0,0,0,0,0,0,0,0,PROPOSAL_OR_NOT_EVALUATED
UNIFIED_DEVELOPMENT_DISCOVERY,fund_disclosure_holder_age_sessions,canonical_fundamental_disclosure_timing_staleness,True,True,True,True,True,4,4,2,2,2,4,4,4,0,2,0,0,DEVELOPMENT_ONLY_NOT_OOS
LEGACY_PHASE3GA_CM_CN,fund_disclosure_holder_pulse,canonical_fundamental_disclosure_timing_staleness,True,True,True,True,False,0,0,0,0,0,0,0,0,0,0,0,0,PROPOSAL_OR_NOT_EVALUATED
UNIFIED_DEVELOPMENT_DISCOVERY,fund_disclosure_holder_pulse,canonical_fundamental_disclosure_timing_staleness,True,True,True,True,True,4,4,2,2,1,4,0,0,0,2,0,0,PROPOSAL_OR_NOT_EVALUATED
LEGACY_PHASE3GA_CM_CN,fund_disclosure_profit_age_sessions,canonical_fundamental_disclosure_timing_staleness,True,True,True,True,False,0,0,0,0,0,0,0,0,0,0,0,0,PROPOSAL_OR_NOT_EVALUATED
UNIFIED_DEVELOPMENT_DISCOVERY,fund_disclosure_profit_age_sessions,canonical_fundamental_disclosure_timing_staleness,True,True,True,True,True,2,2,2,2,2,2,0,0,0,0,0,0,PROPOSAL_OR_NOT_EVALUATED
LEGACY_PHASE3GA_CM_CN,fund_disclosure_profit_pulse,canonical_fundamental_disclosure_timing_staleness,True,True,True,True,False,0,0,0,0,0,0,0,0,0,0,0,0,PROPOSAL_OR_NOT_EVALUATED
UNIFIED_DEVELOPMENT_DISCOVERY,fund_disclosure_profit_pulse,canonical_fundamental_disclosure_timing_staleness,True,True,True,True,True,4,4,2,2,1,4,4,4,0,2,0,0,DEVELOPMENT_ONLY_NOT_OOS
LEGACY_PHASE3GA_CM_CN,fund_efficiency_fixed_asset_intensity,canonical_fundamental_operating_efficiency,True,True,True,True,False,0,0,0,0,0,0,0,0,0,0,0,0,PROPOSAL_OR_NOT_EVALUATED
UNIFIED_DEVELOPMENT_DISCOVERY,fund_efficiency_fixed_asset_intensity,canonical_fundamental_operating_efficiency,True,True,True,True,True,2,2,2,2,2,2,0,0,0,0,0,0,PROPOSAL_OR_NOT_EVALUATED
LEGACY_PHASE3GA_CM_CN,fund_efficiency_revenue_assets,canonical_fundamental_operating_efficiency,True,True,True,True,False,0,0,0,0,0,0,0,0,0,0,0,0,PROPOSAL_OR_NOT_EVALUATED
UNIFIED_DEVELOPMENT_DISCOVERY,fund_efficiency_revenue_assets,canonical_fundamental_operating_efficiency,True,True,True,True,True,2,2,2,2,2,0,0,0,0,0,0,0,PROPOSAL_OR_NOT_EVALUATED
LEGACY_PHASE3GA_CM_CN,fund_holder_average_shares_log,canonical_fundamental_shareholder_structure,True,True,True,True,False,0,0,0,0,0,0,0,0,0,0,0,0,PROPOSAL_OR_NOT_EVALUATED
UNIFIED_DEVELOPMENT_DISCOVERY,fund_holder_average_shares_log,canonical_fundamental_shareholder_structure,True,True,True,True,True,2,2,2,2,2,0,0,0,0,0,0,0,PROPOSAL_OR_NOT_EVALUATED
LEGACY_PHASE3GA_CM_CN,fund_holder_average_shares_log_change,canonical_fundamental_shareholder_structure,True,True,True,True,False,0,0,0,0,0,0,0,0,0,0,0,0,PROPOSAL_OR_NOT_EVALUATED
UNIFIED_DEVELOPMENT_DISCOVERY,fund_holder_average_shares_log_change,canonical_fundamental_shareholder_structure,True,True,True,True,False,0,0,0,0,0,0,0,0,0,0,0,0,PROPOSAL_OR_NOT_EVALUATED
LEGACY_PHASE3GA_CM_CN,fund_holder_count_log,canonical_fundamental_shareholder_structure,True,True,True,True,False,0,0,0,0,0,0,0,0,0,0,0,0,PROPOSAL_OR_NOT_EVALUATED
UNIFIED_DEVELOPMENT_DISCOVERY,fund_holder_count_log,canonical_fundamental_shareholder_structure,True,True,True,True,True,2,2,2,2,2,0,0,0,0,0,0,0,PROPOSAL_OR_NOT_EVALUATED
LEGACY_PHASE3GA_CM_CN,fund_holder_count_log_change,canonical_fundamental_shareholder_structure,True,True,True,True,False,0,0,0,0,0,0,0,0,0,0,0,0,PROPOSAL_OR_NOT_EVALUATED
UNIFIED_DEVELOPMENT_DISCOVERY,fund_holder_count_log_change,canonical_fundamental_shareholder_structure,True,True,True,True,False,0,0,0,0,0,0,0,0,0,0,0,0,PROPOSAL_OR_NOT_EVALUATED
LEGACY_PHASE3GA_CM_CN,fund_holder_top10_share_ratio,canonical_fundamental_shareholder_structure,True,True,True,True,False,0,0,0,0,0,0,0,0,0,0,0,0,PROPOSAL_OR_NOT_EVALUATED
UNIFIED_DEVELOPMENT_DISCOVERY,fund_holder_top10_share_ratio,canonical_fundamental_shareholder_structure,True,True,True,True,True,2,2,2,2,2,0,0,0,0,0,0,0,PROPOSAL_OR_NOT_EVALUATED
LEGACY_PHASE3GA_CM_CN,fund_holder_top10_share_ratio_change,canonical_fundamental_shareholder_structure,True,True,True,True,False,0,0,0,0,0,0,0,0,0,0,0,0,PROPOSAL_OR_NOT_EVALUATED
UNIFIED_DEVELOPMENT_DISCOVERY,fund_holder_top10_share_ratio_change,canonical_fundamental_shareholder_structure,True,True,True,True,False,0,0,0,0,0,0,0,0,0,0,0,0,PROPOSAL_OR_NOT_EVALUATED
LEGACY_PHASE3GA_CM_CN,fund_holder_top10_shares_log,canonical_fundamental_shareholder_structure,True,True,True,True,False,0,0,0,0,0,0,0,0,0,0,0,0,PROPOSAL_OR_NOT_EVALUATED
UNIFIED_DEVELOPMENT_DISCOVERY,fund_holder_top10_shares_log,canonical_fundamental_shareholder_structure,True,True,True,True,False,0,0,0,0,0,0,0,0,0,0,0,0,PROPOSAL_OR_NOT_EVALUATED
LEGACY_PHASE3GA_CM_CN,fund_holder_top10_shares_log_change,canonical_fundamental_shareholder_structure,True,True,True,True,False,0,0,0,0,0,0,0,0,0,0,0,0,PROPOSAL_OR_NOT_EVALUATED
UNIFIED_DEVELOPMENT_DISCOVERY,fund_holder_top10_shares_log_change,canonical_fundamental_shareholder_structure,True,True,True,True,True,2,2,2,2,2,2,0,0,0,0,0,0,PROPOSAL_OR_NOT_EVALUATED
LEGACY_PHASE3GA_CM_CN,fund_leverage_equity_assets,canonical_fundamental_leverage,True,True,True,True,False,0,0,0,0,0,0,0,0,0,0,0,0,PROPOSAL_OR_NOT_EVALUATED
UNIFIED_DEVELOPMENT_DISCOVERY,fund_leverage_equity_assets,canonical_fundamental_leverage,True,True,True,True,True,2,2,2,2,2,2,2,2,0,0,0,0,DEVELOPMENT_ONLY_NOT_OOS
LEGACY_PHASE3GA_CM_CN,fund_leverage_liabilities_assets,canonical_fundamental_leverage,True,True,True,True,False,0,0,0,0,0,0,0,0,0,0,0,0,PROPOSAL_OR_NOT_EVALUATED
UNIFIED_DEVELOPMENT_DISCOVERY,fund_leverage_liabilities_assets,canonical_fundamental_leverage,True,True,True,True,False,0,0,0,0,0,0,0,0,0,0,0,0,PROPOSAL_OR_NOT_EVALUATED
LEGACY_PHASE3GA_CM_CN,fund_liquidity_cash_current_liab,canonical_fundamental_liquidity_solvency,True,True,True,True,False,0,0,0,0,0,0,0,0,0,0,0,0,PROPOSAL_OR_NOT_EVALUATED
UNIFIED_DEVELOPMENT_DISCOVERY,fund_liquidity_cash_current_liab,canonical_fundamental_liquidity_solvency,True,True,True,True,True,2,2,2,2,2,0,0,0,0,0,0,0,PROPOSAL_OR_NOT_EVALUATED
LEGACY_PHASE3GA_CM_CN,fund_liquidity_current_ratio,canonical_fundamental_liquidity_solvency,True,True,True,True,False,0,0,0,0,0,0,0,0,0,0,0,0,PROPOSAL_OR_NOT_EVALUATED
UNIFIED_DEVELOPMENT_DISCOVERY,fund_liquidity_current_ratio,canonical_fundamental_liquidity_solvency,True,True,True,True,True,2,2,2,2,2,2,0,0,0,0,0,0,PROPOSAL_OR_NOT_EVALUATED
LEGACY_PHASE3GA_CM_CN,fund_pr_deduct_parent_netprofit_acceleration,canonical_fundamental_profitability,True,True,True,True,False,0,0,0,0,0,0,0,0,0,0,0,0,PROPOSAL_OR_NOT_EVALUATED
UNIFIED_DEVELOPMENT_DISCOVERY,fund_pr_deduct_parent_netprofit_acceleration,canonical_fundamental_profitability,True,True,True,True,False,0,0,0,0,0,0,0,0,0,0,0,0,PROPOSAL_OR_NOT_EVALUATED
LEGACY_PHASE3GA_CM_CN,fund_pr_deduct_parent_netprofit_delta,canonical_fundamental_profitability,True,True,True,True,False,0,0,0,0,0,0,0,0,0,0,0,0,PROPOSAL_OR_NOT_EVALUATED
UNIFIED_DEVELOPMENT_DISCOVERY,fund_pr_deduct_parent_netprofit_delta,canonical_fundamental_profitability,True,True,True,True,True,2,2,2,2,2,2,0,0,0,0,0,0,PROPOSAL_OR_NOT_EVALUATED
LEGACY_PHASE3GA_CM_CN,fund_pr_deduct_parent_netprofit_persistence,canonical_fundamental_profitability,True,True,True,True,False,0,0,0,0,0,0,0,0,0,0,0,0,PROPOSAL_OR_NOT_EVALUATED
UNIFIED_DEVELOPMENT_DISCOVERY,fund_pr_deduct_parent_netprofit_persistence,canonical_fundamental_profitability,True,True,True,True,False,0,0,0,0,0,0,0,0,0,0,0,0,PROPOSAL_OR_NOT_EVALUATED
LEGACY_PHASE3GA_CM_CN,fund_pr_deduct_parent_netprofit_slope,canonical_fundamental_profitability,True,True,True,True,False,0,0,0,0,0,0,0,0,0,0,0,0,PROPOSAL_OR_NOT_EVALUATED
UNIFIED_DEVELOPMENT_DISCOVERY,fund_pr_deduct_parent_netprofit_slope,canonical_fundamental_profitability,True,True,True,True,False,0,0,0,0,0,0,0,0,0,0,0,0,PROPOSAL_OR_NOT_EVALUATED
LEGACY_PHASE3GA_CM_CN,fund_pr_deduct_parent_netprofit_source_yoy,canonical_fundamental_growth,True,True,True,True,False,0,0,0,0,0,0,0,0,0,0,0,0,PROPOSAL_OR_NOT_EVALUATED
UNIFIED_DEVELOPMENT_DISCOVERY,fund_pr_deduct_parent_netprofit_source_yoy,canonical_fundamental_growth,True,True,True,True,True,2,2,2,2,2,0,0,0,0,0,0,0,PROPOSAL_OR_NOT_EVALUATED
LEGACY_PHASE3GA_CM_CN,fund_pr_deduct_parent_netprofit_yoy,canonical_fundamental_growth,True,True,True,True,False,0,0,0,0,0,0,0,0,0,0,0,0,PROPOSAL_OR_NOT_EVALUATED
UNIFIED_DEVELOPMENT_DISCOVERY,fund_pr_deduct_parent_netprofit_yoy,canonical_fundamental_growth,True,True,True,True,False,0,0,0,0,0,0,0,0,0,0,0,0,PROPOSAL_OR_NOT_EVALUATED
LEGACY_PHASE3GA_CM_CN,fund_pr_operate_cost_acceleration,canonical_fundamental_profitability,True,True,True,True,False,0,0,0,0,0,0,0,0,0,0,0,0,PROPOSAL_OR_NOT_EVALUATED
UNIFIED_DEVELOPMENT_DISCOVERY,fund_pr_operate_cost_acceleration,canonical_fundamental_profitability,True,True,True,True,False,0,0,0,0,0,0,0,0,0,0,0,0,PROPOSAL_OR_NOT_EVALUATED
LEGACY_PHASE3GA_CM_CN,fund_pr_operate_cost_delta,canonical_fundamental_profitability,True,True,True,True,False,0,0,0,0,0,0,0,0,0,0,0,0,PROPOSAL_OR_NOT_EVALUATED
UNIFIED_DEVELOPMENT_DISCOVERY,fund_pr_operate_cost_delta,canonical_fundamental_profitability,True,True,True,True,False,0,0,0,0,0,0,0,0,0,0,0,0,PROPOSAL_OR_NOT_EVALUATED
LEGACY_PHASE3GA_CM_CN,fund_pr_operate_cost_persistence,canonical_fundamental_profitability,True,True,True,True,False,0,0,0,0,0,0,0,0,0,0,0,0,PROPOSAL_OR_NOT_EVALUATED
UNIFIED_DEVELOPMENT_DISCOVERY,fund_pr_operate_cost_persistence,canonical_fundamental_profitability,True,True,True,True,True,2,2,2,2,2,0,0,0,0,0,0,0,PROPOSAL_OR_NOT_EVALUATED
LEGACY_PHASE3GA_CM_CN,fund_pr_operate_cost_slope,canonical_fundamental_profitability,True,True,True,True,False,0,0,0,0,0,0,0,0,0,0,0,0,PROPOSAL_OR_NOT_EVALUATED
UNIFIED_DEVELOPMENT_DISCOVERY,fund_pr_operate_cost_slope,canonical_fundamental_profitability,True,True,True,True,False,0,0,0,0,0,0,0,0,0,0,0,0,PROPOSAL_OR_NOT_EVALUATED
LEGACY_PHASE3GA_CM_CN,fund_pr_operate_cost_source_yoy,canonical_fundamental_growth,True,True,True,True,False,0,0,0,0,0,0,0,0,0,0,0,0,PROPOSAL_OR_NOT_EVALUATED
UNIFIED_DEVELOPMENT_DISCOVERY,fund_pr_operate_cost_source_yoy,canonical_fundamental_growth,True,True,True,True,False,0,0,0,0,0,0,0,0,0,0,0,0,PROPOSAL_OR_NOT_EVALUATED
LEGACY_PHASE3GA_CM_CN,fund_pr_operate_cost_yoy,canonical_fundamental_growth,True,True,True,True,False,0,0,0,0,0,0,0,0,0,0,0,0,PROPOSAL_OR_NOT_EVALUATED
UNIFIED_DEVELOPMENT_DISCOVERY,fund_pr_operate_cost_yoy,canonical_fundamental_growth,True,True,True,True,False,0,0,0,0,0,0,0,0,0,0,0,0,PROPOSAL_OR_NOT_EVALUATED
LEGACY_PHASE3GA_CM_CN,fund_pr_operate_income_acceleration,canonical_fundamental_profitability,True,True,True,True,False,0,0,0,0,0,0,0,0,0,0,0,0,PROPOSAL_OR_NOT_EVALUATED
UNIFIED_DEVELOPMENT_DISCOVERY,fund_pr_operate_income_acceleration,canonical_fundamental_profitability,True,True,True,True,False,0,0,0,0,0,0,0,0,0,0,0,0,PROPOSAL_OR_NOT_EVALUATED
LEGACY_PHASE3GA_CM_CN,fund_pr_operate_income_delta,canonical_fundamental_profitability,True,True,True,True,False,0,0,0,0,0,0,0,0,0,0,0,0,PROPOSAL_OR_NOT_EVALUATED
UNIFIED_DEVELOPMENT_DISCOVERY,fund_pr_operate_income_delta,canonical_fundamental_profitability,True,True,True,True,False,0,0,0,0,0,0,0,0,0,0,0,0,PROPOSAL_OR_NOT_EVALUATED
LEGACY_PHASE3GA_CM_CN,fund_pr_operate_income_persistence,canonical_fundamental_profitability,True,True,True,True,False,0,0,0,0,0,0,0,0,0,0,0,0,PROPOSAL_OR_NOT_EVALUATED
UNIFIED_DEVELOPMENT_DISCOVERY,fund_pr_operate_income_persistence,canonical_fundamental_profitability,True,True,True,True,False,0,0,0,0,0,0,0,0,0,0,0,0,PROPOSAL_OR_NOT_EVALUATED
LEGACY_PHASE3GA_CM_CN,fund_pr_operate_income_slope,canonical_fundamental_profitability,True,True,True,True,False,0,0,0,0,0,0,0,0,0,0,0,0,PROPOSAL_OR_NOT_EVALUATED
UNIFIED_DEVELOPMENT_DISCOVERY,fund_pr_operate_income_slope,canonical_fundamental_profitability,True,True,True,True,False,0,0,0,0,0,0,0,0,0,0,0,0,PROPOSAL_OR_NOT_EVALUATED
LEGACY_PHASE3GA_CM_CN,fund_pr_operate_income_source_yoy,canonical_fundamental_growth,True,True,True,True,False,0,0,0,0,0,0,0,0,0,0,0,0,PROPOSAL_OR_NOT_EVALUATED
UNIFIED_DEVELOPMENT_DISCOVERY,fund_pr_operate_income_source_yoy,canonical_fundamental_growth,True,True,True,True,False,0,0,0,0,0,0,0,0,0,0,0,0,PROPOSAL_OR_NOT_EVALUATED
LEGACY_PHASE3GA_CM_CN,fund_pr_operate_income_yoy,canonical_fundamental_growth,True,True,True,True,False,0,0,0,0,0,0,0,0,0,0,0,0,PROPOSAL_OR_NOT_EVALUATED
UNIFIED_DEVELOPMENT_DISCOVERY,fund_pr_operate_income_yoy,canonical_fundamental_growth,True,True,True,True,True,2,2,2,2,2,2,0,0,0,0,0,0,PROPOSAL_OR_NOT_EVALUATED
LEGACY_PHASE3GA_CM_CN,fund_pr_operate_profit_acceleration,canonical_fundamental_profitability,True,True,True,True,False,0,0,0,0,0,0,0,0,0,0,0,0,PROPOSAL_OR_NOT_EVALUATED
UNIFIED_DEVELOPMENT_DISCOVERY,fund_pr_operate_profit_acceleration,canonical_fundamental_profitability,True,True,True,True,False,0,0,0,0,0,0,0,0,0,0,0,0,PROPOSAL_OR_NOT_EVALUATED
LEGACY_PHASE3GA_CM_CN,fund_pr_operate_profit_delta,canonical_fundamental_profitability,True,True,True,True,False,0,0,0,0,0,0,0,0,0,0,0,0,PROPOSAL_OR_NOT_EVALUATED
UNIFIED_DEVELOPMENT_DISCOVERY,fund_pr_operate_profit_delta,canonical_fundamental_profitability,True,True,True,True,False,0,0,0,0,0,0,0,0,0,0,0,0,PROPOSAL_OR_NOT_EVALUATED
LEGACY_PHASE3GA_CM_CN,fund_pr_operate_profit_persistence,canonical_fundamental_profitability,True,True,True,True,False,0,0,0,0,0,0,0,0,0,0,0,0,PROPOSAL_OR_NOT_EVALUATED
UNIFIED_DEVELOPMENT_DISCOVERY,fund_pr_operate_profit_persistence,canonical_fundamental_profitability,True,True,True,True,True,2,2,2,2,2,0,0,0,0,0,0,0,PROPOSAL_OR_NOT_EVALUATED
LEGACY_PHASE3GA_CM_CN,fund_pr_operate_profit_slope,canonical_fundamental_profitability,True,True,True,True,False,0,0,0,0,0,0,0,0,0,0,0,0,PROPOSAL_OR_NOT_EVALUATED
UNIFIED_DEVELOPMENT_DISCOVERY,fund_pr_operate_profit_slope,canonical_fundamental_profitability,True,True,True,True,True,2,2,2,2,2,0,0,0,0,0,0,0,PROPOSAL_OR_NOT_EVALUATED
LEGACY_PHASE3GA_CM_CN,fund_pr_operate_profit_source_yoy,canonical_fundamental_growth,True,True,True,True,False,0,0,0,0,0,0,0,0,0,0,0,0,PROPOSAL_OR_NOT_EVALUATED
UNIFIED_DEVELOPMENT_DISCOVERY,fund_pr_operate_profit_source_yoy,canonical_fundamental_growth,True,True,True,True,False,0,0,0,0,0,0,0,0,0,0,0,0,PROPOSAL_OR_NOT_EVALUATED
LEGACY_PHASE3GA_CM_CN,fund_pr_operate_profit_yoy,canonical_fundamental_growth,True,True,True,True,False,0,0,0,0,0,0,0,0,0,0,0,0,PROPOSAL_OR_NOT_EVALUATED
UNIFIED_DEVELOPMENT_DISCOVERY,fund_pr_operate_profit_yoy,canonical_fundamental_growth,True,True,True,True,False,0,0,0,0,0,0,0,0,0,0,0,0,PROPOSAL_OR_NOT_EVALUATED
LEGACY_PHASE3GA_CM_CN,fund_pr_parent_netprofit_acceleration,canonical_fundamental_profitability,True,True,True,True,False,0,0,0,0,0,0,0,0,0,0,0,0,PROPOSAL_OR_NOT_EVALUATED
UNIFIED_DEVELOPMENT_DISCOVERY,fund_pr_parent_netprofit_acceleration,canonical_fundamental_profitability,True,True,True,True,False,0,0,0,0,0,0,0,0,0,0,0,0,PROPOSAL_OR_NOT_EVALUATED
LEGACY_PHASE3GA_CM_CN,fund_pr_parent_netprofit_delta,canonical_fundamental_profitability,True,True,True,True,False,0,0,0,0,0,0,0,0,0,0,0,0,PROPOSAL_OR_NOT_EVALUATED
UNIFIED_DEVELOPMENT_DISCOVERY,fund_pr_parent_netprofit_delta,canonical_fundamental_profitability,True,True,True,True,False,0,0,0,0,0,0,0,0,0,0,0,0,PROPOSAL_OR_NOT_EVALUATED
LEGACY_PHASE3GA_CM_CN,fund_pr_parent_netprofit_persistence,canonical_fundamental_profitability,True,True,True,True,False,0,0,0,0,0,0,0,0,0,0,0,0,PROPOSAL_OR_NOT_EVALUATED
UNIFIED_DEVELOPMENT_DISCOVERY,fund_pr_parent_netprofit_persistence,canonical_fundamental_profitability,True,True,True,True,False,0,0,0,0,0,0,0,0,0,0,0,0,PROPOSAL_OR_NOT_EVALUATED
LEGACY_PHASE3GA_CM_CN,fund_pr_parent_netprofit_slope,canonical_fundamental_profitability,True,True,True,True,False,0,0,0,0,0,0,0,0,0,0,0,0,PROPOSAL_OR_NOT_EVALUATED
UNIFIED_DEVELOPMENT_DISCOVERY,fund_pr_parent_netprofit_slope,canonical_fundamental_profitability,True,True,True,True,True,2,2,2,2,2,0,0,0,0,0,0,0,PROPOSAL_OR_NOT_EVALUATED
LEGACY_PHASE3GA_CM_CN,fund_pr_parent_netprofit_source_yoy,canonical_fundamental_growth,True,True,True,True,False,0,0,0,0,0,0,0,0,0,0,0,0,PROPOSAL_OR_NOT_EVALUATED
UNIFIED_DEVELOPMENT_DISCOVERY,fund_pr_parent_netprofit_source_yoy,canonical_fundamental_growth,True,True,True,True,False,0,0,0,0,0,0,0,0,0,0,0,0,PROPOSAL_OR_NOT_EVALUATED
LEGACY_PHASE3GA_CM_CN,fund_pr_parent_netprofit_yoy,canonical_fundamental_growth,True,True,True,True,False,0,0,0,0,0,0,0,0,0,0,0,0,PROPOSAL_OR_NOT_EVALUATED
UNIFIED_DEVELOPMENT_DISCOVERY,fund_pr_parent_netprofit_yoy,canonical_fundamental_growth,True,True,True,True,True,2,2,2,2,2,2,0,0,0,0,0,0,PROPOSAL_OR_NOT_EVALUATED
LEGACY_PHASE3GA_CM_CN,fund_profit_gross_margin,canonical_fundamental_profitability,True,True,True,True,False,0,0,0,0,0,0,0,0,0,0,0,0,PROPOSAL_OR_NOT_EVALUATED
UNIFIED_DEVELOPMENT_DISCOVERY,fund_profit_gross_margin,canonical_fundamental_profitability,True,True,True,True,False,0,0,0,0,0,0,0,0,0,0,0,0,PROPOSAL_OR_NOT_EVALUATED
LEGACY_PHASE3GA_CM_CN,fund_profit_operating_margin,canonical_fundamental_profitability,True,True,True,True,False,0,0,0,0,0,0,0,0,0,0,0,0,PROPOSAL_OR_NOT_EVALUATED
UNIFIED_DEVELOPMENT_DISCOVERY,fund_profit_operating_margin,canonical_fundamental_profitability,True,True,True,True,True,2,2,2,2,2,2,0,0,0,0,0,0,PROPOSAL_OR_NOT_EVALUATED
LEGACY_PHASE3GA_CM_CN,fund_profit_parent_margin,canonical_fundamental_profitability,True,True,True,True,False,0,0,0,0,0,0,0,0,0,0,0,0,PROPOSAL_OR_NOT_EVALUATED
UNIFIED_DEVELOPMENT_DISCOVERY,fund_profit_parent_margin,canonical_fundamental_profitability,True,True,True,True,True,4,4,2,2,4,4,2,2,0,2,0,0,DEVELOPMENT_ONLY_NOT_OOS
LEGACY_PHASE3GA_CM_CN,fund_working_capital_inventory_assets,canonical_fundamental_working_capital,True,True,True,True,False,0,0,0,0,0,0,0,0,0,0,0,0,PROPOSAL_OR_NOT_EVALUATED
UNIFIED_DEVELOPMENT_DISCOVERY,fund_working_capital_inventory_assets,canonical_fundamental_working_capital,True,True,True,True,True,2,2,2,2,2,0,0,0,0,0,0,0,PROPOSAL_OR_NOT_EVALUATED
LEGACY_PHASE3GA_CM_CN,fund_working_capital_payables_assets,canonical_fundamental_working_capital,True,True,True,True,False,0,0,0,0,0,0,0,0,0,0,0,0,PROPOSAL_OR_NOT_EVALUATED
UNIFIED_DEVELOPMENT_DISCOVERY,fund_working_capital_payables_assets,canonical_fundamental_working_capital,True,True,True,True,True,2,2,2,2,2,0,0,0,0,0,0,0,PROPOSAL_OR_NOT_EVALUATED
LEGACY_PHASE3GA_CM_CN,fund_working_capital_receivables_assets,canonical_fundamental_working_capital,True,True,True,True,False,0,0,0,0,0,0,0,0,0,0,0,0,PROPOSAL_OR_NOT_EVALUATED
UNIFIED_DEVELOPMENT_DISCOVERY,fund_working_capital_receivables_assets,canonical_fundamental_working_capital,True,True,True,True,False,0,0,0,0,0,0,0,0,0,0,0,0,PROPOSAL_OR_NOT_EVALUATED
LEGACY_PHASE3GA_CM_CN,high,raw_1min,True,True,True,True,True,10710,10710,32,10710,2720,130,130,130,0,0,466,0,DEVELOPMENT_ONLY_NOT_OOS
UNIFIED_DEVELOPMENT_DISCOVERY,high,raw_1min,True,True,True,True,True,38,38,32,32,20,14,8,8,0,6,0,0,DEVELOPMENT_ONLY_NOT_OOS
LEGACY_PHASE3GA_CM_CN,intraday_ret_from_open,raw_1min,True,True,True,True,True,16,16,2,16,15,0,0,0,0,0,0,128,PROPOSAL_OR_NOT_EVALUATED
UNIFIED_DEVELOPMENT_DISCOVERY,intraday_ret_from_open,raw_1min,True,True,True,True,True,46,46,38,38,23,16,8,8,0,8,0,0,DEVELOPMENT_ONLY_NOT_OOS
LEGACY_PHASE3GA_CM_CN,label_horizon,metadata,True,True,True,False,False,0,0,0,0,0,0,0,0,0,0,0,0,PROPOSAL_OR_NOT_EVALUATED
UNIFIED_DEVELOPMENT_DISCOVERY,label_horizon,metadata,True,True,True,False,False,0,0,0,0,0,0,0,0,0,0,0,0,PROPOSAL_OR_NOT_EVALUATED
LEGACY_PHASE3GA_CM_CN,low,raw_1min,True,True,True,True,True,10710,10710,32,10710,2720,130,130,130,0,0,466,0,DEVELOPMENT_ONLY_NOT_OOS
UNIFIED_DEVELOPMENT_DISCOVERY,low,raw_1min,True,True,True,True,True,48,48,42,42,28,26,14,14,1,6,0,0,DEVELOPMENT_ONLY_NOT_OOS
LEGACY_PHASE3GA_CM_CN,m1_first15_amount,firstN,True,True,True,True,False,0,0,0,0,0,0,0,0,0,0,0,0,PROPOSAL_OR_NOT_EVALUATED
UNIFIED_DEVELOPMENT_DISCOVERY,m1_first15_amount,firstN,True,True,True,True,True,2,2,2,2,1,2,2,2,0,0,0,0,DEVELOPMENT_ONLY_NOT_OOS
LEGACY_PHASE3GA_CM_CN,m1_first15_bars,firstN,True,True,True,True,False,0,0,0,0,0,0,0,0,0,0,0,0,PROPOSAL_OR_NOT_EVALUATED
UNIFIED_DEVELOPMENT_DISCOVERY,m1_first15_bars,firstN,True,True,True,True,True,4,4,4,4,3,0,0,0,0,0,0,0,PROPOSAL_OR_NOT_EVALUATED
LEGACY_PHASE3GA_CM_CN,m1_first15_high,firstN,True,True,True,True,False,0,0,0,0,0,0,0,0,0,0,0,0,PROPOSAL_OR_NOT_EVALUATED
UNIFIED_DEVELOPMENT_DISCOVERY,m1_first15_high,firstN,True,True,True,True,False,0,0,0,0,0,0,0,0,0,0,0,0,PROPOSAL_OR_NOT_EVALUATED
LEGACY_PHASE3GA_CM_CN,m1_first15_last_close,firstN,True,True,True,True,True,2532,2532,29,2532,451,53,53,53,0,0,229,0,DEVELOPMENT_ONLY_NOT_OOS
UNIFIED_DEVELOPMENT_DISCOVERY,m1_first15_last_close,firstN,True,True,True,True,True,4,4,4,4,3,2,0,0,0,0,0,0,PROPOSAL_OR_NOT_EVALUATED
LEGACY_PHASE3GA_CM_CN,m1_first15_last_return_vs_open,firstN,True,True,True,True,False,0,0,0,0,0,0,0,0,0,0,0,0,PROPOSAL_OR_NOT_EVALUATED
UNIFIED_DEVELOPMENT_DISCOVERY,m1_first15_last_return_vs_open,firstN,True,True,True,True,True,2,2,2,2,2,0,0,0,0,0,0,0,PROPOSAL_OR_NOT_EVALUATED
LEGACY_PHASE3GA_CM_CN,m1_first15_low,firstN,True,True,True,True,False,0,0,0,0,0,0,0,0,0,0,0,0,PROPOSAL_OR_NOT_EVALUATED
UNIFIED_DEVELOPMENT_DISCOVERY,m1_first15_low,firstN,True,True,True,True,False,0,0,0,0,0,0,0,0,0,0,0,0,PROPOSAL_OR_NOT_EVALUATED
LEGACY_PHASE3GA_CM_CN,m1_first15_range,firstN,True,True,True,True,False,0,0,0,0,0,0,0,0,0,0,0,0,PROPOSAL_OR_NOT_EVALUATED
UNIFIED_DEVELOPMENT_DISCOVERY,m1_first15_range,firstN,True,True,True,True,True,2,2,2,2,2,0,0,0,0,0,0,0,PROPOSAL_OR_NOT_EVALUATED
LEGACY_PHASE3GA_CM_CN,m1_first15_vol,firstN,True,True,True,True,True,9,9,3,9,9,0,0,0,0,0,0,1,PROPOSAL_OR_NOT_EVALUATED
UNIFIED_DEVELOPMENT_DISCOVERY,m1_first15_vol,firstN,True,True,True,True,True,2,2,2,2,2,2,0,0,0,0,0,0,PROPOSAL_OR_NOT_EVALUATED
LEGACY_PHASE3GA_CM_CN,m1_first15_vwap,firstN,True,True,True,True,False,0,0,0,0,0,0,0,0,0,0,0,0,PROPOSAL_OR_NOT_EVALUATED
UNIFIED_DEVELOPMENT_DISCOVERY,m1_first15_vwap,firstN,True,True,True,True,False,0,0,0,0,0,0,0,0,0,0,0,0,PROPOSAL_OR_NOT_EVALUATED
LEGACY_PHASE3GA_CM_CN,m1_first15_vwap_return_vs_open,firstN,True,True,True,True,False,0,0,0,0,0,0,0,0,0,0,0,0,PROPOSAL_OR_NOT_EVALUATED
UNIFIED_DEVELOPMENT_DISCOVERY,m1_first15_vwap_return_vs_open,firstN,True,True,True,True,True,2,2,2,2,2,0,0,0,0,0,0,0,PROPOSAL_OR_NOT_EVALUATED
LEGACY_PHASE3GA_CM_CN,m1_first30_amount,firstN,True,True,True,True,False,0,0,0,0,0,0,0,0,0,0,0,0,PROPOSAL_OR_NOT_EVALUATED
UNIFIED_DEVELOPMENT_DISCOVERY,m1_first30_amount,firstN,True,True,True,True,True,2,2,2,2,1,2,0,0,0,0,0,0,PROPOSAL_OR_NOT_EVALUATED
LEGACY_PHASE3GA_CM_CN,m1_first30_bars,firstN,True,True,True,True,False,0,0,0,0,0,0,0,0,0,0,0,0,PROPOSAL_OR_NOT_EVALUATED
UNIFIED_DEVELOPMENT_DISCOVERY,m1_first30_bars,firstN,True,True,True,True,True,4,4,2,2,2,0,0,0,0,2,0,0,PROPOSAL_OR_NOT_EVALUATED
LEGACY_PHASE3GA_CM_CN,m1_first30_high,firstN,True,True,True,True,False,0,0,0,0,0,0,0,0,0,0,0,0,PROPOSAL_OR_NOT_EVALUATED
UNIFIED_DEVELOPMENT_DISCOVERY,m1_first30_high,firstN,True,True,True,True,True,2,2,2,2,2,2,2,2,0,0,0,0,DEVELOPMENT_ONLY_NOT_OOS
LEGACY_PHASE3GA_CM_CN,m1_first30_last_close,firstN,True,True,True,True,False,0,0,0,0,0,0,0,0,0,0,0,0,PROPOSAL_OR_NOT_EVALUATED
UNIFIED_DEVELOPMENT_DISCOVERY,m1_first30_last_close,firstN,True,True,True,True,False,0,0,0,0,0,0,0,0,0,0,0,0,PROPOSAL_OR_NOT_EVALUATED
LEGACY_PHASE3GA_CM_CN,m1_first30_last_return_vs_open,firstN,True,True,True,True,False,0,0,0,0,0,0,0,0,0,0,0,0,PROPOSAL_OR_NOT_EVALUATED
UNIFIED_DEVELOPMENT_DISCOVERY,m1_first30_last_return_vs_open,firstN,True,True,True,True,True,2,2,2,2,2,0,0,0,0,0,0,0,PROPOSAL_OR_NOT_EVALUATED
LEGACY_PHASE3GA_CM_CN,m1_first30_low,firstN,True,True,True,True,False,0,0,0,0,0,0,0,0,0,0,0,0,PROPOSAL_OR_NOT_EVALUATED
UNIFIED_DEVELOPMENT_DISCOVERY,m1_first30_low,firstN,True,True,True,True,True,4,4,4,4,4,4,2,2,0,0,0,0,DEVELOPMENT_ONLY_NOT_OOS
LEGACY_PHASE3GA_CM_CN,m1_first30_range,firstN,True,True,True,True,False,0,0,0,0,0,0,0,0,0,0,0,0,PROPOSAL_OR_NOT_EVALUATED
UNIFIED_DEVELOPMENT_DISCOVERY,m1_first30_range,firstN,True,True,True,True,False,0,0,0,0,0,0,0,0,0,0,0,0,PROPOSAL_OR_NOT_EVALUATED
LEGACY_PHASE3GA_CM_CN,m1_first30_vol,firstN,True,True,True,True,True,12,12,3,12,12,0,0,0,0,0,0,2,PROPOSAL_OR_NOT_EVALUATED
UNIFIED_DEVELOPMENT_DISCOVERY,m1_first30_vol,firstN,True,True,True,True,True,2,2,2,2,2,2,0,0,0,0,0,0,PROPOSAL_OR_NOT_EVALUATED
LEGACY_PHASE3GA_CM_CN,m1_first30_vwap,firstN,True,True,True,True,True,2,2,2,2,2,0,0,0,0,0,0,0,PROPOSAL_OR_NOT_EVALUATED
UNIFIED_DEVELOPMENT_DISCOVERY,m1_first30_vwap,firstN,True,True,True,True,True,2,2,2,2,2,2,0,0,0,0,0,0,PROPOSAL_OR_NOT_EVALUATED
LEGACY_PHASE3GA_CM_CN,m1_first30_vwap_return_vs_open,firstN,True,True,True,True,False,0,0,0,0,0,0,0,0,0,0,0,0,PROPOSAL_OR_NOT_EVALUATED
UNIFIED_DEVELOPMENT_DISCOVERY,m1_first30_vwap_return_vs_open,firstN,True,True,True,True,False,0,0,0,0,0,0,0,0,0,0,0,0,PROPOSAL_OR_NOT_EVALUATED
LEGACY_PHASE3GA_CM_CN,m1_first5_amount,firstN,True,True,True,True,False,0,0,0,0,0,0,0,0,0,0,0,0,PROPOSAL_OR_NOT_EVALUATED
UNIFIED_DEVELOPMENT_DISCOVERY,m1_first5_amount,firstN,True,True,True,True,True,4,4,4,4,2,4,2,2,0,0,0,0,DEVELOPMENT_ONLY_NOT_OOS
LEGACY_PHASE3GA_CM_CN,m1_first5_bars,firstN,True,True,True,True,False,0,0,0,0,0,0,0,0,0,0,0,0,PROPOSAL_OR_NOT_EVALUATED
UNIFIED_DEVELOPMENT_DISCOVERY,m1_first5_bars,firstN,True,True,True,True,True,2,2,2,2,2,0,0,0,0,0,0,0,PROPOSAL_OR_NOT_EVALUATED
LEGACY_PHASE3GA_CM_CN,m1_first5_high,firstN,True,True,True,True,False,0,0,0,0,0,0,0,0,0,0,0,0,PROPOSAL_OR_NOT_EVALUATED
UNIFIED_DEVELOPMENT_DISCOVERY,m1_first5_high,firstN,True,True,True,True,True,4,4,4,4,3,0,0,0,0,0,0,0,PROPOSAL_OR_NOT_EVALUATED
LEGACY_PHASE3GA_CM_CN,m1_first5_last_close,firstN,True,True,True,True,True,3034,3034,29,3034,656,73,73,73,0,0,331,0,DEVELOPMENT_ONLY_NOT_OOS
UNIFIED_DEVELOPMENT_DISCOVERY,m1_first5_last_close,firstN,True,True,True,True,True,2,2,2,2,2,0,0,0,0,0,0,0,PROPOSAL_OR_NOT_EVALUATED
LEGACY_PHASE3GA_CM_CN,m1_first5_last_return_vs_open,firstN,True,True,True,True,False,0,0,0,0,0,0,0,0,0,0,0,0,PROPOSAL_OR_NOT_EVALUATED
UNIFIED_DEVELOPMENT_DISCOVERY,m1_first5_last_return_vs_open,firstN,True,True,True,True,False,0,0,0,0,0,0,0,0,0,0,0,0,PROPOSAL_OR_NOT_EVALUATED
LEGACY_PHASE3GA_CM_CN,m1_first5_low,firstN,True,True,True,True,False,0,0,0,0,0,0,0,0,0,0,0,0,PROPOSAL_OR_NOT_EVALUATED
UNIFIED_DEVELOPMENT_DISCOVERY,m1_first5_low,firstN,True,True,True,True,True,4,4,2,2,4,2,2,2,0,2,0,0,DEVELOPMENT_ONLY_NOT_OOS
LEGACY_PHASE3GA_CM_CN,m1_first5_range,firstN,True,True,True,True,False,0,0,0,0,0,0,0,0,0,0,0,0,PROPOSAL_OR_NOT_EVALUATED
UNIFIED_DEVELOPMENT_DISCOVERY,m1_first5_range,firstN,True,True,True,True,True,2,2,2,2,2,0,0,0,0,0,0,0,PROPOSAL_OR_NOT_EVALUATED
LEGACY_PHASE3GA_CM_CN,m1_first5_vol,firstN,True,True,True,True,True,10,10,3,10,10,0,0,0,0,0,0,0,PROPOSAL_OR_NOT_EVALUATED
UNIFIED_DEVELOPMENT_DISCOVERY,m1_first5_vol,firstN,True,True,True,True,False,0,0,0,0,0,0,0,0,0,0,0,0,PROPOSAL_OR_NOT_EVALUATED
LEGACY_PHASE3GA_CM_CN,m1_first5_vwap,firstN,True,True,True,True,False,0,0,0,0,0,0,0,0,0,0,0,0,PROPOSAL_OR_NOT_EVALUATED
UNIFIED_DEVELOPMENT_DISCOVERY,m1_first5_vwap,firstN,True,True,True,True,True,4,4,4,4,4,2,2,2,0,0,0,0,DEVELOPMENT_ONLY_NOT_OOS
LEGACY_PHASE3GA_CM_CN,m1_first5_vwap_return_vs_open,firstN,True,True,True,True,False,0,0,0,0,0,0,0,0,0,0,0,0,PROPOSAL_OR_NOT_EVALUATED
UNIFIED_DEVELOPMENT_DISCOVERY,m1_first5_vwap_return_vs_open,firstN,True,True,True,True,True,4,4,4,4,3,0,0,0,0,0,0,0,PROPOSAL_OR_NOT_EVALUATED
LEGACY_PHASE3GA_CM_CN,open,raw_1min,True,True,True,True,True,5717,5717,36,5717,1258,126,126,126,0,0,562,0,DEVELOPMENT_ONLY_NOT_OOS
UNIFIED_DEVELOPMENT_DISCOVERY,open,raw_1min,True,True,True,True,True,16,16,16,16,12,4,0,0,0,0,0,0,PROPOSAL_OR_NOT_EVALUATED
LEGACY_PHASE3GA_CM_CN,pct_chg,raw_1min,True,True,True,True,False,0,0,0,0,0,0,0,0,0,0,0,0,PROPOSAL_OR_NOT_EVALUATED
UNIFIED_DEVELOPMENT_DISCOVERY,pct_chg,raw_1min,True,True,True,True,True,34,34,30,30,18,16,8,8,0,4,0,0,DEVELOPMENT_ONLY_NOT_OOS
LEGACY_PHASE3GA_CM_CN,ret_1m,raw_1min,True,True,True,True,False,0,0,0,0,0,0,0,0,0,0,0,0,PROPOSAL_OR_NOT_EVALUATED
UNIFIED_DEVELOPMENT_DISCOVERY,ret_1m,raw_1min,True,True,True,True,True,40,40,36,36,22,14,12,12,0,4,0,0,DEVELOPMENT_ONLY_NOT_OOS
LEGACY_PHASE3GA_CM_CN,signal_time,metadata,True,True,True,False,False,0,0,0,0,0,0,0,0,0,0,0,0,PROPOSAL_OR_NOT_EVALUATED
UNIFIED_DEVELOPMENT_DISCOVERY,signal_time,metadata,True,True,True,False,False,0,0,0,0,0,0,0,0,0,0,0,0,PROPOSAL_OR_NOT_EVALUATED
LEGACY_PHASE3GA_CM_CN,state_bar_return_sign,intraday_derived_state,True,True,True,True,False,0,0,0,0,0,0,0,0,0,0,0,0,PROPOSAL_OR_NOT_EVALUATED
UNIFIED_DEVELOPMENT_DISCOVERY,state_bar_return_sign,intraday_derived_state,True,True,True,True,True,14,14,14,14,7,4,4,4,0,0,0,0,DEVELOPMENT_ONLY_NOT_OOS
LEGACY_PHASE3GA_CM_CN,state_close_range_location_sign,intraday_derived_state,True,True,True,True,False,0,0,0,0,0,0,0,0,0,0,0,0,PROPOSAL_OR_NOT_EVALUATED
UNIFIED_DEVELOPMENT_DISCOVERY,state_close_range_location_sign,intraday_derived_state,True,True,True,True,True,20,20,14,14,8,10,6,6,0,6,0,0,DEVELOPMENT_ONLY_NOT_OOS
LEGACY_PHASE3GA_CM_CN,state_intraday_return_sign,intraday_derived_state,True,True,True,True,False,0,0,0,0,0,0,0,0,0,0,0,0,PROPOSAL_OR_NOT_EVALUATED
UNIFIED_DEVELOPMENT_DISCOVERY,state_intraday_return_sign,intraday_derived_state,True,True,True,True,True,22,22,16,16,9,6,2,2,0,6,0,0,DEVELOPMENT_ONLY_NOT_OOS
LEGACY_PHASE3GA_CM_CN,trade_time,metadata,True,True,True,False,False,0,0,0,0,0,0,0,0,0,0,0,0,PROPOSAL_OR_NOT_EVALUATED
UNIFIED_DEVELOPMENT_DISCOVERY,trade_time,metadata,True,True,True,False,False,0,0,0,0,0,0,0,0,0,0,0,0,PROPOSAL_OR_NOT_EVALUATED
LEGACY_PHASE3GA_CM_CN,vol,raw_1min,True,True,True,False,True,270,270,14,270,270,3,3,3,0,0,10,2,DEVELOPMENT_ONLY_NOT_OOS
UNIFIED_DEVELOPMENT_DISCOVERY,vol,raw_1min,True,True,True,False,False,0,0,0,0,0,0,0,0,0,0,0,0,PROPOSAL_OR_NOT_EVALUATED
LEGACY_PHASE3GA_CM_CN,volume,raw_1min,True,True,True,True,True,1880,1880,36,1880,591,14,9,9,0,0,107,9,DEVELOPMENT_ONLY_NOT_OOS
UNIFIED_DEVELOPMENT_DISCOVERY,volume,raw_1min,True,True,True,True,True,20,20,20,20,15,8,6,6,0,0,0,0,DEVELOPMENT_ONLY_NOT_OOS
LEGACY_PHASE3GA_CM_CN,vwap,raw_1min,True,True,True,True,True,9167,9167,44,9167,2632,206,192,192,0,0,576,117,DEVELOPMENT_ONLY_NOT_OOS
UNIFIED_DEVELOPMENT_DISCOVERY,vwap,raw_1min,True,True,True,True,True,38,38,32,32,21,14,8,8,0,6,0,0,DEVELOPMENT_ONLY_NOT_OOS
