source_table,source_field,development_safe_non_null,development_safe_missing,scan_status
balance_sheet_report_em,ACCEPT_DEPOSIT,2488,272273,DEVELOPMENT_ONLY_COMPLETE
balance_sheet_report_em,ACCEPT_DEPOSIT_INTERBANK,26424,248337,DEVELOPMENT_ONLY_COMPLETE
balance_sheet_report_em,ACCEPT_DEPOSIT_INTERBANK_YOY,1366,273395,DEVELOPMENT_ONLY_COMPLETE
balance_sheet_report_em,ACCEPT_DEPOSIT_YOY,2191,272570,DEVELOPMENT_ONLY_COMPLETE
balance_sheet_report_em,ACCOUNTS_PAYABLE,259715,15046,DEVELOPMENT_ONLY_COMPLETE
balance_sheet_report_em,ACCOUNTS_PAYABLE_YOY,230739,44022,DEVELOPMENT_ONLY_COMPLETE
balance_sheet_report_em,ACCOUNTS_RECE,260434,14327,DEVELOPMENT_ONLY_COMPLETE
balance_sheet_report_em,ACCOUNTS_RECE_YOY,236062,38699,DEVELOPMENT_ONLY_COMPLETE
balance_sheet_report_em,ACCRUED_EXPENSE,663,274098,DEVELOPMENT_ONLY_COMPLETE
balance_sheet_report_em,ACCRUED_EXPENSE_YOY,199,274562,DEVELOPMENT_ONLY_COMPLETE
balance_sheet_report_em,ADVANCE_PREMIUM,320,274441,DEVELOPMENT_ONLY_COMPLETE
balance_sheet_report_em,ADVANCE_PREMIUM_YOY,297,274464,DEVELOPMENT_ONLY_COMPLETE
balance_sheet_report_em,ADVANCE_RECE,50,274711,DEVELOPMENT_ONLY_COMPLETE
balance_sheet_report_em,ADVANCE_RECEIVABLES,196970,77791,DEVELOPMENT_ONLY_COMPLETE
balance_sheet_report_em,ADVANCE_RECEIVABLES_YOY,172475,102286,DEVELOPMENT_ONLY_COMPLETE
balance_sheet_report_em,ADVANCE_RECE_YOY,31,274730,DEVELOPMENT_ONLY_COMPLETE
balance_sheet_report_em,ADVICE_ASSIGN_DIVIDEND,86,274675,DEVELOPMENT_ONLY_COMPLETE
balance_sheet_report_em,ADVICE_ASSIGN_DIVIDEND_YOY,20,274741,DEVELOPMENT_ONLY_COMPLETE
balance_sheet_report_em,AGENT_BUSINESS_ASSET,0,274761,DEVELOPMENT_ONLY_COMPLETE
balance_sheet_report_em,AGENT_BUSINESS_ASSET_YOY,0,274761,DEVELOPMENT_ONLY_COMPLETE
balance_sheet_report_em,AGENT_BUSINESS_LIAB,0,274761,DEVELOPMENT_ONLY_COMPLETE
balance_sheet_report_em,AGENT_BUSINESS_LIAB_YOY,0,274761,DEVELOPMENT_ONLY_COMPLETE
balance_sheet_report_em,AGENT_TRADE_SECURITY,4806,269955,DEVELOPMENT_ONLY_COMPLETE
balance_sheet_report_em,AGENT_TRADE_SECURITY_YOY,2603,272158,DEVELOPMENT_ONLY_COMPLETE
balance_sheet_report_em,AGENT_UNDERWRITE_SECURITY,2637,272124,DEVELOPMENT_ONLY_COMPLETE
balance_sheet_report_em,AGENT_UNDERWRITE_SECURITY_YOY,356,274405,DEVELOPMENT_ONLY_COMPLETE
balance_sheet_report_em,AMORTIZE_COST_FINASSET,515,274246,DEVELOPMENT_ONLY_COMPLETE
balance_sheet_report_em,AMORTIZE_COST_FINASSET_YOY,249,274512,DEVELOPMENT_ONLY_COMPLETE
balance_sheet_report_em,AMORTIZE_COST_FINLIAB,222,274539,DEVELOPMENT_ONLY_COMPLETE
balance_sheet_report_em,AMORTIZE_COST_FINLIAB_YOY,0,274761,DEVELOPMENT_ONLY_COMPLETE
balance_sheet_report_em,AMORTIZE_COST_NCFINASSET,4,274757,DEVELOPMENT_ONLY_COMPLETE
balance_sheet_report_em,AMORTIZE_COST_NCFINASSET_YOY,0,274761,DEVELOPMENT_ONLY_COMPLETE
balance_sheet_report_em,AMORTIZE_COST_NCFINLIAB,0,274761,DEVELOPMENT_ONLY_COMPLETE
balance_sheet_report_em,AMORTIZE_COST_NCFINLIAB_YOY,0,274761,DEVELOPMENT_ONLY_COMPLETE
balance_sheet_report_em,APPOINT_FVTPL_FINASSET,70,274691,DEVELOPMENT_ONLY_COMPLETE
balance_sheet_report_em,APPOINT_FVTPL_FINASSET_YOY,10,274751,DEVELOPMENT_ONLY_COMPLETE
balance_sheet_report_em,APPOINT_FVTPL_FINLIAB,63,274698,DEVELOPMENT_ONLY_COMPLETE
balance_sheet_report_em,APPOINT_FVTPL_FINLIAB_YOY,8,274753,DEVELOPMENT_ONLY_COMPLETE
balance_sheet_report_em,ASSET_BALANCE,229744,45017,DEVELOPMENT_ONLY_COMPLETE
balance_sheet_report_em,ASSET_BALANCE_YOY,2005,272756,DEVELOPMENT_ONLY_COMPLETE
balance_sheet_report_em,ASSET_OTHER,25722,249039,DEVELOPMENT_ONLY_COMPLETE
balance_sheet_report_em,ASSET_OTHER_YOY,1154,273607,DEVELOPMENT_ONLY_COMPLETE
balance_sheet_report_em,ASSIGN_CASH_DIVIDEND,1361,273400,DEVELOPMENT_ONLY_COMPLETE
balance_sheet_report_em,ASSIGN_CASH_DIVIDEND_YOY,3,274758,DEVELOPMENT_ONLY_COMPLETE
balance_sheet_report_em,AVAILABLE_SALE_FINASSET,54510,220251,DEVELOPMENT_ONLY_COMPLETE
balance_sheet_report_em,AVAILABLE_SALE_FINASSET_YOY,40322,234439,DEVELOPMENT_ONLY_COMPLETE
balance_sheet_report_em,BOND_PAYABLE,41275,233486,DEVELOPMENT_ONLY_COMPLETE
balance_sheet_report_em,BOND_PAYABLE_YOY,29670,245091,DEVELOPMENT_ONLY_COMPLETE
balance_sheet_report_em,BORROW_FUND,6824,267937,DEVELOPMENT_ONLY_COMPLETE
balance_sheet_report_em,BORROW_FUND_YOY,3879,270882,DEVELOPMENT_ONLY_COMPLETE
balance_sheet_report_em,BUY_RESALE_FINASSET,7927,266834,DEVELOPMENT_ONLY_COMPLETE
balance_sheet_report_em,BUY_RESALE_FINASSET_YOY,4843,269918,DEVELOPMENT_ONLY_COMPLETE
balance_sheet_report_em,CAPITAL_RESERVE,269443,5318,DEVELOPMENT_ONLY_COMPLETE
balance_sheet_report_em,CAPITAL_RESERVE_YOY,246956,27805,DEVELOPMENT_ONLY_COMPLETE
balance_sheet_report_em,CASH_DEPOSIT_PBC,2697,272064,DEVELOPMENT_ONLY_COMPLETE
balance_sheet_report_em,CASH_DEPOSIT_PBC_YOY,2478,272283,DEVELOPMENT_ONLY_COMPLETE
balance_sheet_report_em,CD_NOTE_PAYABLE,566,274195,DEVELOPMENT_ONLY_COMPLETE
balance_sheet_report_em,CD_NOTE_PAYABLE_YOY,122,274639,DEVELOPMENT_ONLY_COMPLETE
balance_sheet_report_em,CIP,229263,45498,DEVELOPMENT_ONLY_COMPLETE
balance_sheet_report_em,CIP_YOY,201885,72876,DEVELOPMENT_ONLY_COMPLETE
balance_sheet_report_em,COMPENSATE_PAYABLE,278,274483,DEVELOPMENT_ONLY_COMPLETE
balance_sheet_report_em,COMPENSATE_PAYABLE_YOY,256,274505,DEVELOPMENT_ONLY_COMPLETE
balance_sheet_report_em,CONSUMPTIVE_BIOLOGICAL_ASSET,26,274735,DEVELOPMENT_ONLY_COMPLETE
balance_sheet_report_em,CONSUMPTIVE_BIOLOGICAL_ASSET_YOY,18,274743,DEVELOPMENT_ONLY_COMPLETE
balance_sheet_report_em,CONTRACT_ASSET,32074,242687,DEVELOPMENT_ONLY_COMPLETE
balance_sheet_report_em,CONTRACT_ASSET_YOY,23091,251670,DEVELOPMENT_ONLY_COMPLETE
balance_sheet_report_em,CONTRACT_LIAB,91264,183497,DEVELOPMENT_ONLY_COMPLETE
balance_sheet_report_em,CONTRACT_LIAB_YOY,70877,203884,DEVELOPMENT_ONLY_COMPLETE
balance_sheet_report_em,CONVERT_DIFF,18185,256576,DEVELOPMENT_ONLY_COMPLETE
balance_sheet_report_em,CONVERT_DIFF_YOY,13225,261536,DEVELOPMENT_ONLY_COMPLETE
balance_sheet_report_em,CREDITOR_INVEST,7501,267260,DEVELOPMENT_ONLY_COMPLETE
balance_sheet_report_em,CREDITOR_INVEST_YOY,4319,270442,DEVELOPMENT_ONLY_COMPLETE
balance_sheet_report_em,CREDITOR_PLAN_INVEST,7,274754,DEVELOPMENT_ONLY_COMPLETE
balance_sheet_report_em,CREDITOR_PLAN_INVEST_YOY,2,274759,DEVELOPMENT_ONLY_COMPLETE
balance_sheet_report_em,CREDIT_AGENT_SECURITY,233,274528,DEVELOPMENT_ONLY_COMPLETE
balance_sheet_report_em,CREDIT_AGENT_SECURITY_YOY,78,274683,DEVELOPMENT_ONLY_COMPLETE
balance_sheet_report_em,CREDIT_EXCESS_RESERVE,265,274496,DEVELOPMENT_ONLY_COMPLETE
balance_sheet_report_em,CREDIT_EXCESS_RESERVE_YOY,5,274756,DEVELOPMENT_ONLY_COMPLETE
balance_sheet_report_em,CURRENCY,274705,56,DEVELOPMENT_ONLY_COMPLETE
balance_sheet_report_em,CURRENT_ASSET_BALANCE,224514,50247,DEVELOPMENT_ONLY_COMPLETE
balance_sheet_report_em,CURRENT_ASSET_BALANCE_YOY,14522,260239,DEVELOPMENT_ONLY_COMPLETE
balance_sheet_report_em,CURRENT_ASSET_OTHER,100767,173994,DEVELOPMENT_ONLY_COMPLETE
balance_sheet_report_em,CURRENT_ASSET_OTHER_YOY,27873,246888,DEVELOPMENT_ONLY_COMPLETE
balance_sheet_report_em,CURRENT_LIAB_BALANCE,224587,50174,DEVELOPMENT_ONLY_COMPLETE
balance_sheet_report_em,CURRENT_LIAB_BALANCE_YOY,3776,270985,DEVELOPMENT_ONLY_COMPLETE
balance_sheet_report_em,CURRENT_LIAB_OTHER,112548,162213,DEVELOPMENT_ONLY_COMPLETE
balance_sheet_report_em,CURRENT_LIAB_OTHER_YOY,27278,247483,DEVELOPMENT_ONLY_COMPLETE
balance_sheet_report_em,CUSTOMER_CREDIT_DEPOSIT,352,274409,DEVELOPMENT_ONLY_COMPLETE
balance_sheet_report_em,CUSTOMER_CREDIT_DEPOSIT_YOY,72,274689,DEVELOPMENT_ONLY_COMPLETE
balance_sheet_report_em,CUSTOMER_DEPOSIT,2303,272458,DEVELOPMENT_ONLY_COMPLETE
balance_sheet_report_em,CUSTOMER_DEPOSIT_YOY,2116,272645,DEVELOPMENT_ONLY_COMPLETE
balance_sheet_report_em,CUSTOMER_EXCESS_RESERVE,2288,272473,DEVELOPMENT_ONLY_COMPLETE
balance_sheet_report_em,CUSTOMER_EXCESS_RESERVE_YOY,2098,272663,DEVELOPMENT_ONLY_COMPLETE
balance_sheet_report_em,DEFER_INCOME,147139,127622,DEVELOPMENT_ONLY_COMPLETE
balance_sheet_report_em,DEFER_INCOME_1YEAR,455,274306,DEVELOPMENT_ONLY_COMPLETE
balance_sheet_report_em,DEFER_INCOME_1YEAR_YOY,181,274580,DEVELOPMENT_ONLY_COMPLETE
balance_sheet_report_em,DEFER_INCOME_YOY,125109,149652,DEVELOPMENT_ONLY_COMPLETE
balance_sheet_report_em,DEFER_TAX_ASSET,231499,43262,DEVELOPMENT_ONLY_COMPLETE
balance_sheet_report_em,DEFER_TAX_ASSET_YOY,208410,66351,DEVELOPMENT_ONLY_COMPLETE
balance_sheet_report_em,DEFER_TAX_LIAB,144577,130184,DEVELOPMENT_ONLY_COMPLETE
balance_sheet_report_em,DEFER_TAX_LIAB_YOY,117535,157226,DEVELOPMENT_ONLY_COMPLETE
balance_sheet_report_em,DEPOSIT_CERTIFICATE,163,274598,DEVELOPMENT_ONLY_COMPLETE
balance_sheet_report_em,DEPOSIT_CERTIFICATE_YOY,113,274648,DEVELOPMENT_ONLY_COMPLETE
balance_sheet_report_em,DEPOSIT_INTERBANK,2414,272347,DEVELOPMENT_ONLY_COMPLETE
balance_sheet_report_em,DEPOSIT_INTERBANK_YOY,2182,272579,DEVELOPMENT_ONLY_COMPLETE
balance_sheet_report_em,DERIVE_FINASSET,10451,264310,DEVELOPMENT_ONLY_COMPLETE
balance_sheet_report_em,DERIVE_FINASSET_YOY,6275,268486,DEVELOPMENT_ONLY_COMPLETE
balance_sheet_report_em,DERIVE_FINLIAB,10271,264490,DEVELOPMENT_ONLY_COMPLETE
balance_sheet_report_em,DERIVE_FINLIAB_YOY,6140,268621,DEVELOPMENT_ONLY_COMPLETE
balance_sheet_report_em,DEVELOP_EXPENSE,44377,230384,DEVELOPMENT_ONLY_COMPLETE
balance_sheet_report_em,DEVELOP_EXPENSE_YOY,33406,241355,DEVELOPMENT_ONLY_COMPLETE
balance_sheet_report_em,DIVIDEND_PAYABLE,98460,176301,DEVELOPMENT_ONLY_COMPLETE
balance_sheet_report_em,DIVIDEND_PAYABLE_YOY,74506,200255,DEVELOPMENT_ONLY_COMPLETE
balance_sheet_report_em,DIVIDEND_RECE,28451,246310,DEVELOPMENT_ONLY_COMPLETE
balance_sheet_report_em,DIVIDEND_RECE_YOY,15323,259438,DEVELOPMENT_ONLY_COMPLETE
balance_sheet_report_em,DIV_HOLDSALE_ASSET,1209,273552,DEVELOPMENT_ONLY_COMPLETE
balance_sheet_report_em,DIV_HOLDSALE_ASSET_YOY,215,274546,DEVELOPMENT_ONLY_COMPLETE
balance_sheet_report_em,DIV_HOLDSALE_LIAB,372,274389,DEVELOPMENT_ONLY_COMPLETE
balance_sheet_report_em,DIV_HOLDSALE_LIAB_YOY,24,274737,DEVELOPMENT_ONLY_COMPLETE
balance_sheet_report_em,EQUITY_BALANCE,194616,80145,DEVELOPMENT_ONLY_COMPLETE
balance_sheet_report_em,EQUITY_BALANCE_YOY,298,274463,DEVELOPMENT_ONLY_COMPLETE
balance_sheet_report_em,EQUITY_OTHER,13689,261072,DEVELOPMENT_ONLY_COMPLETE
balance_sheet_report_em,EQUITY_OTHER_YOY,3,274758,DEVELOPMENT_ONLY_COMPLETE
balance_sheet_report_em,EXPORT_REFUND_RECE,23,274738,DEVELOPMENT_ONLY_COMPLETE
balance_sheet_report_em,EXPORT_REFUND_RECE_YOY,1,274760,DEVELOPMENT_ONLY_COMPLETE
balance_sheet_report_em,FEE_COMMISSION_PAYABLE,2583,272178,DEVELOPMENT_ONLY_COMPLETE
balance_sheet_report_em,FEE_COMMISSION_PAYABLE_YOY,473,274288,DEVELOPMENT_ONLY_COMPLETE
balance_sheet_report_em,FINANCE_RECE,62939,211822,DEVELOPMENT_ONLY_COMPLETE
balance_sheet_report_em,FINANCE_RECE_YOY,46877,227884,DEVELOPMENT_ONLY_COMPLETE
balance_sheet_report_em,FIN_FUND,2195,272566,DEVELOPMENT_ONLY_COMPLETE
balance_sheet_report_em,FIN_FUND_YOY,1836,272925,DEVELOPMENT_ONLY_COMPLETE
balance_sheet_report_em,FIN_SECURITY,211,274550,DEVELOPMENT_ONLY_COMPLETE
balance_sheet_report_em,FIN_SECURITY_YOY,20,274741,DEVELOPMENT_ONLY_COMPLETE
balance_sheet_report_em,FIXED_ASSET,263843,10918,DEVELOPMENT_ONLY_COMPLETE
balance_sheet_report_em,FIXED_ASSET_DISPOSAL,20891,253870,DEVELOPMENT_ONLY_COMPLETE
balance_sheet_report_em,FIXED_ASSET_DISPOSAL_YOY,9212,265549,DEVELOPMENT_ONLY_COMPLETE
balance_sheet_report_em,FIXED_ASSET_YOY,241598,33163,DEVELOPMENT_ONLY_COMPLETE
balance_sheet_report_em,FVTOCI_FINASSET,493,274268,DEVELOPMENT_ONLY_COMPLETE
balance_sheet_report_em,FVTOCI_FINASSET_YOY,228,274533,DEVELOPMENT_ONLY_COMPLETE
balance_sheet_report_em,FVTOCI_NCFINASSET,39,274722,DEVELOPMENT_ONLY_COMPLETE
balance_sheet_report_em,FVTOCI_NCFINASSET_YOY,0,274761,DEVELOPMENT_ONLY_COMPLETE
balance_sheet_report_em,FVTPL_FINASSET,14543,260218,DEVELOPMENT_ONLY_COMPLETE
balance_sheet_report_em,FVTPL_FINASSET_YOY,7888,266873,DEVELOPMENT_ONLY_COMPLETE
balance_sheet_report_em,FVTPL_FINLIAB,8203,266558,DEVELOPMENT_ONLY_COMPLETE
balance_sheet_report_em,FVTPL_FINLIAB_YOY,4111,270650,DEVELOPMENT_ONLY_COMPLETE
balance_sheet_report_em,GENERAL_RISK_RESERVE,11220,263541,DEVELOPMENT_ONLY_COMPLETE
balance_sheet_report_em,GENERAL_RISK_RESERVE_YOY,7628,267133,DEVELOPMENT_ONLY_COMPLETE
balance_sheet_report_em,GOODWILL,107722,167039,DEVELOPMENT_ONLY_COMPLETE
balance_sheet_report_em,GOODWILL_YOY,91252,183509,DEVELOPMENT_ONLY_COMPLETE
balance_sheet_report_em,HD_RESERVE,224,274537,DEVELOPMENT_ONLY_COMPLETE
balance_sheet_report_em,HD_RESERVE_YOY,201,274560,DEVELOPMENT_ONLY_COMPLETE
balance_sheet_report_em,HEDGE_RESERVE,67,274694,DEVELOPMENT_ONLY_COMPLETE
balance_sheet_report_em,HEDGE_RESERVE_YOY,13,274748,DEVELOPMENT_ONLY_COMPLETE
balance_sheet_report_em,HOLDSALE_ASSET,5805,268956,DEVELOPMENT_ONLY_COMPLETE
balance_sheet_report_em,HOLDSALE_ASSET_YOY,1613,273148,DEVELOPMENT_ONLY_COMPLETE
balance_sheet_report_em,HOLDSALE_LIAB,1738,273023,DEVELOPMENT_ONLY_COMPLETE
balance_sheet_report_em,HOLDSALE_LIAB_YOY,166,274595,DEVELOPMENT_ONLY_COMPLETE
balance_sheet_report_em,HOLD_MATURITY_INVEST,8644,266117,DEVELOPMENT_ONLY_COMPLETE
balance_sheet_report_em,HOLD_MATURITY_INVEST_YOY,4040,270721,DEVELOPMENT_ONLY_COMPLETE
balance_sheet_report_em,IND_ACC_ASSET,159,274602,DEVELOPMENT_ONLY_COMPLETE
balance_sheet_report_em,IND_ACC_ASSET_YOY,142,274619,DEVELOPMENT_ONLY_COMPLETE
balance_sheet_report_em,IND_ACC_LIAB,175,274586,DEVELOPMENT_ONLY_COMPLETE
balance_sheet_report_em,IND_ACC_LIAB_YOY,156,274605,DEVELOPMENT_ONLY_COMPLETE
balance_sheet_report_em,INSURANCE_CONTRACT_RESERVE,2239,272522,DEVELOPMENT_ONLY_COMPLETE
balance_sheet_report_em,INSURANCE_CONTRACT_RESERVE_YOY,431,274330,DEVELOPMENT_ONLY_COMPLETE
balance_sheet_report_em,INSURED_DEPOSIT_INVEST,276,274485,DEVELOPMENT_ONLY_COMPLETE
balance_sheet_report_em,INSURED_DEPOSIT_INVEST_YOY,253,274508,DEVELOPMENT_ONLY_COMPLETE
balance_sheet_report_em,INSURED_PLEDGE_LOAN,240,274521,DEVELOPMENT_ONLY_COMPLETE
balance_sheet_report_em,INSURED_PLEDGE_LOAN_YOY,217,274544,DEVELOPMENT_ONLY_COMPLETE
balance_sheet_report_em,INTANGIBLE_ASSET,262737,12024,DEVELOPMENT_ONLY_COMPLETE
balance_sheet_report_em,INTANGIBLE_ASSET_YOY,239525,35236,DEVELOPMENT_ONLY_COMPLETE
balance_sheet_report_em,INTEREST_PAYABLE,89703,185058,DEVELOPMENT_ONLY_COMPLETE
balance_sheet_report_em,INTEREST_PAYABLE_YOY,67515,207246,DEVELOPMENT_ONLY_COMPLETE
balance_sheet_report_em,INTEREST_RECE,47917,226844,DEVELOPMENT_ONLY_COMPLETE
balance_sheet_report_em,INTEREST_RECE_YOY,31251,243510,DEVELOPMENT_ONLY_COMPLETE
balance_sheet_report_em,INTERNAL_PAYABLE,13,274748,DEVELOPMENT_ONLY_COMPLETE
balance_sheet_report_em,INTERNAL_PAYABLE_YOY,1,274760,DEVELOPMENT_ONLY_COMPLETE
balance_sheet_report_em,INTERNAL_RECE,15,274746,DEVELOPMENT_ONLY_COMPLETE
balance_sheet_report_em,INTERNAL_RECE_YOY,2,274759,DEVELOPMENT_ONLY_COMPLETE
balance_sheet_report_em,INVENTORY,262386,12375,DEVELOPMENT_ONLY_COMPLETE
balance_sheet_report_em,INVENTORY_YOY,240104,34657,DEVELOPMENT_ONLY_COMPLETE
balance_sheet_report_em,INVEST_JOINT,96,274665,DEVELOPMENT_ONLY_COMPLETE
balance_sheet_report_em,INVEST_JOINT_YOY,39,274722,DEVELOPMENT_ONLY_COMPLETE
balance_sheet_report_em,INVEST_REALESTATE,104613,170148,DEVELOPMENT_ONLY_COMPLETE
balance_sheet_report_em,INVEST_REALESTATE_YOY,89011,185750,DEVELOPMENT_ONLY_COMPLETE
balance_sheet_report_em,INVEST_RECE,1194,273567,DEVELOPMENT_ONLY_COMPLETE
balance_sheet_report_em,INVEST_RECE_YOY,974,273787,DEVELOPMENT_ONLY_COMPLETE
balance_sheet_report_em,INVEST_REVALUE_RESERVE,72,274689,DEVELOPMENT_ONLY_COMPLETE
balance_sheet_report_em,INVEST_REVALUE_RESERVE_YOY,17,274744,DEVELOPMENT_ONLY_COMPLETE
balance_sheet_report_em,INVEST_SUBSIDIARY,29,274732,DEVELOPMENT_ONLY_COMPLETE
balance_sheet_report_em,INVEST_SUBSIDIARY_YOY,0,274761,DEVELOPMENT_ONLY_COMPLETE
balance_sheet_report_em,IOFI_DEPOSIT,2448,272313,DEVELOPMENT_ONLY_COMPLETE
balance_sheet_report_em,IOFI_DEPOSIT_YOY,2221,272540,DEVELOPMENT_ONLY_COMPLETE
balance_sheet_report_em,LD_RESERVE,224,274537,DEVELOPMENT_ONLY_COMPLETE
balance_sheet_report_em,LD_RESERVE_YOY,201,274560,DEVELOPMENT_ONLY_COMPLETE
balance_sheet_report_em,LEASE_LIAB,64789,209972,DEVELOPMENT_ONLY_COMPLETE
balance_sheet_report_em,LEASE_LIAB_YOY,44975,229786,DEVELOPMENT_ONLY_COMPLETE
balance_sheet_report_em,LEND_FUND,4919,269842,DEVELOPMENT_ONLY_COMPLETE
balance_sheet_report_em,LEND_FUND_YOY,2284,272477,DEVELOPMENT_ONLY_COMPLETE
balance_sheet_report_em,LIAB_BALANCE,229480,45281,DEVELOPMENT_ONLY_COMPLETE
balance_sheet_report_em,LIAB_BALANCE_YOY,699,274062,DEVELOPMENT_ONLY_COMPLETE
balance_sheet_report_em,LIAB_EQUITY_BALANCE,36084,238677,DEVELOPMENT_ONLY_COMPLETE
balance_sheet_report_em,LIAB_EQUITY_BALANCE_YOY,990,273771,DEVELOPMENT_ONLY_COMPLETE
balance_sheet_report_em,LIAB_EQUITY_OTHER,153,274608,DEVELOPMENT_ONLY_COMPLETE
balance_sheet_report_em,LIAB_EQUITY_OTHER_YOY,3,274758,DEVELOPMENT_ONLY_COMPLETE
balance_sheet_report_em,LIAB_OTHER,26313,248448,DEVELOPMENT_ONLY_COMPLETE
balance_sheet_report_em,LIAB_OTHER_YOY,1633,273128,DEVELOPMENT_ONLY_COMPLETE
balance_sheet_report_em,LISTING_STATE,274761,0,DEVELOPMENT_ONLY_COMPLETE
balance_sheet_report_em,LOAN_ADVANCE,9264,265497,DEVELOPMENT_ONLY_COMPLETE
balance_sheet_report_em,LOAN_ADVANCE_YOY,5271,269490,DEVELOPMENT_ONLY_COMPLETE
balance_sheet_report_em,LOAN_PBC,4184,270577,DEVELOPMENT_ONLY_COMPLETE
balance_sheet_report_em,LOAN_PBC_YOY,1781,272980,DEVELOPMENT_ONLY_COMPLETE
balance_sheet_report_em,LONG_EQUITY_INVEST,184459,90302,DEVELOPMENT_ONLY_COMPLETE
balance_sheet_report_em,LONG_EQUITY_INVEST_YOY,161180,113581,DEVELOPMENT_ONLY_COMPLETE
balance_sheet_report_em,LONG_LOAN,148915,125846,DEVELOPMENT_ONLY_COMPLETE
balance_sheet_report_em,LONG_LOAN_YOY,118949,155812,DEVELOPMENT_ONLY_COMPLETE
balance_sheet_report_em,LONG_PAYABLE,82653,192108,DEVELOPMENT_ONLY_COMPLETE
balance_sheet_report_em,LONG_PAYABLE_YOY,62219,212542,DEVELOPMENT_ONLY_COMPLETE
balance_sheet_report_em,LONG_PREPAID_EXPENSE,209806,64955,DEVELOPMENT_ONLY_COMPLETE
balance_sheet_report_em,LONG_PREPAID_EXPENSE_YOY,182405,92356,DEVELOPMENT_ONLY_COMPLETE
balance_sheet_report_em,LONG_RECE,41540,233221,DEVELOPMENT_ONLY_COMPLETE
balance_sheet_report_em,LONG_RECE_YOY,29349,245412,DEVELOPMENT_ONLY_COMPLETE
balance_sheet_report_em,LONG_STAFFSALARY_PAYABLE,28669,246092,DEVELOPMENT_ONLY_COMPLETE
balance_sheet_report_em,LONG_STAFFSALARY_PAYABLE_YOY,16589,258172,DEVELOPMENT_ONLY_COMPLETE
balance_sheet_report_em,MINORITY_EQUITY,208665,66096,DEVELOPMENT_ONLY_COMPLETE
balance_sheet_report_em,MINORITY_EQUITY_YOY,185685,89076,DEVELOPMENT_ONLY_COMPLETE
balance_sheet_report_em,MONETARYFUNDS,268743,6018,DEVELOPMENT_ONLY_COMPLETE
balance_sheet_report_em,MONETARYFUNDS_YOY,246753,28008,DEVELOPMENT_ONLY_COMPLETE
balance_sheet_report_em,MORTGAGE_ASSET_IMPAIRMENT,69,274692,DEVELOPMENT_ONLY_COMPLETE
balance_sheet_report_em,MORTGAGE_ASSET_IMPAIRMENT_YOY,6,274755,DEVELOPMENT_ONLY_COMPLETE
balance_sheet_report_em,NET_PENDMORTGAGE_ASSET,106,274655,DEVELOPMENT_ONLY_COMPLETE
balance_sheet_report_em,NET_PENDMORTGAGE_ASSET_YOY,31,274730,DEVELOPMENT_ONLY_COMPLETE
balance_sheet_report_em,NONCURRENT_ASSET_1YEAR,37033,237728,DEVELOPMENT_ONLY_COMPLETE
balance_sheet_report_em,NONCURRENT_ASSET_1YEAR_YOY,21473,253288,DEVELOPMENT_ONLY_COMPLETE
balance_sheet_report_em,NONCURRENT_ASSET_BALANCE,224532,50229,DEVELOPMENT_ONLY_COMPLETE
balance_sheet_report_em,NONCURRENT_ASSET_BALANCE_YOY,15131,259630,DEVELOPMENT_ONLY_COMPLETE
balance_sheet_report_em,NONCURRENT_ASSET_OTHER,38346,236415,DEVELOPMENT_ONLY_COMPLETE
balance_sheet_report_em,NONCURRENT_ASSET_OTHER_YOY,578,274183,DEVELOPMENT_ONLY_COMPLETE
balance_sheet_report_em,NONCURRENT_LIAB_1YEAR,154797,119964,DEVELOPMENT_ONLY_COMPLETE
balance_sheet_report_em,NONCURRENT_LIAB_1YEAR_YOY,118947,155814,DEVELOPMENT_ONLY_COMPLETE
balance_sheet_report_em,NONCURRENT_LIAB_BALANCE,214281,60480,DEVELOPMENT_ONLY_COMPLETE
balance_sheet_report_em,NONCURRENT_LIAB_BALANCE_YOY,3897,270864,DEVELOPMENT_ONLY_COMPLETE
balance_sheet_report_em,NONCURRENT_LIAB_OTHER,37800,236961,DEVELOPMENT_ONLY_COMPLETE
balance_sheet_report_em,NONCURRENT_LIAB_OTHER_YOY,571,274190,DEVELOPMENT_ONLY_COMPLETE
balance_sheet_report_em,NOTE_ACCOUNTS_PAYABLE,264774,9987,DEVELOPMENT_ONLY_COMPLETE
balance_sheet_report_em,NOTE_ACCOUNTS_PAYABLE_YOY,242599,32162,DEVELOPMENT_ONLY_COMPLETE
balance_sheet_report_em,NOTE_ACCOUNTS_RECE,262311,12450,DEVELOPMENT_ONLY_COMPLETE
balance_sheet_report_em,NOTE_ACCOUNTS_RECE_YOY,239042,35719,DEVELOPMENT_ONLY_COMPLETE
balance_sheet_report_em,NOTE_PAYABLE,167452,107309,DEVELOPMENT_ONLY_COMPLETE
balance_sheet_report_em,NOTE_PAYABLE_YOY,134770,139991,DEVELOPMENT_ONLY_COMPLETE
balance_sheet_report_em,NOTE_RECE,194225,80536,DEVELOPMENT_ONLY_COMPLETE
balance_sheet_report_em,NOTE_RECE_YOY,163657,111104,DEVELOPMENT_ONLY_COMPLETE
balance_sheet_report_em,NOTICE_DATE,274761,0,DEVELOPMENT_ONLY_COMPLETE
balance_sheet_report_em,OIL_GAS_ASSET,5039,269722,DEVELOPMENT_ONLY_COMPLETE
balance_sheet_report_em,OIL_GAS_ASSET_YOY,628,274133,DEVELOPMENT_ONLY_COMPLETE
balance_sheet_report_em,OPINION_TYPE,84088,190673,DEVELOPMENT_ONLY_COMPLETE
balance_sheet_report_em,ORG_CODE,274761,0,DEVELOPMENT_ONLY_COMPLETE
balance_sheet_report_em,ORG_TYPE,274761,0,DEVELOPMENT_ONLY_COMPLETE
balance_sheet_report_em,OSOOPINION_TYPE,0,274761,DEVELOPMENT_ONLY_COMPLETE
balance_sheet_report_em,OSOPINION_TYPE,34,274727,DEVELOPMENT_ONLY_COMPLETE
balance_sheet_report_em,OTHER_ASSET,5262,269499,DEVELOPMENT_ONLY_COMPLETE
balance_sheet_report_em,OTHER_ASSET_YOY,4679,270082,DEVELOPMENT_ONLY_COMPLETE
balance_sheet_report_em,OTHER_COMPRE_INCOME,112990,161771,DEVELOPMENT_ONLY_COMPLETE
balance_sheet_report_em,OTHER_COMPRE_INCOME_YOY,91122,183639,DEVELOPMENT_ONLY_COMPLETE
balance_sheet_report_em,OTHER_CREDITOR_INVEST,4326,270435,DEVELOPMENT_ONLY_COMPLETE
balance_sheet_report_em,OTHER_CREDITOR_INVEST_YOY,2382,272379,DEVELOPMENT_ONLY_COMPLETE
balance_sheet_report_em,OTHER_CURRENT_ASSET,189873,84888,DEVELOPMENT_ONLY_COMPLETE
balance_sheet_report_em,OTHER_CURRENT_ASSET_YOY,160982,113779,DEVELOPMENT_ONLY_COMPLETE
balance_sheet_report_em,OTHER_CURRENT_LIAB,125759,149002,DEVELOPMENT_ONLY_COMPLETE
balance_sheet_report_em,OTHER_CURRENT_LIAB_YOY,94180,180581,DEVELOPMENT_ONLY_COMPLETE
balance_sheet_report_em,OTHER_EQUITY_INVEST,52554,222207,DEVELOPMENT_ONLY_COMPLETE
balance_sheet_report_em,OTHER_EQUITY_INVEST_YOY,40356,234405,DEVELOPMENT_ONLY_COMPLETE
balance_sheet_report_em,OTHER_EQUITY_OTHER,8864,265897,DEVELOPMENT_ONLY_COMPLETE
balance_sheet_report_em,OTHER_EQUITY_OTHER_YOY,59,274702,DEVELOPMENT_ONLY_COMPLETE
balance_sheet_report_em,OTHER_EQUITY_TOOL,23503,251258,DEVELOPMENT_ONLY_COMPLETE
balance_sheet_report_em,OTHER_EQUITY_TOOL_YOY,9641,265120,DEVELOPMENT_ONLY_COMPLETE
balance_sheet_report_em,OTHER_LIAB,5305,269456,DEVELOPMENT_ONLY_COMPLETE
balance_sheet_report_em,OTHER_LIAB_YOY,4648,270113,DEVELOPMENT_ONLY_COMPLETE
balance_sheet_report_em,OTHER_NONCURRENT_ASSET,149382,125379,DEVELOPMENT_ONLY_COMPLETE
balance_sheet_report_em,OTHER_NONCURRENT_ASSET_YOY,120201,154560,DEVELOPMENT_ONLY_COMPLETE
balance_sheet_report_em,OTHER_NONCURRENT_FINASSET,34293,240468,DEVELOPMENT_ONLY_COMPLETE
balance_sheet_report_em,OTHER_NONCURRENT_FINASSET_YOY,24833,249928,DEVELOPMENT_ONLY_COMPLETE
balance_sheet_report_em,OTHER_NONCURRENT_LIAB,65288,209473,DEVELOPMENT_ONLY_COMPLETE
balance_sheet_report_em,OTHER_NONCURRENT_LIAB_YOY,45873,228888,DEVELOPMENT_ONLY_COMPLETE
balance_sheet_report_em,OTHER_PAYABLE,149538,125223,DEVELOPMENT_ONLY_COMPLETE
balance_sheet_report_em,OTHER_PAYABLE_YOY,133790,140971,DEVELOPMENT_ONLY_COMPLETE
balance_sheet_report_em,OTHER_RECE,142219,132542,DEVELOPMENT_ONLY_COMPLETE
balance_sheet_report_em,OTHER_RECE_YOY,126359,148402,DEVELOPMENT_ONLY_COMPLETE
balance_sheet_report_em,OUTWARD_REMIT,102,274659,DEVELOPMENT_ONLY_COMPLETE
balance_sheet_report_em,OUTWARD_REMIT_YOY,29,274732,DEVELOPMENT_ONLY_COMPLETE
balance_sheet_report_em,PARENT_EQUITY_BALANCE,229843,44918,DEVELOPMENT_ONLY_COMPLETE
balance_sheet_report_em,PARENT_EQUITY_BALANCE_YOY,2794,271967,DEVELOPMENT_ONLY_COMPLETE
balance_sheet_report_em,PARENT_EQUITY_OTHER,38273,236488,DEVELOPMENT_ONLY_COMPLETE
balance_sheet_report_em,PARENT_EQUITY_OTHER_YOY,213,274548,DEVELOPMENT_ONLY_COMPLETE
balance_sheet_report_em,PEND_MORTGAGE_ASSET,106,274655,DEVELOPMENT_ONLY_COMPLETE
balance_sheet_report_em,PEND_MORTGAGE_ASSET_YOY,31,274730,DEVELOPMENT_ONLY_COMPLETE
balance_sheet_report_em,PERPETUAL_BOND,13051,261710,DEVELOPMENT_ONLY_COMPLETE
balance_sheet_report_em,PERPETUAL_BOND_PAYBALE,9633,265128,DEVELOPMENT_ONLY_COMPLETE
balance_sheet_report_em,PERPETUAL_BOND_PAYBALE_YOY,37,274724,DEVELOPMENT_ONLY_COMPLETE
balance_sheet_report_em,PERPETUAL_BOND_YOY,2640,272121,DEVELOPMENT_ONLY_COMPLETE
balance_sheet_report_em,PLEDGE_LOAN,179,274582,DEVELOPMENT_ONLY_COMPLETE
balance_sheet_report_em,PLEDGE_LOAN_YOY,9,274752,DEVELOPMENT_ONLY_COMPLETE
balance_sheet_report_em,POLICY_BONUS_PAYABLE,252,274509,DEVELOPMENT_ONLY_COMPLETE
balance_sheet_report_em,POLICY_BONUS_PAYABLE_YOY,224,274537,DEVELOPMENT_ONLY_COMPLETE
balance_sheet_report_em,PRECIOUS_METAL,1043,273718,DEVELOPMENT_ONLY_COMPLETE
balance_sheet_report_em,PRECIOUS_METAL_YOY,836,273925,DEVELOPMENT_ONLY_COMPLETE
balance_sheet_report_em,PREDICT_CURRENT_LIAB,512,274249,DEVELOPMENT_ONLY_COMPLETE
balance_sheet_report_em,PREDICT_CURRENT_LIAB_YOY,316,274445,DEVELOPMENT_ONLY_COMPLETE
balance_sheet_report_em,PREDICT_LIAB,71173,203588,DEVELOPMENT_ONLY_COMPLETE
balance_sheet_report_em,PREDICT_LIAB_YOY,52756,222005,DEVELOPMENT_ONLY_COMPLETE
balance_sheet_report_em,PREFERRED_SHARES,10617,264144,DEVELOPMENT_ONLY_COMPLETE
balance_sheet_report_em,PREFERRED_SHARES_PAYBALE,9654,265107,DEVELOPMENT_ONLY_COMPLETE
balance_sheet_report_em,PREFERRED_SHARES_PAYBALE_YOY,45,274716,DEVELOPMENT_ONLY_COMPLETE
balance_sheet_report_em,PREFERRED_SHARES_YOY,722,274039,DEVELOPMENT_ONLY_COMPLETE
balance_sheet_report_em,PREMIUM_RECE,3808,270953,DEVELOPMENT_ONLY_COMPLETE
balance_sheet_report_em,PREMIUM_RECE_YOY,373,274388,DEVELOPMENT_ONLY_COMPLETE
balance_sheet_report_em,PREPAYMENT,263691,11070,DEVELOPMENT_ONLY_COMPLETE
balance_sheet_report_em,PREPAYMENT_YOY,241226,33535,DEVELOPMENT_ONLY_COMPLETE
balance_sheet_report_em,PRODUCTIVE_BIOLOGY_ASSET,11427,263334,DEVELOPMENT_ONLY_COMPLETE
balance_sheet_report_em,PRODUCTIVE_BIOLOGY_ASSET_YOY,6353,268408,DEVELOPMENT_ONLY_COMPLETE
balance_sheet_report_em,PROJECT_MATERIAL,32998,241763,DEVELOPMENT_ONLY_COMPLETE
balance_sheet_report_em,PROJECT_MATERIAL_YOY,24158,250603,DEVELOPMENT_ONLY_COMPLETE
balance_sheet_report_em,RC_RESERVE_RECE,3654,271107,DEVELOPMENT_ONLY_COMPLETE
balance_sheet_report_em,RC_RESERVE_RECE_YOY,318,274443,DEVELOPMENT_ONLY_COMPLETE
balance_sheet_report_em,RECEIVABLES,1826,272935,DEVELOPMENT_ONLY_COMPLETE
balance_sheet_report_em,RECEIVABLES_YOY,1574,273187,DEVELOPMENT_ONLY_COMPLETE
balance_sheet_report_em,REFUND_CAPITAL_DEPOSIT,321,274440,DEVELOPMENT_ONLY_COMPLETE
balance_sheet_report_em,REFUND_CAPITAL_DEPOSIT_YOY,298,274463,DEVELOPMENT_ONLY_COMPLETE
balance_sheet_report_em,REFUND_DEPOSIT_PAY,2422,272339,DEVELOPMENT_ONLY_COMPLETE
balance_sheet_report_em,REFUND_DEPOSIT_PAY_YOY,2228,272533,DEVELOPMENT_ONLY_COMPLETE
balance_sheet_report_em,REFUND_DEPOSIT_RECE,21,274740,DEVELOPMENT_ONLY_COMPLETE
balance_sheet_report_em,REFUND_DEPOSIT_RECE_YOY,14,274747,DEVELOPMENT_ONLY_COMPLETE
balance_sheet_report_em,REINSURE_PAYABLE,3677,271084,DEVELOPMENT_ONLY_COMPLETE
balance_sheet_report_em,REINSURE_PAYABLE_YOY,353,274408,DEVELOPMENT_ONLY_COMPLETE
balance_sheet_report_em,REINSURE_RECE,3725,271036,DEVELOPMENT_ONLY_COMPLETE
balance_sheet_report_em,REINSURE_RECE_YOY,346,274415,DEVELOPMENT_ONLY_COMPLETE
balance_sheet_report_em,REPORT_DATE,274761,0,DEVELOPMENT_ONLY_COMPLETE
balance_sheet_report_em,REPORT_DATE_NAME,274761,0,DEVELOPMENT_ONLY_COMPLETE
balance_sheet_report_em,REPORT_TYPE,274761,0,DEVELOPMENT_ONLY_COMPLETE
balance_sheet_report_em,RHD_RESERVE_RECE,216,274545,DEVELOPMENT_ONLY_COMPLETE
balance_sheet_report_em,RHD_RESERVE_RECE_YOY,194,274567,DEVELOPMENT_ONLY_COMPLETE
balance_sheet_report_em,RLD_RESERVE_RECE,204,274557,DEVELOPMENT_ONLY_COMPLETE
balance_sheet_report_em,RLD_RESERVE_RECE_YOY,182,274579,DEVELOPMENT_ONLY_COMPLETE
balance_sheet_report_em,RUC_RESERVE_RECE,217,274544,DEVELOPMENT_ONLY_COMPLETE
balance_sheet_report_em,RUC_RESERVE_RECE_YOY,195,274566,DEVELOPMENT_ONLY_COMPLETE
balance_sheet_report_em,RUD_RESERVE_RECE,218,274543,DEVELOPMENT_ONLY_COMPLETE
balance_sheet_report_em,RUD_RESERVE_RECE_YOY,196,274565,DEVELOPMENT_ONLY_COMPLETE
balance_sheet_report_em,SECUCODE,274761,0,DEVELOPMENT_ONLY_COMPLETE
balance_sheet_report_em,SECURITY_CODE,274761,0,DEVELOPMENT_ONLY_COMPLETE
balance_sheet_report_em,SECURITY_NAME_ABBR,274761,0,DEVELOPMENT_ONLY_COMPLETE
balance_sheet_report_em,SECURITY_TYPE_CODE,274761,0,DEVELOPMENT_ONLY_COMPLETE
balance_sheet_report_em,SELL_REPO_FINASSET,9237,265524,DEVELOPMENT_ONLY_COMPLETE
balance_sheet_report_em,SELL_REPO_FINASSET_YOY,5041,269720,DEVELOPMENT_ONLY_COMPLETE
balance_sheet_report_em,SETTLE_EXCESS_RESERVE,6429,268332,DEVELOPMENT_ONLY_COMPLETE
balance_sheet_report_em,SETTLE_EXCESS_RESERVE_YOY,2725,272036,DEVELOPMENT_ONLY_COMPLETE
balance_sheet_report_em,SHARE_CAPITAL,272980,1781,DEVELOPMENT_ONLY_COMPLETE
balance_sheet_report_em,SHARE_CAPITAL_YOY,251020,23741,DEVELOPMENT_ONLY_COMPLETE
balance_sheet_report_em,SHORT_BOND_PAYABLE,1865,272896,DEVELOPMENT_ONLY_COMPLETE
balance_sheet_report_em,SHORT_BOND_PAYABLE_YOY,230,274531,DEVELOPMENT_ONLY_COMPLETE
balance_sheet_report_em,SHORT_FIN_PAYABLE,1839,272922,DEVELOPMENT_ONLY_COMPLETE
balance_sheet_report_em,SHORT_FIN_PAYABLE_YOY,1541,273220,DEVELOPMENT_ONLY_COMPLETE
balance_sheet_report_em,SHORT_LOAN,213512,61249,DEVELOPMENT_ONLY_COMPLETE
balance_sheet_report_em,SHORT_LOAN_YOY,182645,92116,DEVELOPMENT_ONLY_COMPLETE
balance_sheet_report_em,SPECIAL_PAYABLE,34017,240744,DEVELOPMENT_ONLY_COMPLETE
balance_sheet_report_em,SPECIAL_PAYABLE_YOY,23769,250992,DEVELOPMENT_ONLY_COMPLETE
balance_sheet_report_em,SPECIAL_RESERVE,53041,221720,DEVELOPMENT_ONLY_COMPLETE
balance_sheet_report_em,SPECIAL_RESERVE_YOY,42101,232660,DEVELOPMENT_ONLY_COMPLETE
balance_sheet_report_em,STAFF_SALARY_PAYABLE,269233,5528,DEVELOPMENT_ONLY_COMPLETE
balance_sheet_report_em,STAFF_SALARY_PAYABLE_YOY,246374,28387,DEVELOPMENT_ONLY_COMPLETE
balance_sheet_report_em,SUBBOND_PAYABLE,113,274648,DEVELOPMENT_ONLY_COMPLETE
balance_sheet_report_em,SUBBOND_PAYABLE_YOY,51,274710,DEVELOPMENT_ONLY_COMPLETE
balance_sheet_report_em,SUBROGATION_RECE,2,274759,DEVELOPMENT_ONLY_COMPLETE
balance_sheet_report_em,SUBROGATION_RECE_YOY,0,274761,DEVELOPMENT_ONLY_COMPLETE
balance_sheet_report_em,SUBSIDY_RECE,1514,273247,DEVELOPMENT_ONLY_COMPLETE
balance_sheet_report_em,SUBSIDY_RECE_YOY,40,274721,DEVELOPMENT_ONLY_COMPLETE
balance_sheet_report_em,SURPLUS_RESERVE,267907,6854,DEVELOPMENT_ONLY_COMPLETE
balance_sheet_report_em,SURPLUS_RESERVE_YOY,245530,29231,DEVELOPMENT_ONLY_COMPLETE
balance_sheet_report_em,TAX_PAYABLE,271132,3629,DEVELOPMENT_ONLY_COMPLETE
balance_sheet_report_em,TAX_PAYABLE_YOY,248841,25920,DEVELOPMENT_ONLY_COMPLETE
balance_sheet_report_em,TIME_DEPOSIT,321,274440,DEVELOPMENT_ONLY_COMPLETE
balance_sheet_report_em,TIME_DEPOSIT_YOY,298,274463,DEVELOPMENT_ONLY_COMPLETE
balance_sheet_report_em,TOTAL_ASSETS,274753,8,DEVELOPMENT_ONLY_COMPLETE
balance_sheet_report_em,TOTAL_ASSETS_YOY,252668,22093,DEVELOPMENT_ONLY_COMPLETE
balance_sheet_report_em,TOTAL_CURRENT_ASSETS,267893,6868,DEVELOPMENT_ONLY_COMPLETE
balance_sheet_report_em,TOTAL_CURRENT_ASSETS_YOY,246191,28570,DEVELOPMENT_ONLY_COMPLETE
balance_sheet_report_em,TOTAL_CURRENT_LIAB,267881,6880,DEVELOPMENT_ONLY_COMPLETE
balance_sheet_report_em,TOTAL_CURRENT_LIAB_YOY,246180,28581,DEVELOPMENT_ONLY_COMPLETE
balance_sheet_report_em,TOTAL_EQUITY,273482,1279,DEVELOPMENT_ONLY_COMPLETE
balance_sheet_report_em,TOTAL_EQUITY_YOY,251498,23263,DEVELOPMENT_ONLY_COMPLETE
balance_sheet_report_em,TOTAL_LIABILITIES,274258,503,DEVELOPMENT_ONLY_COMPLETE
balance_sheet_report_em,TOTAL_LIABILITIES_YOY,252032,22729,DEVELOPMENT_ONLY_COMPLETE
balance_sheet_report_em,TOTAL_LIAB_EQUITY,273498,1263,DEVELOPMENT_ONLY_COMPLETE
balance_sheet_report_em,TOTAL_LIAB_EQUITY_YOY,251536,23225,DEVELOPMENT_ONLY_COMPLETE
balance_sheet_report_em,TOTAL_NONCURRENT_ASSETS,267810,6951,DEVELOPMENT_ONLY_COMPLETE
balance_sheet_report_em,TOTAL_NONCURRENT_ASSETS_YOY,246049,28712,DEVELOPMENT_ONLY_COMPLETE
balance_sheet_report_em,TOTAL_NONCURRENT_LIAB,252766,21995,DEVELOPMENT_ONLY_COMPLETE
balance_sheet_report_em,TOTAL_NONCURRENT_LIAB_YOY,226420,48341,DEVELOPMENT_ONLY_COMPLETE
balance_sheet_report_em,TOTAL_OTHER_PAYABLE,265142,9619,DEVELOPMENT_ONLY_COMPLETE
balance_sheet_report_em,TOTAL_OTHER_PAYABLE_YOY,243022,31739,DEVELOPMENT_ONLY_COMPLETE
balance_sheet_report_em,TOTAL_OTHER_RECE,258538,16223,DEVELOPMENT_ONLY_COMPLETE
balance_sheet_report_em,TOTAL_OTHER_RECE_YOY,236281,38480,DEVELOPMENT_ONLY_COMPLETE
balance_sheet_report_em,TOTAL_PARENT_EQUITY,274713,48,DEVELOPMENT_ONLY_COMPLETE
balance_sheet_report_em,TOTAL_PARENT_EQUITY_YOY,252616,22145,DEVELOPMENT_ONLY_COMPLETE
balance_sheet_report_em,TRADE_FINASSET,31491,243270,DEVELOPMENT_ONLY_COMPLETE
balance_sheet_report_em,TRADE_FINASSET_NOTFVTPL,64320,210441,DEVELOPMENT_ONLY_COMPLETE
balance_sheet_report_em,TRADE_FINASSET_NOTFVTPL_YOY,44137,230624,DEVELOPMENT_ONLY_COMPLETE
balance_sheet_report_em,TRADE_FINASSET_YOY,19075,255686,DEVELOPMENT_ONLY_COMPLETE
balance_sheet_report_em,TRADE_FINLIAB,6714,268047,DEVELOPMENT_ONLY_COMPLETE
balance_sheet_report_em,TRADE_FINLIAB_NOTFVTPL,11354,263407,DEVELOPMENT_ONLY_COMPLETE
balance_sheet_report_em,TRADE_FINLIAB_NOTFVTPL_YOY,5606,269155,DEVELOPMENT_ONLY_COMPLETE
balance_sheet_report_em,TRADE_FINLIAB_YOY,1513,273248,DEVELOPMENT_ONLY_COMPLETE
balance_sheet_report_em,TRADE_RISK_RESERVE,551,274210,DEVELOPMENT_ONLY_COMPLETE
balance_sheet_report_em,TRADE_RISK_RESERVE_YOY,376,274385,DEVELOPMENT_ONLY_COMPLETE
balance_sheet_report_em,TRADE_SEAT_FEE,602,274159,DEVELOPMENT_ONLY_COMPLETE
balance_sheet_report_em,TRADE_SEAT_FEE_YOY,477,274284,DEVELOPMENT_ONLY_COMPLETE
balance_sheet_report_em,TREASURY_SHARES,45558,229203,DEVELOPMENT_ONLY_COMPLETE
balance_sheet_report_em,TREASURY_SHARES_YOY,28810,245951,DEVELOPMENT_ONLY_COMPLETE
balance_sheet_report_em,UC_RESERVE,224,274537,DEVELOPMENT_ONLY_COMPLETE
balance_sheet_report_em,UC_RESERVE_YOY,201,274560,DEVELOPMENT_ONLY_COMPLETE
balance_sheet_report_em,UD_RESERVE,224,274537,DEVELOPMENT_ONLY_COMPLETE
balance_sheet_report_em,UD_RESERVE_YOY,201,274560,DEVELOPMENT_ONLY_COMPLETE
balance_sheet_report_em,UNASSIGN_RPOFIT,271528,3233,DEVELOPMENT_ONLY_COMPLETE
balance_sheet_report_em,UNASSIGN_RPOFIT_YOY,249242,25519,DEVELOPMENT_ONLY_COMPLETE
balance_sheet_report_em,UNCONFIRM_INVEST_LOSS,4469,270292,DEVELOPMENT_ONLY_COMPLETE
balance_sheet_report_em,UNCONFIRM_INVEST_LOSS_YOY,1804,272957,DEVELOPMENT_ONLY_COMPLETE
balance_sheet_report_em,UPDATE_DATE,274761,0,DEVELOPMENT_ONLY_COMPLETE
balance_sheet_report_em,USERIGHT_ASSET,68114,206647,DEVELOPMENT_ONLY_COMPLETE
balance_sheet_report_em,USERIGHT_ASSET_YOY,48563,226198,DEVELOPMENT_ONLY_COMPLETE
balance_sheet_report_em,ingest_time_utc,274761,0,DEVELOPMENT_ONLY_COMPLETE
balance_sheet_report_em,source_code6,274761,0,DEVELOPMENT_ONLY_COMPLETE
balance_sheet_report_em,source_dataset,274761,0,DEVELOPMENT_ONLY_COMPLETE
balance_sheet_report_em,source_em,274761,0,DEVELOPMENT_ONLY_COMPLETE
balance_sheet_report_em,source_family,274761,0,DEVELOPMENT_ONLY_COMPLETE
balance_sheet_report_em,source_file,274761,0,DEVELOPMENT_ONLY_COMPLETE
profit_sheet_report_em,ABLE_OCI,86432,183211,DEVELOPMENT_ONLY_COMPLETE
profit_sheet_report_em,ABLE_OCI_BALANCE,93,269550,DEVELOPMENT_ONLY_COMPLETE
profit_sheet_report_em,ABLE_OCI_BALANCE_YOY,0,269643,DEVELOPMENT_ONLY_COMPLETE
profit_sheet_report_em,ABLE_OCI_OTHER,3805,265838,DEVELOPMENT_ONLY_COMPLETE
profit_sheet_report_em,ABLE_OCI_OTHER_YOY,1721,267922,DEVELOPMENT_ONLY_COMPLETE
profit_sheet_report_em,ABLE_OCI_YOY,71651,197992,DEVELOPMENT_ONLY_COMPLETE
profit_sheet_report_em,ACF_END_INCOME,5432,264211,DEVELOPMENT_ONLY_COMPLETE
profit_sheet_report_em,ACF_END_INCOME_YOY,2384,267259,DEVELOPMENT_ONLY_COMPLETE
profit_sheet_report_em,AFA_FAIRVALUE_CHANGE,12613,257030,DEVELOPMENT_ONLY_COMPLETE
profit_sheet_report_em,AFA_FAIRVALUE_CHANGE_YOY,8552,261091,DEVELOPMENT_ONLY_COMPLETE
profit_sheet_report_em,AGENT_SECURITY_NI,2299,267344,DEVELOPMENT_ONLY_COMPLETE
profit_sheet_report_em,AGENT_SECURITY_NI_YOY,2104,267539,DEVELOPMENT_ONLY_COMPLETE
profit_sheet_report_em,AMORTIZE_COMPENSATE_EXPENSE,293,269350,DEVELOPMENT_ONLY_COMPLETE
profit_sheet_report_em,AMORTIZE_COMPENSATE_EXPENSE_YOY,272,269371,DEVELOPMENT_ONLY_COMPLETE
profit_sheet_report_em,AMORTIZE_INSURANCE_RESERVE,291,269352,DEVELOPMENT_ONLY_COMPLETE
profit_sheet_report_em,AMORTIZE_INSURANCE_RESERVE_YOY,268,269375,DEVELOPMENT_ONLY_COMPLETE
profit_sheet_report_em,AMORTIZE_REINSURE_EXPENSE,294,269349,DEVELOPMENT_ONLY_COMPLETE
profit_sheet_report_em,AMORTIZE_REINSURE_EXPENSE_YOY,273,269370,DEVELOPMENT_ONLY_COMPLETE
profit_sheet_report_em,ASSETMANAGE_FEE_NI,633,269010,DEVELOPMENT_ONLY_COMPLETE
profit_sheet_report_em,ASSETMANAGE_FEE_NI_YOY,450,269193,DEVELOPMENT_ONLY_COMPLETE
profit_sheet_report_em,ASSET_DISPOSAL_INCOME,97868,171775,DEVELOPMENT_ONLY_COMPLETE
profit_sheet_report_em,ASSET_DISPOSAL_INCOME_YOY,71067,198576,DEVELOPMENT_ONLY_COMPLETE
profit_sheet_report_em,ASSET_IMPAIRMENT_INCOME,85350,184293,DEVELOPMENT_ONLY_COMPLETE
profit_sheet_report_em,ASSET_IMPAIRMENT_INCOME_YOY,61210,208433,DEVELOPMENT_ONLY_COMPLETE
profit_sheet_report_em,ASSET_IMPAIRMENT_LOSS,112732,156911,DEVELOPMENT_ONLY_COMPLETE
profit_sheet_report_em,ASSET_IMPAIRMENT_LOSS_YOY,93982,175661,DEVELOPMENT_ONLY_COMPLETE
profit_sheet_report_em,ASSET_MANAGE_NI,2199,267444,DEVELOPMENT_ONLY_COMPLETE
profit_sheet_report_em,ASSET_MANAGE_NI_YOY,1952,267691,DEVELOPMENT_ONLY_COMPLETE
profit_sheet_report_em,BANK_INTEREST_EXPENSE,66,269577,DEVELOPMENT_ONLY_COMPLETE
profit_sheet_report_em,BANK_INTEREST_EXPENSE_YOY,61,269582,DEVELOPMENT_ONLY_COMPLETE
profit_sheet_report_em,BANK_INTEREST_INCOME,66,269577,DEVELOPMENT_ONLY_COMPLETE
profit_sheet_report_em,BANK_INTEREST_INCOME_YOY,61,269582,DEVELOPMENT_ONLY_COMPLETE
profit_sheet_report_em,BANK_INTEREST_NI,84,269559,DEVELOPMENT_ONLY_COMPLETE
profit_sheet_report_em,BANK_INTEREST_NI_YOY,61,269582,DEVELOPMENT_ONLY_COMPLETE
profit_sheet_report_em,BASIC_EPS,246124,23519,DEVELOPMENT_ONLY_COMPLETE
profit_sheet_report_em,BASIC_EPS_YOY,222691,46952,DEVELOPMENT_ONLY_COMPLETE
profit_sheet_report_em,BROKER_FEE_NI,627,269016,DEVELOPMENT_ONLY_COMPLETE
profit_sheet_report_em,BROKER_FEE_NI_YOY,445,269198,DEVELOPMENT_ONLY_COMPLETE
profit_sheet_report_em,BROKER_NI,348,269295,DEVELOPMENT_ONLY_COMPLETE
profit_sheet_report_em,BROKER_NI_YOY,14,269629,DEVELOPMENT_ONLY_COMPLETE
profit_sheet_report_em,BUSINESS_MANAGE_EXPENSE,5268,264375,DEVELOPMENT_ONLY_COMPLETE
profit_sheet_report_em,BUSINESS_MANAGE_EXPENSE_YOY,4796,264847,DEVELOPMENT_ONLY_COMPLETE
profit_sheet_report_em,CASHFLOW_HEDGE_VALID,6298,263345,DEVELOPMENT_ONLY_COMPLETE
profit_sheet_report_em,CASHFLOW_HEDGE_VALID_YOY,3783,265860,DEVELOPMENT_ONLY_COMPLETE
profit_sheet_report_em,COMMISSION_NI_OTHER,182,269461,DEVELOPMENT_ONLY_COMPLETE
profit_sheet_report_em,COMMISSION_NI_OTHER_YOY,95,269548,DEVELOPMENT_ONLY_COMPLETE
profit_sheet_report_em,COMPENSATE_EXPENSE,293,269350,DEVELOPMENT_ONLY_COMPLETE
profit_sheet_report_em,COMPENSATE_EXPENSE_YOY,272,269371,DEVELOPMENT_ONLY_COMPLETE
profit_sheet_report_em,CONTINUED_NETPROFIT,130399,139244,DEVELOPMENT_ONLY_COMPLETE
profit_sheet_report_em,CONTINUED_NETPROFIT_YOY,109028,160615,DEVELOPMENT_ONLY_COMPLETE
profit_sheet_report_em,CONVERT_DIFF,74040,195603,DEVELOPMENT_ONLY_COMPLETE
profit_sheet_report_em,CONVERT_DIFF_YOY,61867,207776,DEVELOPMENT_ONLY_COMPLETE
profit_sheet_report_em,CREDITOR_FAIRVALUE_CHANGE,4171,265472,DEVELOPMENT_ONLY_COMPLETE
profit_sheet_report_em,CREDITOR_FAIRVALUE_CHANGE_YOY,2396,267247,DEVELOPMENT_ONLY_COMPLETE
profit_sheet_report_em,CREDITOR_IMPAIRMENT_RESERVE,3158,266485,DEVELOPMENT_ONLY_COMPLETE
profit_sheet_report_em,CREDITOR_IMPAIRMENT_RESERVE_YOY,1706,267937,DEVELOPMENT_ONLY_COMPLETE
profit_sheet_report_em,CREDITRISK_FAIRVALUE_CHANGE,780,268863,DEVELOPMENT_ONLY_COMPLETE
profit_sheet_report_em,CREDITRISK_FAIRVALUE_CHANGE_YOY,27,269616,DEVELOPMENT_ONLY_COMPLETE
profit_sheet_report_em,CREDIT_IMPAIRMENT_INCOME,94495,175148,DEVELOPMENT_ONLY_COMPLETE
profit_sheet_report_em,CREDIT_IMPAIRMENT_INCOME_YOY,73970,195673,DEVELOPMENT_ONLY_COMPLETE
profit_sheet_report_em,CREDIT_IMPAIRMENT_LOSS,2397,267246,DEVELOPMENT_ONLY_COMPLETE
profit_sheet_report_em,CREDIT_IMPAIRMENT_LOSS_YOY,1669,267974,DEVELOPMENT_ONLY_COMPLETE
profit_sheet_report_em,CURRENCY,269628,15,DEVELOPMENT_ONLY_COMPLETE
profit_sheet_report_em,DEDUCT_PARENT_NETPROFIT,253457,16186,DEVELOPMENT_ONLY_COMPLETE
profit_sheet_report_em,DEDUCT_PARENT_NETPROFIT_YOY,231761,37882,DEVELOPMENT_ONLY_COMPLETE
profit_sheet_report_em,DILUTED_EPS,226386,43257,DEVELOPMENT_ONLY_COMPLETE
profit_sheet_report_em,DILUTED_EPS_YOY,203490,66153,DEVELOPMENT_ONLY_COMPLETE
profit_sheet_report_em,DISCONTINUED_NETPROFIT,5695,263948,DEVELOPMENT_ONLY_COMPLETE
profit_sheet_report_em,DISCONTINUED_NETPROFIT_YOY,1979,267664,DEVELOPMENT_ONLY_COMPLETE
profit_sheet_report_em,EARNED_PREMIUM,2595,267048,DEVELOPMENT_ONLY_COMPLETE
profit_sheet_report_em,EARNED_PREMIUM_BALANCE,0,269643,DEVELOPMENT_ONLY_COMPLETE
profit_sheet_report_em,EARNED_PREMIUM_BALANCE_YOY,0,269643,DEVELOPMENT_ONLY_COMPLETE
profit_sheet_report_em,EARNED_PREMIUM_YOY,600,269043,DEVELOPMENT_ONLY_COMPLETE
profit_sheet_report_em,EFFECT_NETPROFIT_BALANCE,31212,238431,DEVELOPMENT_ONLY_COMPLETE
profit_sheet_report_em,EFFECT_NETPROFIT_BALANCE_YOY,1351,268292,DEVELOPMENT_ONLY_COMPLETE
profit_sheet_report_em,EFFECT_NETPROFIT_OTHER,135,269508,DEVELOPMENT_ONLY_COMPLETE
profit_sheet_report_em,EFFECT_NETPROFIT_OTHER_YOY,4,269639,DEVELOPMENT_ONLY_COMPLETE
profit_sheet_report_em,EFFECT_TCI_BALANCE,27741,241902,DEVELOPMENT_ONLY_COMPLETE
profit_sheet_report_em,EFFECT_TCI_BALANCE_YOY,0,269643,DEVELOPMENT_ONLY_COMPLETE
profit_sheet_report_em,EFFECT_TP_OTHER,20410,249233,DEVELOPMENT_ONLY_COMPLETE
profit_sheet_report_em,EFFECT_TP_OTHER_YOY,57,269586,DEVELOPMENT_ONLY_COMPLETE
profit_sheet_report_em,EXCHANGE_INCOME,8908,260735,DEVELOPMENT_ONLY_COMPLETE
profit_sheet_report_em,EXCHANGE_INCOME_YOY,5695,263948,DEVELOPMENT_ONLY_COMPLETE
profit_sheet_report_em,EXTRACT_INSURANCE_RESERVE,298,269345,DEVELOPMENT_ONLY_COMPLETE
profit_sheet_report_em,EXTRACT_INSURANCE_RESERVE_YOY,276,269367,DEVELOPMENT_ONLY_COMPLETE
profit_sheet_report_em,EXTRACT_UNEXPIRE_RESERVE,292,269351,DEVELOPMENT_ONLY_COMPLETE
profit_sheet_report_em,EXTRACT_UNEXPIRE_RESERVE_YOY,270,269373,DEVELOPMENT_ONLY_COMPLETE
profit_sheet_report_em,FAIRVALUE_CHANGE,307,269336,DEVELOPMENT_ONLY_COMPLETE
profit_sheet_report_em,FAIRVALUE_CHANGE_INCOME,83206,186437,DEVELOPMENT_ONLY_COMPLETE
profit_sheet_report_em,FAIRVALUE_CHANGE_INCOME_YOY,59157,210486,DEVELOPMENT_ONLY_COMPLETE
profit_sheet_report_em,FAIRVALUE_CHANGE_YOY,286,269357,DEVELOPMENT_ONLY_COMPLETE
profit_sheet_report_em,FEE_COMMISSION_EXPENSE,6637,263006,DEVELOPMENT_ONLY_COMPLETE
profit_sheet_report_em,FEE_COMMISSION_EXPENSE_YOY,4229,265414,DEVELOPMENT_ONLY_COMPLETE
profit_sheet_report_em,FEE_COMMISSION_INCOME,6668,262975,DEVELOPMENT_ONLY_COMPLETE
profit_sheet_report_em,FEE_COMMISSION_INCOME_YOY,4138,265505,DEVELOPMENT_ONLY_COMPLETE
profit_sheet_report_em,FEE_COMMISSION_NI,4918,264725,DEVELOPMENT_ONLY_COMPLETE
profit_sheet_report_em,FEE_COMMISSION_NI_YOY,4461,265182,DEVELOPMENT_ONLY_COMPLETE
profit_sheet_report_em,FE_INTEREST_EXPENSE,107839,161804,DEVELOPMENT_ONLY_COMPLETE
profit_sheet_report_em,FE_INTEREST_EXPENSE_YOY,86246,183397,DEVELOPMENT_ONLY_COMPLETE
profit_sheet_report_em,FE_INTEREST_INCOME,118285,151358,DEVELOPMENT_ONLY_COMPLETE
profit_sheet_report_em,FE_INTEREST_INCOME_YOY,97922,171721,DEVELOPMENT_ONLY_COMPLETE
profit_sheet_report_em,FINANCE_ADVISER_NI,217,269426,DEVELOPMENT_ONLY_COMPLETE
profit_sheet_report_em,FINANCE_ADVISER_NI_YOY,85,269558,DEVELOPMENT_ONLY_COMPLETE
profit_sheet_report_em,FINANCE_EXPENSE,260639,9004,DEVELOPMENT_ONLY_COMPLETE
profit_sheet_report_em,FINANCE_EXPENSE_YOY,239298,30345,DEVELOPMENT_ONLY_COMPLETE
profit_sheet_report_em,FINANCE_OCI_AMT,1450,268193,DEVELOPMENT_ONLY_COMPLETE
profit_sheet_report_em,FINANCE_OCI_AMT_YOY,322,269321,DEVELOPMENT_ONLY_COMPLETE
profit_sheet_report_em,FUND_MANAGE_NI,222,269421,DEVELOPMENT_ONLY_COMPLETE
profit_sheet_report_em,FUND_MANAGE_NI_YOY,84,269559,DEVELOPMENT_ONLY_COMPLETE
profit_sheet_report_em,FUND_SALE_NI,326,269317,DEVELOPMENT_ONLY_COMPLETE
profit_sheet_report_em,FUND_SALE_NI_YOY,2,269641,DEVELOPMENT_ONLY_COMPLETE
profit_sheet_report_em,HMI_AFA,479,269164,DEVELOPMENT_ONLY_COMPLETE
profit_sheet_report_em,HMI_AFA_YOY,34,269609,DEVELOPMENT_ONLY_COMPLETE
profit_sheet_report_em,INCOME_TAX,259594,10049,DEVELOPMENT_ONLY_COMPLETE
profit_sheet_report_em,INCOME_TAX_YOY,235625,34018,DEVELOPMENT_ONLY_COMPLETE
profit_sheet_report_em,INSURANCE_INCOME,313,269330,DEVELOPMENT_ONLY_COMPLETE
profit_sheet_report_em,INSURANCE_INCOME_YOY,291,269352,DEVELOPMENT_ONLY_COMPLETE
profit_sheet_report_em,INTEREST_EXPENSE,6645,262998,DEVELOPMENT_ONLY_COMPLETE
profit_sheet_report_em,INTEREST_EXPENSE_YOY,4115,265528,DEVELOPMENT_ONLY_COMPLETE
profit_sheet_report_em,INTEREST_INCOME,8407,261236,DEVELOPMENT_ONLY_COMPLETE
profit_sheet_report_em,INTEREST_INCOME_YOY,5681,263962,DEVELOPMENT_ONLY_COMPLETE
profit_sheet_report_em,INTEREST_NI,4918,264725,DEVELOPMENT_ONLY_COMPLETE
profit_sheet_report_em,INTEREST_NI_YOY,4463,265180,DEVELOPMENT_ONLY_COMPLETE
profit_sheet_report_em,INVESTBANK_FEE_NI,629,269014,DEVELOPMENT_ONLY_COMPLETE
profit_sheet_report_em,INVESTBANK_FEE_NI_YOY,448,269195,DEVELOPMENT_ONLY_COMPLETE
profit_sheet_report_em,INVEST_INCOME,217401,52242,DEVELOPMENT_ONLY_COMPLETE
profit_sheet_report_em,INVEST_INCOME_YOY,186473,83170,DEVELOPMENT_ONLY_COMPLETE
profit_sheet_report_em,INVEST_JOINT_INCOME,114183,155460,DEVELOPMENT_ONLY_COMPLETE
profit_sheet_report_em,INVEST_JOINT_INCOME_YOY,95132,174511,DEVELOPMENT_ONLY_COMPLETE
profit_sheet_report_em,MANAGE_EXPENSE,260631,9012,DEVELOPMENT_ONLY_COMPLETE
profit_sheet_report_em,MANAGE_EXPENSE_YOY,239304,30339,DEVELOPMENT_ONLY_COMPLETE
profit_sheet_report_em,ME_RESEARCH_EXPENSE,30,269613,DEVELOPMENT_ONLY_COMPLETE
profit_sheet_report_em,ME_RESEARCH_EXPENSE_YOY,0,269643,DEVELOPMENT_ONLY_COMPLETE
profit_sheet_report_em,MINORITY_INTEREST,201483,68160,DEVELOPMENT_ONLY_COMPLETE
profit_sheet_report_em,MINORITY_INTEREST_YOY,179114,90529,DEVELOPMENT_ONLY_COMPLETE
profit_sheet_report_em,MINORITY_OCI,32771,236872,DEVELOPMENT_ONLY_COMPLETE
profit_sheet_report_em,MINORITY_OCI_YOY,24802,244841,DEVELOPMENT_ONLY_COMPLETE
profit_sheet_report_em,MINORITY_TCI,163877,105766,DEVELOPMENT_ONLY_COMPLETE
profit_sheet_report_em,MINORITY_TCI_YOY,142180,127463,DEVELOPMENT_ONLY_COMPLETE
profit_sheet_report_em,NETPROFIT,268135,1508,DEVELOPMENT_ONLY_COMPLETE
profit_sheet_report_em,NETPROFIT_BALANCE,113,269530,DEVELOPMENT_ONLY_COMPLETE
profit_sheet_report_em,NETPROFIT_BALANCE_YOY,5,269638,DEVELOPMENT_ONLY_COMPLETE
profit_sheet_report_em,NETPROFIT_OTHER,314,269329,DEVELOPMENT_ONLY_COMPLETE
profit_sheet_report_em,NETPROFIT_OTHER_YOY,87,269556,DEVELOPMENT_ONLY_COMPLETE
profit_sheet_report_em,NETPROFIT_YOY,246573,23070,DEVELOPMENT_ONLY_COMPLETE
profit_sheet_report_em,NET_COMPENSATE_EXPENSE,3707,265936,DEVELOPMENT_ONLY_COMPLETE
profit_sheet_report_em,NET_COMPENSATE_EXPENSE_YOY,59,269584,DEVELOPMENT_ONLY_COMPLETE
profit_sheet_report_em,NET_CONTRACT_RESERVE,23690,245953,DEVELOPMENT_ONLY_COMPLETE
profit_sheet_report_em,NET_CONTRACT_RESERVE_YOY,531,269112,DEVELOPMENT_ONLY_COMPLETE
profit_sheet_report_em,NET_EXPOSURE_INCOME,1229,268414,DEVELOPMENT_ONLY_COMPLETE
profit_sheet_report_em,NET_EXPOSURE_INCOME_YOY,57,269586,DEVELOPMENT_ONLY_COMPLETE
profit_sheet_report_em,NONBUSINESS_EXPENSE,256336,13307,DEVELOPMENT_ONLY_COMPLETE
profit_sheet_report_em,NONBUSINESS_EXPENSE_YOY,229712,39931,DEVELOPMENT_ONLY_COMPLETE
profit_sheet_report_em,NONBUSINESS_INCOME,257651,11992,DEVELOPMENT_ONLY_COMPLETE
profit_sheet_report_em,NONBUSINESS_INCOME_YOY,232152,37491,DEVELOPMENT_ONLY_COMPLETE
profit_sheet_report_em,NONCURRENT_DISPOSAL_INCOME,21009,248634,DEVELOPMENT_ONLY_COMPLETE
profit_sheet_report_em,NONCURRENT_DISPOSAL_INCOME_YOY,10846,258797,DEVELOPMENT_ONLY_COMPLETE
profit_sheet_report_em,NONCURRENT_DISPOSAL_LOSS,57921,211722,DEVELOPMENT_ONLY_COMPLETE
profit_sheet_report_em,NONCURRENT_DISPOSAL_LOSS_YOY,41355,228288,DEVELOPMENT_ONLY_COMPLETE
profit_sheet_report_em,NOTICE_DATE,269643,0,DEVELOPMENT_ONLY_COMPLETE
profit_sheet_report_em,OCI_BALANCE,91,269552,DEVELOPMENT_ONLY_COMPLETE
profit_sheet_report_em,OCI_BALANCE_YOY,0,269643,DEVELOPMENT_ONLY_COMPLETE
profit_sheet_report_em,OCI_OTHER,105,269538,DEVELOPMENT_ONLY_COMPLETE
profit_sheet_report_em,OCI_OTHER_YOY,3,269640,DEVELOPMENT_ONLY_COMPLETE
profit_sheet_report_em,OPERATE_COST,260544,9099,DEVELOPMENT_ONLY_COMPLETE
profit_sheet_report_em,OPERATE_COST_YOY,238962,30681,DEVELOPMENT_ONLY_COMPLETE
profit_sheet_report_em,OPERATE_EXPENSE,5407,264236,DEVELOPMENT_ONLY_COMPLETE
profit_sheet_report_em,OPERATE_EXPENSE_BALANCE,2395,267248,DEVELOPMENT_ONLY_COMPLETE
profit_sheet_report_em,OPERATE_EXPENSE_BALANCE_YOY,16,269627,DEVELOPMENT_ONLY_COMPLETE
profit_sheet_report_em,OPERATE_EXPENSE_OTHER,957,268686,DEVELOPMENT_ONLY_COMPLETE
profit_sheet_report_em,OPERATE_EXPENSE_OTHER_YOY,353,269290,DEVELOPMENT_ONLY_COMPLETE
profit_sheet_report_em,OPERATE_EXPENSE_YOY,4935,264708,DEVELOPMENT_ONLY_COMPLETE
profit_sheet_report_em,OPERATE_INCOME,268015,1628,DEVELOPMENT_ONLY_COMPLETE
profit_sheet_report_em,OPERATE_INCOME_BALANCE,4430,265213,DEVELOPMENT_ONLY_COMPLETE
profit_sheet_report_em,OPERATE_INCOME_BALANCE_YOY,65,269578,DEVELOPMENT_ONLY_COMPLETE
profit_sheet_report_em,OPERATE_INCOME_OTHER,846,268797,DEVELOPMENT_ONLY_COMPLETE
profit_sheet_report_em,OPERATE_INCOME_OTHER_YOY,135,269508,DEVELOPMENT_ONLY_COMPLETE
profit_sheet_report_em,OPERATE_INCOME_YOY,246255,23388,DEVELOPMENT_ONLY_COMPLETE
profit_sheet_report_em,OPERATE_PROFIT,268858,785,DEVELOPMENT_ONLY_COMPLETE
profit_sheet_report_em,OPERATE_PROFIT_BALANCE,221153,48490,DEVELOPMENT_ONLY_COMPLETE
profit_sheet_report_em,OPERATE_PROFIT_BALANCE_YOY,25005,244638,DEVELOPMENT_ONLY_COMPLETE
profit_sheet_report_em,OPERATE_PROFIT_OTHER,1196,268447,DEVELOPMENT_ONLY_COMPLETE
profit_sheet_report_em,OPERATE_PROFIT_OTHER_YOY,55,269588,DEVELOPMENT_ONLY_COMPLETE
profit_sheet_report_em,OPERATE_PROFIT_YOY,246593,23050,DEVELOPMENT_ONLY_COMPLETE
profit_sheet_report_em,OPERATE_TAX_ADD,264190,5453,DEVELOPMENT_ONLY_COMPLETE
profit_sheet_report_em,OPERATE_TAX_ADD_YOY,241843,27800,DEVELOPMENT_ONLY_COMPLETE
profit_sheet_report_em,OPINION_TYPE,84089,185554,DEVELOPMENT_ONLY_COMPLETE
profit_sheet_report_em,ORG_CODE,269643,0,DEVELOPMENT_ONLY_COMPLETE
profit_sheet_report_em,ORG_TYPE,269643,0,DEVELOPMENT_ONLY_COMPLETE
profit_sheet_report_em,OSOPINION_TYPE,5,269638,DEVELOPMENT_ONLY_COMPLETE
profit_sheet_report_em,OTHERRIGHT_FAIRVALUE_CHANGE,19910,249733,DEVELOPMENT_ONLY_COMPLETE
profit_sheet_report_em,OTHERRIGHT_FAIRVALUE_CHANGE_YOY,13219,256424,DEVELOPMENT_ONLY_COMPLETE
profit_sheet_report_em,OTHER_BUSINESS_COST,4418,265225,DEVELOPMENT_ONLY_COMPLETE
profit_sheet_report_em,OTHER_BUSINESS_COST_YOY,3798,265845,DEVELOPMENT_ONLY_COMPLETE
profit_sheet_report_em,OTHER_BUSINESS_INCOME,5577,264066,DEVELOPMENT_ONLY_COMPLETE
profit_sheet_report_em,OTHER_BUSINESS_INCOME_YOY,4701,264942,DEVELOPMENT_ONLY_COMPLETE
profit_sheet_report_em,OTHER_COMPRE_INCOME,112599,157044,DEVELOPMENT_ONLY_COMPLETE
profit_sheet_report_em,OTHER_COMPRE_INCOME_YOY,93855,175788,DEVELOPMENT_ONLY_COMPLETE
profit_sheet_report_em,OTHER_INCOME,124673,144970,DEVELOPMENT_ONLY_COMPLETE
profit_sheet_report_em,OTHER_INCOME_YOY,103246,166397,DEVELOPMENT_ONLY_COMPLETE
profit_sheet_report_em,PARENT_NETPROFIT,269528,115,DEVELOPMENT_ONLY_COMPLETE
profit_sheet_report_em,PARENT_NETPROFIT_YOY,247185,22458,DEVELOPMENT_ONLY_COMPLETE
profit_sheet_report_em,PARENT_OCI,94141,175502,DEVELOPMENT_ONLY_COMPLETE
profit_sheet_report_em,PARENT_OCI_BALANCE,91,269552,DEVELOPMENT_ONLY_COMPLETE
profit_sheet_report_em,PARENT_OCI_BALANCE_YOY,0,269643,DEVELOPMENT_ONLY_COMPLETE
profit_sheet_report_em,PARENT_OCI_OTHER,97,269546,DEVELOPMENT_ONLY_COMPLETE
profit_sheet_report_em,PARENT_OCI_OTHER_YOY,2,269641,DEVELOPMENT_ONLY_COMPLETE
profit_sheet_report_em,PARENT_OCI_YOY,77732,191911,DEVELOPMENT_ONLY_COMPLETE
profit_sheet_report_em,PARENT_TCI,213188,56455,DEVELOPMENT_ONLY_COMPLETE
profit_sheet_report_em,PARENT_TCI_YOY,190947,78696,DEVELOPMENT_ONLY_COMPLETE
profit_sheet_report_em,POLICY_BONUS_EXPENSE,2088,267555,DEVELOPMENT_ONLY_COMPLETE
profit_sheet_report_em,POLICY_BONUS_EXPENSE_YOY,258,269385,DEVELOPMENT_ONLY_COMPLETE
profit_sheet_report_em,PRECOMBINE_PROFIT,2192,267451,DEVELOPMENT_ONLY_COMPLETE
profit_sheet_report_em,PRECOMBINE_PROFIT_YOY,353,269290,DEVELOPMENT_ONLY_COMPLETE
profit_sheet_report_em,PRECOMBINE_TCI,74,269569,DEVELOPMENT_ONLY_COMPLETE
profit_sheet_report_em,PRECOMBINE_TCI_YOY,0,269643,DEVELOPMENT_ONLY_COMPLETE
profit_sheet_report_em,RECOMMEND_NI,360,269283,DEVELOPMENT_ONLY_COMPLETE
profit_sheet_report_em,RECOMMEND_NI_YOY,26,269617,DEVELOPMENT_ONLY_COMPLETE
profit_sheet_report_em,REINSURE_EXPENSE,2049,267594,DEVELOPMENT_ONLY_COMPLETE
profit_sheet_report_em,REINSURE_EXPENSE_YOY,175,269468,DEVELOPMENT_ONLY_COMPLETE
profit_sheet_report_em,REINSURE_INCOME,209,269434,DEVELOPMENT_ONLY_COMPLETE
profit_sheet_report_em,REINSURE_INCOME_YOY,183,269460,DEVELOPMENT_ONLY_COMPLETE
profit_sheet_report_em,REINSURE_PREMIUM,292,269351,DEVELOPMENT_ONLY_COMPLETE
profit_sheet_report_em,REINSURE_PREMIUM_YOY,270,269373,DEVELOPMENT_ONLY_COMPLETE
profit_sheet_report_em,REPORT_DATE,269643,0,DEVELOPMENT_ONLY_COMPLETE
profit_sheet_report_em,REPORT_DATE_NAME,269643,0,DEVELOPMENT_ONLY_COMPLETE
profit_sheet_report_em,REPORT_TYPE,269643,0,DEVELOPMENT_ONLY_COMPLETE
profit_sheet_report_em,RESEARCH_EXPENSE,112518,157125,DEVELOPMENT_ONLY_COMPLETE
profit_sheet_report_em,RESEARCH_EXPENSE_YOY,92788,176855,DEVELOPMENT_ONLY_COMPLETE
profit_sheet_report_em,RIGHTLAW_ABLE_OCI,14454,255189,DEVELOPMENT_ONLY_COMPLETE
profit_sheet_report_em,RIGHTLAW_ABLE_OCI_YOY,9838,259805,DEVELOPMENT_ONLY_COMPLETE
profit_sheet_report_em,RIGHTLAW_UNABLE_OCI,3908,265735,DEVELOPMENT_ONLY_COMPLETE
profit_sheet_report_em,RIGHTLAW_UNABLE_OCI_YOY,1469,268174,DEVELOPMENT_ONLY_COMPLETE
profit_sheet_report_em,SALE_EXPENSE,254014,15629,DEVELOPMENT_ONLY_COMPLETE
profit_sheet_report_em,SALE_EXPENSE_YOY,232141,37502,DEVELOPMENT_ONLY_COMPLETE
profit_sheet_report_em,SECUCODE,269643,0,DEVELOPMENT_ONLY_COMPLETE
profit_sheet_report_em,SECURITY_CODE,269643,0,DEVELOPMENT_ONLY_COMPLETE
profit_sheet_report_em,SECURITY_NAME_ABBR,269643,0,DEVELOPMENT_ONLY_COMPLETE
profit_sheet_report_em,SECURITY_TYPE_CODE,269643,0,DEVELOPMENT_ONLY_COMPLETE
profit_sheet_report_em,SECURITY_UNDERWRITE_NI,2294,267349,DEVELOPMENT_ONLY_COMPLETE
profit_sheet_report_em,SECURITY_UNDERWRITE_NI_YOY,2112,267531,DEVELOPMENT_ONLY_COMPLETE
profit_sheet_report_em,SETUP_PROFIT_CHANGE,5092,264551,DEVELOPMENT_ONLY_COMPLETE
profit_sheet_report_em,SETUP_PROFIT_CHANGE_YOY,2810,266833,DEVELOPMENT_ONLY_COMPLETE
profit_sheet_report_em,SURRENDER_VALUE,2128,267515,DEVELOPMENT_ONLY_COMPLETE
profit_sheet_report_em,SURRENDER_VALUE_YOY,292,269351,DEVELOPMENT_ONLY_COMPLETE
profit_sheet_report_em,TCI_BALANCE,27717,241926,DEVELOPMENT_ONLY_COMPLETE
profit_sheet_report_em,TCI_BALANCE_YOY,0,269643,DEVELOPMENT_ONLY_COMPLETE
profit_sheet_report_em,TCI_OTHER,129,269514,DEVELOPMENT_ONLY_COMPLETE
profit_sheet_report_em,TCI_OTHER_YOY,42,269601,DEVELOPMENT_ONLY_COMPLETE
profit_sheet_report_em,TOC_OTHER,20778,248865,DEVELOPMENT_ONLY_COMPLETE
profit_sheet_report_em,TOC_OTHER_YOY,121,269522,DEVELOPMENT_ONLY_COMPLETE
profit_sheet_report_em,TOI_OTHER,631,269012,DEVELOPMENT_ONLY_COMPLETE
profit_sheet_report_em,TOI_OTHER_YOY,29,269614,DEVELOPMENT_ONLY_COMPLETE
profit_sheet_report_em,TOTAL_COMPRE_INCOME,216757,52886,DEVELOPMENT_ONLY_COMPLETE
profit_sheet_report_em,TOTAL_COMPRE_INCOME_YOY,194783,74860,DEVELOPMENT_ONLY_COMPLETE
profit_sheet_report_em,TOTAL_OPERATE_COST,261157,8486,DEVELOPMENT_ONLY_COMPLETE
profit_sheet_report_em,TOTAL_OPERATE_COST_YOY,239532,30111,DEVELOPMENT_ONLY_COMPLETE
profit_sheet_report_em,TOTAL_OPERATE_INCOME,263933,5710,DEVELOPMENT_ONLY_COMPLETE
profit_sheet_report_em,TOTAL_OPERATE_INCOME_YOY,241845,27798,DEVELOPMENT_ONLY_COMPLETE
profit_sheet_report_em,TOTAL_PROFIT,269334,309,DEVELOPMENT_ONLY_COMPLETE
profit_sheet_report_em,TOTAL_PROFIT_BALANCE,223272,46371,DEVELOPMENT_ONLY_COMPLETE
profit_sheet_report_em,TOTAL_PROFIT_BALANCE_YOY,12713,256930,DEVELOPMENT_ONLY_COMPLETE
profit_sheet_report_em,TOTAL_PROFIT_YOY,247117,22526,DEVELOPMENT_ONLY_COMPLETE
profit_sheet_report_em,UNABLE_OCI,25104,244539,DEVELOPMENT_ONLY_COMPLETE
profit_sheet_report_em,UNABLE_OCI_BALANCE,2,269641,DEVELOPMENT_ONLY_COMPLETE
profit_sheet_report_em,UNABLE_OCI_BALANCE_YOY,0,269643,DEVELOPMENT_ONLY_COMPLETE
profit_sheet_report_em,UNABLE_OCI_OTHER,1154,268489,DEVELOPMENT_ONLY_COMPLETE
profit_sheet_report_em,UNABLE_OCI_OTHER_YOY,309,269334,DEVELOPMENT_ONLY_COMPLETE
profit_sheet_report_em,UNABLE_OCI_YOY,16198,253445,DEVELOPMENT_ONLY_COMPLETE
profit_sheet_report_em,UNCONFIRM_INVEST_LOSS,2468,267175,DEVELOPMENT_ONLY_COMPLETE
profit_sheet_report_em,UNCONFIRM_INVEST_LOSS_YOY,1370,268273,DEVELOPMENT_ONLY_COMPLETE
profit_sheet_report_em,UNINSURANCE_CE,66,269577,DEVELOPMENT_ONLY_COMPLETE
profit_sheet_report_em,UNINSURANCE_CE_YOY,61,269582,DEVELOPMENT_ONLY_COMPLETE
profit_sheet_report_em,UNINSURANCE_CI,66,269577,DEVELOPMENT_ONLY_COMPLETE
profit_sheet_report_em,UNINSURANCE_CI_YOY,61,269582,DEVELOPMENT_ONLY_COMPLETE
profit_sheet_report_em,UNINSURANCE_CNI,84,269559,DEVELOPMENT_ONLY_COMPLETE
profit_sheet_report_em,UNINSURANCE_CNI_YOY,61,269582,DEVELOPMENT_ONLY_COMPLETE
profit_sheet_report_em,UPDATE_DATE,269643,0,DEVELOPMENT_ONLY_COMPLETE
profit_sheet_report_em,ingest_time_utc,269643,0,DEVELOPMENT_ONLY_COMPLETE
profit_sheet_report_em,source_code6,269643,0,DEVELOPMENT_ONLY_COMPLETE
profit_sheet_report_em,source_dataset,269643,0,DEVELOPMENT_ONLY_COMPLETE
profit_sheet_report_em,source_em,269643,0,DEVELOPMENT_ONLY_COMPLETE
profit_sheet_report_em,source_family,269643,0,DEVELOPMENT_ONLY_COMPLETE
profit_sheet_report_em,source_file,269643,0,DEVELOPMENT_ONLY_COMPLETE
cash_flow_sheet_report_em,ACCEPT_INVEST_CASH,97813,161424,DEVELOPMENT_ONLY_COMPLETE
cash_flow_sheet_report_em,ACCEPT_INVEST_CASH_YOY,49917,209320,DEVELOPMENT_ONLY_COMPLETE
cash_flow_sheet_report_em,ACCOUNTS_RECE_ADD,184,259053,DEVELOPMENT_ONLY_COMPLETE
cash_flow_sheet_report_em,ACCOUNTS_RECE_ADD_YOY,22,259215,DEVELOPMENT_ONLY_COMPLETE
cash_flow_sheet_report_em,ACCRUED_EXPENSE_ADD,17079,242158,DEVELOPMENT_ONLY_COMPLETE
cash_flow_sheet_report_em,ACCRUED_EXPENSE_ADD_YOY,11932,247305,DEVELOPMENT_ONLY_COMPLETE
cash_flow_sheet_report_em,ADD_PLEDGE_TIMEDEPOSITS,100,259137,DEVELOPMENT_ONLY_COMPLETE
cash_flow_sheet_report_em,ADD_PLEDGE_TIMEDEPOSITS_YOY,58,259179,DEVELOPMENT_ONLY_COMPLETE
cash_flow_sheet_report_em,AFA_REDUCE,144,259093,DEVELOPMENT_ONLY_COMPLETE
cash_flow_sheet_report_em,AFA_REDUCE_YOY,56,259181,DEVELOPMENT_ONLY_COMPLETE
cash_flow_sheet_report_em,ASSET_IMPAIRMENT,130888,128349,DEVELOPMENT_ONLY_COMPLETE
cash_flow_sheet_report_em,ASSET_IMPAIRMENT_YOY,114460,144777,DEVELOPMENT_ONLY_COMPLETE
cash_flow_sheet_report_em,ASSIGN_DIVIDEND_PORFIT,240677,18560,DEVELOPMENT_ONLY_COMPLETE
cash_flow_sheet_report_em,ASSIGN_DIVIDEND_PORFIT_YOY,214049,45188,DEVELOPMENT_ONLY_COMPLETE
cash_flow_sheet_report_em,BANKSECURITY_LEND_ADD,56,259181,DEVELOPMENT_ONLY_COMPLETE
cash_flow_sheet_report_em,BANKSECURITY_LEND_ADD_YOY,12,259225,DEVELOPMENT_ONLY_COMPLETE
cash_flow_sheet_report_em,BANKSECURITY_LEND_REDUCE,71,259166,DEVELOPMENT_ONLY_COMPLETE
cash_flow_sheet_report_em,BANKSECURITY_LEND_REDUCE_YOY,30,259207,DEVELOPMENT_ONLY_COMPLETE
cash_flow_sheet_report_em,BANKSECURITY_REPO_ADD,70,259167,DEVELOPMENT_ONLY_COMPLETE
cash_flow_sheet_report_em,BANKSECURITY_REPO_ADD_YOY,24,259213,DEVELOPMENT_ONLY_COMPLETE
cash_flow_sheet_report_em,BANKSECURITY_REPO_REDUCE,55,259182,DEVELOPMENT_ONLY_COMPLETE
cash_flow_sheet_report_em,BANKSECURITY_REPO_REDUCE_YOY,15,259222,DEVELOPMENT_ONLY_COMPLETE
cash_flow_sheet_report_em,BANKSECURITY_RESALE_ADD,55,259182,DEVELOPMENT_ONLY_COMPLETE
cash_flow_sheet_report_em,BANKSECURITY_RESALE_ADD_YOY,14,259223,DEVELOPMENT_ONLY_COMPLETE
cash_flow_sheet_report_em,BANKSECURITY_RESALE_REDUCE,70,259167,DEVELOPMENT_ONLY_COMPLETE
cash_flow_sheet_report_em,BANKSECURITY_RESALE_REDUCE_YOY,28,259209,DEVELOPMENT_ONLY_COMPLETE
cash_flow_sheet_report_em,BEGIN_CASH,142843,116394,DEVELOPMENT_ONLY_COMPLETE
cash_flow_sheet_report_em,BEGIN_CASH_EQUIVALENTS,7709,251528,DEVELOPMENT_ONLY_COMPLETE
cash_flow_sheet_report_em,BEGIN_CASH_EQUIVALENTS_YOY,2535,256702,DEVELOPMENT_ONLY_COMPLETE
cash_flow_sheet_report_em,BEGIN_CASH_YOY,127309,131928,DEVELOPMENT_ONLY_COMPLETE
cash_flow_sheet_report_em,BEGIN_CCE,235154,24083,DEVELOPMENT_ONLY_COMPLETE
cash_flow_sheet_report_em,BEGIN_CCE_YOY,213623,45614,DEVELOPMENT_ONLY_COMPLETE
cash_flow_sheet_report_em,BOND_INTEREST_EXPENSE,845,258392,DEVELOPMENT_ONLY_COMPLETE
cash_flow_sheet_report_em,BOND_INTEREST_EXPENSE_YOY,727,258510,DEVELOPMENT_ONLY_COMPLETE
cash_flow_sheet_report_em,BORROW_FUND_ADD,6013,253224,DEVELOPMENT_ONLY_COMPLETE
cash_flow_sheet_report_em,BORROW_FUND_ADD_YOY,1457,257780,DEVELOPMENT_ONLY_COMPLETE
cash_flow_sheet_report_em,BORROW_FUND_REDUCE,1482,257755,DEVELOPMENT_ONLY_COMPLETE
cash_flow_sheet_report_em,BORROW_FUND_REDUCE_YOY,436,258801,DEVELOPMENT_ONLY_COMPLETE
cash_flow_sheet_report_em,BORROW_REPO_ADD,1625,257612,DEVELOPMENT_ONLY_COMPLETE
cash_flow_sheet_report_em,BORROW_REPO_ADD_YOY,1097,258140,DEVELOPMENT_ONLY_COMPLETE
cash_flow_sheet_report_em,BORROW_REPO_REDUCE,1040,258197,DEVELOPMENT_ONLY_COMPLETE
cash_flow_sheet_report_em,BORROW_REPO_REDUCE_YOY,533,258704,DEVELOPMENT_ONLY_COMPLETE
cash_flow_sheet_report_em,BUY_FIN_LEASE,152,259085,DEVELOPMENT_ONLY_COMPLETE
cash_flow_sheet_report_em,BUY_FIN_LEASE_YOY,103,259134,DEVELOPMENT_ONLY_COMPLETE
cash_flow_sheet_report_em,BUY_RESALE_ADD,598,258639,DEVELOPMENT_ONLY_COMPLETE
cash_flow_sheet_report_em,BUY_RESALE_ADD_YOY,218,259019,DEVELOPMENT_ONLY_COMPLETE
cash_flow_sheet_report_em,BUY_RESALE_REDUCE,595,258642,DEVELOPMENT_ONLY_COMPLETE
cash_flow_sheet_report_em,BUY_RESALE_REDUCE_YOY,217,259020,DEVELOPMENT_ONLY_COMPLETE
cash_flow_sheet_report_em,BUY_SERVICES,252251,6986,DEVELOPMENT_ONLY_COMPLETE
cash_flow_sheet_report_em,BUY_SERVICES_YOY,230890,28347,DEVELOPMENT_ONLY_COMPLETE
cash_flow_sheet_report_em,BUY_SUBSIDIARY_EQUITY,714,258523,DEVELOPMENT_ONLY_COMPLETE
cash_flow_sheet_report_em,BUY_SUBSIDIARY_EQUITY_YOY,62,259175,DEVELOPMENT_ONLY_COMPLETE
cash_flow_sheet_report_em,CCE_ADD,257912,1325,DEVELOPMENT_ONLY_COMPLETE
cash_flow_sheet_report_em,CCE_ADDNOTE,162622,96615,DEVELOPMENT_ONLY_COMPLETE
cash_flow_sheet_report_em,CCE_ADDNOTE_YOY,143837,115400,DEVELOPMENT_ONLY_COMPLETE
cash_flow_sheet_report_em,CCE_ADD_BALANCE,216404,42833,DEVELOPMENT_ONLY_COMPLETE
cash_flow_sheet_report_em,CCE_ADD_BALANCENOTE,21543,237694,DEVELOPMENT_ONLY_COMPLETE
cash_flow_sheet_report_em,CCE_ADD_BALANCENOTE_YOY,374,258863,DEVELOPMENT_ONLY_COMPLETE
cash_flow_sheet_report_em,CCE_ADD_BALANCE_YOY,906,258331,DEVELOPMENT_ONLY_COMPLETE
cash_flow_sheet_report_em,CCE_ADD_OTHER,20123,239114,DEVELOPMENT_ONLY_COMPLETE
cash_flow_sheet_report_em,CCE_ADD_OTHERNOTE,160,259077,DEVELOPMENT_ONLY_COMPLETE
cash_flow_sheet_report_em,CCE_ADD_OTHERNOTE_YOY,50,259187,DEVELOPMENT_ONLY_COMPLETE
cash_flow_sheet_report_em,CCE_ADD_OTHER_YOY,30,259207,DEVELOPMENT_ONLY_COMPLETE
cash_flow_sheet_report_em,CCE_ADD_YOY,236198,23039,DEVELOPMENT_ONLY_COMPLETE
cash_flow_sheet_report_em,CONSTRUCT_LONG_ASSET,256505,2732,DEVELOPMENT_ONLY_COMPLETE
cash_flow_sheet_report_em,CONSTRUCT_LONG_ASSET_YOY,234061,25176,DEVELOPMENT_ONLY_COMPLETE
cash_flow_sheet_report_em,CONVERT_BOND_1YEAR,1710,257527,DEVELOPMENT_ONLY_COMPLETE
cash_flow_sheet_report_em,CONVERT_BOND_1YEAR_YOY,21,259216,DEVELOPMENT_ONLY_COMPLETE
cash_flow_sheet_report_em,CREDIT_IMPAIRMENT_INCOME,418,258819,DEVELOPMENT_ONLY_COMPLETE
cash_flow_sheet_report_em,CREDIT_IMPAIRMENT_INCOME_YOY,323,258914,DEVELOPMENT_ONLY_COMPLETE
cash_flow_sheet_report_em,CURRENCY,259237,0,DEVELOPMENT_ONLY_COMPLETE
cash_flow_sheet_report_em,CUSTOMER_DEPOSIT_ADD,689,258548,DEVELOPMENT_ONLY_COMPLETE
cash_flow_sheet_report_em,CUSTOMER_DEPOSIT_ADD_YOY,489,258748,DEVELOPMENT_ONLY_COMPLETE
cash_flow_sheet_report_em,DEBT_TRANSFER_CAPITAL,2394,256843,DEVELOPMENT_ONLY_COMPLETE
cash_flow_sheet_report_em,DEBT_TRANSFER_CAPITAL_YOY,287,258950,DEVELOPMENT_ONLY_COMPLETE
cash_flow_sheet_report_em,DEFER_INCOME_AMORTIZE,1323,257914,DEVELOPMENT_ONLY_COMPLETE
cash_flow_sheet_report_em,DEFER_INCOME_AMORTIZE_YOY,953,258284,DEVELOPMENT_ONLY_COMPLETE
cash_flow_sheet_report_em,DEFER_TAX,160726,98511,DEVELOPMENT_ONLY_COMPLETE
cash_flow_sheet_report_em,DEFER_TAX_YOY,103151,156086,DEVELOPMENT_ONLY_COMPLETE
cash_flow_sheet_report_em,DEPOSIT_ADD,36,259201,DEVELOPMENT_ONLY_COMPLETE
cash_flow_sheet_report_em,DEPOSIT_ADD_YOY,27,259210,DEVELOPMENT_ONLY_COMPLETE
cash_flow_sheet_report_em,DEPOSIT_INTERBANK_ADD,4715,254522,DEVELOPMENT_ONLY_COMPLETE
cash_flow_sheet_report_em,DEPOSIT_INTERBANK_ADD_YOY,1116,258121,DEVELOPMENT_ONLY_COMPLETE
cash_flow_sheet_report_em,DEPOSIT_IOFI_ADD,405,258832,DEVELOPMENT_ONLY_COMPLETE
cash_flow_sheet_report_em,DEPOSIT_IOFI_ADD_YOY,121,259116,DEVELOPMENT_ONLY_COMPLETE
cash_flow_sheet_report_em,DEPOSIT_IOFI_OTHER,2036,257201,DEVELOPMENT_ONLY_COMPLETE
cash_flow_sheet_report_em,DEPOSIT_IOFI_OTHER_YOY,1743,257494,DEVELOPMENT_ONLY_COMPLETE
cash_flow_sheet_report_em,DEPOSIT_IOFI_REDUCE,412,258825,DEVELOPMENT_ONLY_COMPLETE
cash_flow_sheet_report_em,DEPOSIT_IOFI_REDUCE_YOY,121,259116,DEVELOPMENT_ONLY_COMPLETE
cash_flow_sheet_report_em,DEPOSIT_PBC_ADD,499,258738,DEVELOPMENT_ONLY_COMPLETE
cash_flow_sheet_report_em,DEPOSIT_PBC_ADD_YOY,222,259015,DEVELOPMENT_ONLY_COMPLETE
cash_flow_sheet_report_em,DEPOSIT_PBC_REDUCE,375,258862,DEVELOPMENT_ONLY_COMPLETE
cash_flow_sheet_report_em,DEPOSIT_PBC_REDUCE_YOY,84,259153,DEVELOPMENT_ONLY_COMPLETE
cash_flow_sheet_report_em,DIRECT_INVEST_ADD,426,258811,DEVELOPMENT_ONLY_COMPLETE
cash_flow_sheet_report_em,DIRECT_INVEST_ADD_YOY,3,259234,DEVELOPMENT_ONLY_COMPLETE
cash_flow_sheet_report_em,DIRECT_INVEST_REDUCE,271,258966,DEVELOPMENT_ONLY_COMPLETE
cash_flow_sheet_report_em,DIRECT_INVEST_REDUCE_YOY,6,259231,DEVELOPMENT_ONLY_COMPLETE
cash_flow_sheet_report_em,DISPOSAL_AFA_ADD,318,258919,DEVELOPMENT_ONLY_COMPLETE
cash_flow_sheet_report_em,DISPOSAL_AFA_ADD_YOY,33,259204,DEVELOPMENT_ONLY_COMPLETE
cash_flow_sheet_report_em,DISPOSAL_AFA_REDUCE,340,258897,DEVELOPMENT_ONLY_COMPLETE
cash_flow_sheet_report_em,DISPOSAL_AFA_REDUCE_YOY,39,259198,DEVELOPMENT_ONLY_COMPLETE
cash_flow_sheet_report_em,DISPOSAL_LONGASSET_LOSS,117409,141828,DEVELOPMENT_ONLY_COMPLETE
cash_flow_sheet_report_em,DISPOSAL_LONGASSET_LOSS_YOY,94724,164513,DEVELOPMENT_ONLY_COMPLETE
cash_flow_sheet_report_em,DISPOSAL_LONG_ASSET,195477,63760,DEVELOPMENT_ONLY_COMPLETE
cash_flow_sheet_report_em,DISPOSAL_LONG_ASSET_YOY,154035,105202,DEVELOPMENT_ONLY_COMPLETE
cash_flow_sheet_report_em,DISPOSAL_MORTGAGE_ASSET,234,259003,DEVELOPMENT_ONLY_COMPLETE
cash_flow_sheet_report_em,DISPOSAL_MORTGAGE_ASSET_YOY,74,259163,DEVELOPMENT_ONLY_COMPLETE
cash_flow_sheet_report_em,DISPOSAL_SUBSIDIARY_JOINT,278,258959,DEVELOPMENT_ONLY_COMPLETE
cash_flow_sheet_report_em,DISPOSAL_SUBSIDIARY_JOINT_YOY,84,259153,DEVELOPMENT_ONLY_COMPLETE
cash_flow_sheet_report_em,DISPOSAL_SUBSIDIARY_OTHER,31506,227731,DEVELOPMENT_ONLY_COMPLETE
cash_flow_sheet_report_em,DISPOSAL_SUBSIDIARY_OTHER_YOY,9175,250062,DEVELOPMENT_ONLY_COMPLETE
cash_flow_sheet_report_em,DISPOSAL_SUBSIDIARY_OUTFLOW,61,259176,DEVELOPMENT_ONLY_COMPLETE
cash_flow_sheet_report_em,DISPOSAL_SUBSIDIARY_OUTFLOW_YOY,10,259227,DEVELOPMENT_ONLY_COMPLETE
cash_flow_sheet_report_em,DISPOSAL_TFA_ADD,3026,256211,DEVELOPMENT_ONLY_COMPLETE
cash_flow_sheet_report_em,DISPOSAL_TFA_ADD_YOY,510,258727,DEVELOPMENT_ONLY_COMPLETE
cash_flow_sheet_report_em,DISPOSAL_TFA_REDUCE,776,258461,DEVELOPMENT_ONLY_COMPLETE
cash_flow_sheet_report_em,DISPOSAL_TFA_REDUCE_YOY,356,258881,DEVELOPMENT_ONLY_COMPLETE
cash_flow_sheet_report_em,DT_ASSET_REDUCE,114394,144843,DEVELOPMENT_ONLY_COMPLETE
cash_flow_sheet_report_em,DT_ASSET_REDUCE_YOY,100615,158622,DEVELOPMENT_ONLY_COMPLETE
cash_flow_sheet_report_em,DT_LIAB_ADD,64416,194821,DEVELOPMENT_ONLY_COMPLETE
cash_flow_sheet_report_em,DT_LIAB_ADD_YOY,48746,210491,DEVELOPMENT_ONLY_COMPLETE
cash_flow_sheet_report_em,END_CASH,142896,116341,DEVELOPMENT_ONLY_COMPLETE
cash_flow_sheet_report_em,END_CASH_EQUIVALENTS,7673,251564,DEVELOPMENT_ONLY_COMPLETE
cash_flow_sheet_report_em,END_CASH_EQUIVALENTS_YOY,2505,256732,DEVELOPMENT_ONLY_COMPLETE
cash_flow_sheet_report_em,END_CASH_YOY,127387,131850,DEVELOPMENT_ONLY_COMPLETE
cash_flow_sheet_report_em,END_CCE,235476,23761,DEVELOPMENT_ONLY_COMPLETE
cash_flow_sheet_report_em,END_CCE_BALANCE,194800,64437,DEVELOPMENT_ONLY_COMPLETE
cash_flow_sheet_report_em,END_CCE_BALANCE_YOY,356,258881,DEVELOPMENT_ONLY_COMPLETE
cash_flow_sheet_report_em,END_CCE_OTHER,135,259102,DEVELOPMENT_ONLY_COMPLETE
cash_flow_sheet_report_em,END_CCE_OTHER_YOY,15,259222,DEVELOPMENT_ONLY_COMPLETE
cash_flow_sheet_report_em,END_CCE_YOY,213965,45272,DEVELOPMENT_ONLY_COMPLETE
cash_flow_sheet_report_em,EXCHANGE_LOSS,1200,258037,DEVELOPMENT_ONLY_COMPLETE
cash_flow_sheet_report_em,EXCHANGE_LOSS_YOY,1023,258214,DEVELOPMENT_ONLY_COMPLETE
cash_flow_sheet_report_em,EXTRACT_INSURANCE_RESERVE,99,259138,DEVELOPMENT_ONLY_COMPLETE
cash_flow_sheet_report_em,EXTRACT_INSURANCE_RESERVE_YOY,87,259150,DEVELOPMENT_ONLY_COMPLETE
cash_flow_sheet_report_em,EXTRACT_UNEXPIRE_RESERVE,77,259160,DEVELOPMENT_ONLY_COMPLETE
cash_flow_sheet_report_em,EXTRACT_UNEXPIRE_RESERVE_YOY,68,259169,DEVELOPMENT_ONLY_COMPLETE
cash_flow_sheet_report_em,FAIRVALUE_CHANGE_LOSS,45984,213253,DEVELOPMENT_ONLY_COMPLETE
cash_flow_sheet_report_em,FAIRVALUE_CHANGE_LOSS_YOY,31636,227601,DEVELOPMENT_ONLY_COMPLETE
cash_flow_sheet_report_em,FA_IR_DEPR,145341,113896,DEVELOPMENT_ONLY_COMPLETE
cash_flow_sheet_report_em,FA_IR_DEPR_YOY,129958,129279,DEVELOPMENT_ONLY_COMPLETE
cash_flow_sheet_report_em,FA_SCRAP_LOSS,64718,194519,DEVELOPMENT_ONLY_COMPLETE
cash_flow_sheet_report_em,FA_SCRAP_LOSS_YOY,42276,216961,DEVELOPMENT_ONLY_COMPLETE
cash_flow_sheet_report_em,FBCCE_ADD,2171,257066,DEVELOPMENT_ONLY_COMPLETE
cash_flow_sheet_report_em,FBCCE_ADD_BALANCE,2142,257095,DEVELOPMENT_ONLY_COMPLETE
cash_flow_sheet_report_em,FBCCE_ADD_BALANCE_YOY,112,259125,DEVELOPMENT_ONLY_COMPLETE
cash_flow_sheet_report_em,FBCCE_ADD_OTHER,0,259237,DEVELOPMENT_ONLY_COMPLETE
cash_flow_sheet_report_em,FBCCE_ADD_OTHER_YOY,0,259237,DEVELOPMENT_ONLY_COMPLETE
cash_flow_sheet_report_em,FBCCE_ADD_YOY,1916,257321,DEVELOPMENT_ONLY_COMPLETE
cash_flow_sheet_report_em,FBNETCASH_OPERATE,2182,257055,DEVELOPMENT_ONLY_COMPLETE
cash_flow_sheet_report_em,FBNETCASH_OPERATE_YOY,1929,257308,DEVELOPMENT_ONLY_COMPLETE
cash_flow_sheet_report_em,FBOPERATE_NETCASH_BALANCE,2170,257067,DEVELOPMENT_ONLY_COMPLETE
cash_flow_sheet_report_em,FBOPERATE_NETCASH_BALANCE_YOY,33,259204,DEVELOPMENT_ONLY_COMPLETE
cash_flow_sheet_report_em,FBOPERATE_NETCASH_OTHER,1917,257320,DEVELOPMENT_ONLY_COMPLETE
cash_flow_sheet_report_em,FBOPERATE_NETCASH_OTHER_YOY,1486,257751,DEVELOPMENT_ONLY_COMPLETE
cash_flow_sheet_report_em,FB_CCE_ADD,109,259128,DEVELOPMENT_ONLY_COMPLETE
cash_flow_sheet_report_em,FB_CCE_ADD_BALANCE,108,259129,DEVELOPMENT_ONLY_COMPLETE
cash_flow_sheet_report_em,FB_CCE_ADD_BALANCE_YOY,1,259236,DEVELOPMENT_ONLY_COMPLETE
cash_flow_sheet_report_em,FB_CCE_ADD_OTHER,16,259221,DEVELOPMENT_ONLY_COMPLETE
cash_flow_sheet_report_em,FB_CCE_ADD_OTHER_YOY,13,259224,DEVELOPMENT_ONLY_COMPLETE
cash_flow_sheet_report_em,FB_CCE_ADD_YOY,96,259141,DEVELOPMENT_ONLY_COMPLETE
cash_flow_sheet_report_em,FB_NETCASH_OPERATE,109,259128,DEVELOPMENT_ONLY_COMPLETE
cash_flow_sheet_report_em,FB_NETCASH_OPERATE_YOY,96,259141,DEVELOPMENT_ONLY_COMPLETE
cash_flow_sheet_report_em,FB_OPERATE_NETCASH_BALANCE,109,259128,DEVELOPMENT_ONLY_COMPLETE
cash_flow_sheet_report_em,FB_OPERATE_NETCASH_BALANCE_YOY,0,259237,DEVELOPMENT_ONLY_COMPLETE
cash_flow_sheet_report_em,FB_OPERATE_NETCASH_OTHER,103,259134,DEVELOPMENT_ONLY_COMPLETE
cash_flow_sheet_report_em,FB_OPERATE_NETCASH_OTHER_YOY,88,259149,DEVELOPMENT_ONLY_COMPLETE
cash_flow_sheet_report_em,FINANCE_EXPENSE,137000,122237,DEVELOPMENT_ONLY_COMPLETE
cash_flow_sheet_report_em,FINANCE_EXPENSE_YOY,120442,138795,DEVELOPMENT_ONLY_COMPLETE
cash_flow_sheet_report_em,FINANCE_INFLOW_BALANCE,191577,67660,DEVELOPMENT_ONLY_COMPLETE
cash_flow_sheet_report_em,FINANCE_INFLOW_BALANCE_YOY,1592,257645,DEVELOPMENT_ONLY_COMPLETE
cash_flow_sheet_report_em,FINANCE_INFLOW_OTHER,21265,237972,DEVELOPMENT_ONLY_COMPLETE
cash_flow_sheet_report_em,FINANCE_INFLOW_OTHER_YOY,672,258565,DEVELOPMENT_ONLY_COMPLETE
cash_flow_sheet_report_em,FINANCE_NETCASH_BALANCE,211397,47840,DEVELOPMENT_ONLY_COMPLETE
cash_flow_sheet_report_em,FINANCE_NETCASH_BALANCE_YOY,207,259030,DEVELOPMENT_ONLY_COMPLETE
cash_flow_sheet_report_em,FINANCE_NETCASH_OTHER,20042,239195,DEVELOPMENT_ONLY_COMPLETE
cash_flow_sheet_report_em,FINANCE_NETCASH_OTHER_YOY,0,259237,DEVELOPMENT_ONLY_COMPLETE
cash_flow_sheet_report_em,FINANCE_OUTFLOW_BALANCE,209655,49582,DEVELOPMENT_ONLY_COMPLETE
cash_flow_sheet_report_em,FINANCE_OUTFLOW_BALANCE_YOY,1392,257845,DEVELOPMENT_ONLY_COMPLETE
cash_flow_sheet_report_em,FINANCE_OUTFLOW_OTHER,56559,202678,DEVELOPMENT_ONLY_COMPLETE
cash_flow_sheet_report_em,FINANCE_OUTFLOW_OTHER_YOY,1244,257993,DEVELOPMENT_ONLY_COMPLETE
cash_flow_sheet_report_em,FINASSET_REDUCE,11,259226,DEVELOPMENT_ONLY_COMPLETE
cash_flow_sheet_report_em,FINASSET_REDUCE_YOY,6,259231,DEVELOPMENT_ONLY_COMPLETE
cash_flow_sheet_report_em,FINLEASE_OBTAIN_FA,3090,256147,DEVELOPMENT_ONLY_COMPLETE
cash_flow_sheet_report_em,FINLEASE_OBTAIN_FA_YOY,656,258581,DEVELOPMENT_ONLY_COMPLETE
cash_flow_sheet_report_em,FINLIAB_ADD,2,259235,DEVELOPMENT_ONLY_COMPLETE
cash_flow_sheet_report_em,FINLIAB_ADD_YOY,1,259236,DEVELOPMENT_ONLY_COMPLETE
cash_flow_sheet_report_em,FIXED_ASSET_DEPR,944,258293,DEVELOPMENT_ONLY_COMPLETE
cash_flow_sheet_report_em,FIXED_ASSET_DEPR_YOY,772,258465,DEVELOPMENT_ONLY_COMPLETE
cash_flow_sheet_report_em,IA_AMORTIZE,139570,119667,DEVELOPMENT_ONLY_COMPLETE
cash_flow_sheet_report_em,IA_AMORTIZE_YOY,124186,135051,DEVELOPMENT_ONLY_COMPLETE
cash_flow_sheet_report_em,IA_LPE_AMORTIZE,1998,257239,DEVELOPMENT_ONLY_COMPLETE
cash_flow_sheet_report_em,IA_LPE_AMORTIZE_YOY,1751,257486,DEVELOPMENT_ONLY_COMPLETE
cash_flow_sheet_report_em,INSURED_INVEST_ADD,3339,255898,DEVELOPMENT_ONLY_COMPLETE
cash_flow_sheet_report_em,INSURED_INVEST_ADD_YOY,181,259056,DEVELOPMENT_ONLY_COMPLETE
cash_flow_sheet_report_em,INSURED_INVEST_REDUCE,94,259143,DEVELOPMENT_ONLY_COMPLETE
cash_flow_sheet_report_em,INSURED_INVEST_REDUCE_YOY,50,259187,DEVELOPMENT_ONLY_COMPLETE
cash_flow_sheet_report_em,INSURED_PLA,276,258961,DEVELOPMENT_ONLY_COMPLETE
cash_flow_sheet_report_em,INSURED_PLA_YOY,255,258982,DEVELOPMENT_ONLY_COMPLETE
cash_flow_sheet_report_em,INTERBANK_OTHER_REDUCE,456,258781,DEVELOPMENT_ONLY_COMPLETE
cash_flow_sheet_report_em,INTERBANK_OTHER_REDUCE_YOY,137,259100,DEVELOPMENT_ONLY_COMPLETE
cash_flow_sheet_report_em,INVENTORY_REDUCE,141192,118045,DEVELOPMENT_ONLY_COMPLETE
cash_flow_sheet_report_em,INVENTORY_REDUCE_YOY,126169,133068,DEVELOPMENT_ONLY_COMPLETE
cash_flow_sheet_report_em,INVEST_INFLOW_BALANCE,201719,57518,DEVELOPMENT_ONLY_COMPLETE
cash_flow_sheet_report_em,INVEST_INFLOW_BALANCE_YOY,2586,256651,DEVELOPMENT_ONLY_COMPLETE
cash_flow_sheet_report_em,INVEST_INFLOW_OTHER,55883,203354,DEVELOPMENT_ONLY_COMPLETE
cash_flow_sheet_report_em,INVEST_INFLOW_OTHER_YOY,760,258477,DEVELOPMENT_ONLY_COMPLETE
cash_flow_sheet_report_em,INVEST_LOSS,119365,139872,DEVELOPMENT_ONLY_COMPLETE
cash_flow_sheet_report_em,INVEST_LOSS_YOY,100451,158786,DEVELOPMENT_ONLY_COMPLETE
cash_flow_sheet_report_em,INVEST_NETCASH_BALANCE,216022,43215,DEVELOPMENT_ONLY_COMPLETE
cash_flow_sheet_report_em,INVEST_NETCASH_BALANCE_YOY,306,258931,DEVELOPMENT_ONLY_COMPLETE
cash_flow_sheet_report_em,INVEST_NETCASH_OTHER,20005,239232,DEVELOPMENT_ONLY_COMPLETE
cash_flow_sheet_report_em,INVEST_NETCASH_OTHER_YOY,1,259236,DEVELOPMENT_ONLY_COMPLETE
cash_flow_sheet_report_em,INVEST_OUTFLOW_BALANCE,215769,43468,DEVELOPMENT_ONLY_COMPLETE
cash_flow_sheet_report_em,INVEST_OUTFLOW_BALANCE_YOY,401,258836,DEVELOPMENT_ONLY_COMPLETE
cash_flow_sheet_report_em,INVEST_OUTFLOW_OTHER,55847,203390,DEVELOPMENT_ONLY_COMPLETE
cash_flow_sheet_report_em,INVEST_OUTFLOW_OTHER_YOY,706,258531,DEVELOPMENT_ONLY_COMPLETE
cash_flow_sheet_report_em,INVEST_PAY_CASH,154028,105209,DEVELOPMENT_ONLY_COMPLETE
cash_flow_sheet_report_em,INVEST_PAY_CASH_YOY,110463,148774,DEVELOPMENT_ONLY_COMPLETE
cash_flow_sheet_report_em,IOFI_ADD,457,258780,DEVELOPMENT_ONLY_COMPLETE
cash_flow_sheet_report_em,IOFI_ADD_YOY,185,259052,DEVELOPMENT_ONLY_COMPLETE
cash_flow_sheet_report_em,IR_DEPR,2023,257214,DEVELOPMENT_ONLY_COMPLETE
cash_flow_sheet_report_em,IR_DEPR_YOY,1482,257755,DEVELOPMENT_ONLY_COMPLETE
cash_flow_sheet_report_em,ISSUED_CD_REDUCE,190,259047,DEVELOPMENT_ONLY_COMPLETE
cash_flow_sheet_report_em,ISSUED_CD_REDUCE_YOY,14,259223,DEVELOPMENT_ONLY_COMPLETE
cash_flow_sheet_report_em,ISSUE_BOND,14083,245154,DEVELOPMENT_ONLY_COMPLETE
cash_flow_sheet_report_em,ISSUE_BOND_YOY,6024,253213,DEVELOPMENT_ONLY_COMPLETE
cash_flow_sheet_report_em,ISSUE_CD,206,259031,DEVELOPMENT_ONLY_COMPLETE
cash_flow_sheet_report_em,ISSUE_CD_YOY,56,259181,DEVELOPMENT_ONLY_COMPLETE
cash_flow_sheet_report_em,ISSUE_OTHER_BOND,181,259056,DEVELOPMENT_ONLY_COMPLETE
cash_flow_sheet_report_em,ISSUE_OTHER_BOND_YOY,21,259216,DEVELOPMENT_ONLY_COMPLETE
cash_flow_sheet_report_em,ISSUE_SHARES_EXPENSE,164,259073,DEVELOPMENT_ONLY_COMPLETE
cash_flow_sheet_report_em,ISSUE_SHARES_EXPENSE_YOY,0,259237,DEVELOPMENT_ONLY_COMPLETE
cash_flow_sheet_report_em,ISSUE_SUBBOND,181,259056,DEVELOPMENT_ONLY_COMPLETE
cash_flow_sheet_report_em,ISSUE_SUBBOND_YOY,18,259219,DEVELOPMENT_ONLY_COMPLETE
cash_flow_sheet_report_em,LEND_ADD,120,259117,DEVELOPMENT_ONLY_COMPLETE
cash_flow_sheet_report_em,LEND_ADD_YOY,26,259211,DEVELOPMENT_ONLY_COMPLETE
cash_flow_sheet_report_em,LEND_FUND_ADD,1396,257841,DEVELOPMENT_ONLY_COMPLETE
cash_flow_sheet_report_em,LEND_FUND_ADD_YOY,646,258591,DEVELOPMENT_ONLY_COMPLETE
cash_flow_sheet_report_em,LEND_FUND_REDUCE,555,258682,DEVELOPMENT_ONLY_COMPLETE
cash_flow_sheet_report_em,LEND_FUND_REDUCE_YOY,165,259072,DEVELOPMENT_ONLY_COMPLETE
cash_flow_sheet_report_em,LEND_RESALE_ADD,1195,258042,DEVELOPMENT_ONLY_COMPLETE
cash_flow_sheet_report_em,LEND_RESALE_ADD_YOY,729,258508,DEVELOPMENT_ONLY_COMPLETE
cash_flow_sheet_report_em,LEND_RESALE_REDUCE,912,258325,DEVELOPMENT_ONLY_COMPLETE
cash_flow_sheet_report_em,LEND_RESALE_REDUCE_YOY,483,258754,DEVELOPMENT_ONLY_COMPLETE
cash_flow_sheet_report_em,LOAN_ADVANCE_ADD,9382,249855,DEVELOPMENT_ONLY_COMPLETE
cash_flow_sheet_report_em,LOAN_ADVANCE_ADD_YOY,4978,254259,DEVELOPMENT_ONLY_COMPLETE
cash_flow_sheet_report_em,LOAN_ADVANCE_REDUCE,20226,239011,DEVELOPMENT_ONLY_COMPLETE
cash_flow_sheet_report_em,LOAN_ADVANCE_REDUCE_YOY,28,259209,DEVELOPMENT_ONLY_COMPLETE
cash_flow_sheet_report_em,LOAN_PBC_ADD,4687,254550,DEVELOPMENT_ONLY_COMPLETE
cash_flow_sheet_report_em,LOAN_PBC_ADD_YOY,863,258374,DEVELOPMENT_ONLY_COMPLETE
cash_flow_sheet_report_em,LOAN_PBC_REDUCE,640,258597,DEVELOPMENT_ONLY_COMPLETE
cash_flow_sheet_report_em,LOAN_PBC_REDUCE_YOY,164,259073,DEVELOPMENT_ONLY_COMPLETE
cash_flow_sheet_report_em,LOAN_REDUCE,40,259197,DEVELOPMENT_ONLY_COMPLETE
cash_flow_sheet_report_em,LOAN_REDUCE_YOY,28,259209,DEVELOPMENT_ONLY_COMPLETE
cash_flow_sheet_report_em,LONGASSET_AMORTIZE,46,259191,DEVELOPMENT_ONLY_COMPLETE
cash_flow_sheet_report_em,LONGASSET_AMORTIZE_YOY,29,259208,DEVELOPMENT_ONLY_COMPLETE
cash_flow_sheet_report_em,LPE_AMORTIZE,110855,148382,DEVELOPMENT_ONLY_COMPLETE
cash_flow_sheet_report_em,LPE_AMORTIZE_YOY,94025,165212,DEVELOPMENT_ONLY_COMPLETE
cash_flow_sheet_report_em,MINORITY_INTEREST,34242,224995,DEVELOPMENT_ONLY_COMPLETE
cash_flow_sheet_report_em,MINORITY_INTEREST_YOY,27392,231845,DEVELOPMENT_ONLY_COMPLETE
cash_flow_sheet_report_em,NETCASH_FINANCE,251578,7659,DEVELOPMENT_ONLY_COMPLETE
cash_flow_sheet_report_em,NETCASH_FINANCE_YOY,226024,33213,DEVELOPMENT_ONLY_COMPLETE
cash_flow_sheet_report_em,NETCASH_INVEST,257361,1876,DEVELOPMENT_ONLY_COMPLETE
cash_flow_sheet_report_em,NETCASH_INVEST_YOY,235229,24008,DEVELOPMENT_ONLY_COMPLETE
cash_flow_sheet_report_em,NETCASH_OPERATE,259209,28,DEVELOPMENT_ONLY_COMPLETE
cash_flow_sheet_report_em,NETCASH_OPERATENOTE,162622,96615,DEVELOPMENT_ONLY_COMPLETE
cash_flow_sheet_report_em,NETCASH_OPERATENOTE_YOY,143903,115334,DEVELOPMENT_ONLY_COMPLETE
cash_flow_sheet_report_em,NETCASH_OPERATE_YOY,237525,21712,DEVELOPMENT_ONLY_COMPLETE
cash_flow_sheet_report_em,NETPROFIT,145259,113978,DEVELOPMENT_ONLY_COMPLETE
cash_flow_sheet_report_em,NETPROFIT_YOY,130255,128982,DEVELOPMENT_ONLY_COMPLETE
cash_flow_sheet_report_em,NET_CD,233,259004,DEVELOPMENT_ONLY_COMPLETE
cash_flow_sheet_report_em,NET_CD_YOY,60,259177,DEVELOPMENT_ONLY_COMPLETE
cash_flow_sheet_report_em,NOTICE_DATE,259237,0,DEVELOPMENT_ONLY_COMPLETE
cash_flow_sheet_report_em,OBTAIN_SUBSIDIARY_OTHER,37163,222074,DEVELOPMENT_ONLY_COMPLETE
cash_flow_sheet_report_em,OBTAIN_SUBSIDIARY_OTHER_YOY,13384,245853,DEVELOPMENT_ONLY_COMPLETE
cash_flow_sheet_report_em,OFI_BF_ADD,3616,255621,DEVELOPMENT_ONLY_COMPLETE
cash_flow_sheet_report_em,OFI_BF_ADD_YOY,275,258962,DEVELOPMENT_ONLY_COMPLETE
cash_flow_sheet_report_em,OILGAS_BIOLOGY_DEPR,142443,116794,DEVELOPMENT_ONLY_COMPLETE
cash_flow_sheet_report_em,OILGAS_BIOLOGY_DEPR_YOY,127473,131764,DEVELOPMENT_ONLY_COMPLETE
cash_flow_sheet_report_em,OPERATE_INFLOW_BALANCE,216295,42942,DEVELOPMENT_ONLY_COMPLETE
cash_flow_sheet_report_em,OPERATE_INFLOW_BALANCE_YOY,2467,256770,DEVELOPMENT_ONLY_COMPLETE
cash_flow_sheet_report_em,OPERATE_INFLOW_OTHER,59112,200125,DEVELOPMENT_ONLY_COMPLETE
cash_flow_sheet_report_em,OPERATE_INFLOW_OTHER_YOY,1904,257333,DEVELOPMENT_ONLY_COMPLETE
cash_flow_sheet_report_em,OPERATE_NETCASH_BALANCE,216398,42839,DEVELOPMENT_ONLY_COMPLETE
cash_flow_sheet_report_em,OPERATE_NETCASH_BALANCENOTE,121868,137369,DEVELOPMENT_ONLY_COMPLETE
cash_flow_sheet_report_em,OPERATE_NETCASH_BALANCENOTE_YOY,7368,251869,DEVELOPMENT_ONLY_COMPLETE
cash_flow_sheet_report_em,OPERATE_NETCASH_BALANCE_YOY,715,258522,DEVELOPMENT_ONLY_COMPLETE
cash_flow_sheet_report_em,OPERATE_NETCASH_OTHER,20050,239187,DEVELOPMENT_ONLY_COMPLETE
cash_flow_sheet_report_em,OPERATE_NETCASH_OTHERNOTE,35343,223894,DEVELOPMENT_ONLY_COMPLETE
cash_flow_sheet_report_em,OPERATE_NETCASH_OTHERNOTE_YOY,3336,255901,DEVELOPMENT_ONLY_COMPLETE
cash_flow_sheet_report_em,OPERATE_NETCASH_OTHER_YOY,2,259235,DEVELOPMENT_ONLY_COMPLETE
cash_flow_sheet_report_em,OPERATE_OUTFLOW_BALANCE,216369,42868,DEVELOPMENT_ONLY_COMPLETE
cash_flow_sheet_report_em,OPERATE_OUTFLOW_BALANCE_YOY,2798,256439,DEVELOPMENT_ONLY_COMPLETE
cash_flow_sheet_report_em,OPERATE_OUTFLOW_OTHER,59516,199721,DEVELOPMENT_ONLY_COMPLETE
cash_flow_sheet_report_em,OPERATE_OUTFLOW_OTHER_YOY,2380,256857,DEVELOPMENT_ONLY_COMPLETE
cash_flow_sheet_report_em,OPERATE_PAYABLE_ADD,145195,114042,DEVELOPMENT_ONLY_COMPLETE
cash_flow_sheet_report_em,OPERATE_PAYABLE_ADD_YOY,130169,129068,DEVELOPMENT_ONLY_COMPLETE
cash_flow_sheet_report_em,OPERATE_RECE_REDUCE,145214,114023,DEVELOPMENT_ONLY_COMPLETE
cash_flow_sheet_report_em,OPERATE_RECE_REDUCE_YOY,130195,129042,DEVELOPMENT_ONLY_COMPLETE
cash_flow_sheet_report_em,OPINION_TYPE,83574,175663,DEVELOPMENT_ONLY_COMPLETE
cash_flow_sheet_report_em,ORG_CODE,259237,0,DEVELOPMENT_ONLY_COMPLETE
cash_flow_sheet_report_em,ORG_TYPE,259237,0,DEVELOPMENT_ONLY_COMPLETE
cash_flow_sheet_report_em,OSOPINION_TYPE,35,259202,DEVELOPMENT_ONLY_COMPLETE
cash_flow_sheet_report_em,OTHER,52718,206519,DEVELOPMENT_ONLY_COMPLETE
cash_flow_sheet_report_em,OTHERFINTOOL_ADD,445,258792,DEVELOPMENT_ONLY_COMPLETE
cash_flow_sheet_report_em,OTHERFINTOOL_ADD_YOY,15,259222,DEVELOPMENT_ONLY_COMPLETE
cash_flow_sheet_report_em,OTHERFINTOOL_REDUCE,314,258923,DEVELOPMENT_ONLY_COMPLETE
cash_flow_sheet_report_em,OTHERFINTOOL_REDUCE_YOY,27,259210,DEVELOPMENT_ONLY_COMPLETE
cash_flow_sheet_report_em,OTHER_ASSET_IMPAIRMENT,154,259083,DEVELOPMENT_ONLY_COMPLETE
cash_flow_sheet_report_em,OTHER_ASSET_IMPAIRMENT_YOY,55,259182,DEVELOPMENT_ONLY_COMPLETE
cash_flow_sheet_report_em,OTHER_YOY,33437,225800,DEVELOPMENT_ONLY_COMPLETE
cash_flow_sheet_report_em,PAY_AGENT_TRADE,920,258317,DEVELOPMENT_ONLY_COMPLETE
cash_flow_sheet_report_em,PAY_AGENT_TRADE_YOY,410,258827,DEVELOPMENT_ONLY_COMPLETE
cash_flow_sheet_report_em,PAY_ALL_TAX,257586,1651,DEVELOPMENT_ONLY_COMPLETE
cash_flow_sheet_report_em,PAY_ALL_TAX_YOY,235774,23463,DEVELOPMENT_ONLY_COMPLETE
cash_flow_sheet_report_em,PAY_BOND_INTEREST,575,258662,DEVELOPMENT_ONLY_COMPLETE
cash_flow_sheet_report_em,PAY_BOND_INTEREST_YOY,487,258750,DEVELOPMENT_ONLY_COMPLETE
cash_flow_sheet_report_em,PAY_BUY_RESALE,337,258900,DEVELOPMENT_ONLY_COMPLETE
cash_flow_sheet_report_em,PAY_BUY_RESALE_YOY,121,259116,DEVELOPMENT_ONLY_COMPLETE
cash_flow_sheet_report_em,PAY_COMMISSION,443,258794,DEVELOPMENT_ONLY_COMPLETE
cash_flow_sheet_report_em,PAY_COMMISSION_YOY,253,258984,DEVELOPMENT_ONLY_COMPLETE
cash_flow_sheet_report_em,PAY_DEBT_CASH,209129,50108,DEVELOPMENT_ONLY_COMPLETE
cash_flow_sheet_report_em,PAY_DEBT_CASH_YOY,177682,81555,DEVELOPMENT_ONLY_COMPLETE
cash_flow_sheet_report_em,PAY_INTEREST,472,258765,DEVELOPMENT_ONLY_COMPLETE
cash_flow_sheet_report_em,PAY_INTEREST_COMMISSION,10943,248294,DEVELOPMENT_ONLY_COMPLETE
cash_flow_sheet_report_em,PAY_INTEREST_COMMISSION_YOY,6605,252632,DEVELOPMENT_ONLY_COMPLETE
cash_flow_sheet_report_em,PAY_INTEREST_YOY,270,258967,DEVELOPMENT_ONLY_COMPLETE
cash_flow_sheet_report_em,PAY_ORIGIC_COMPENSATE,3517,255720,DEVELOPMENT_ONLY_COMPLETE
cash_flow_sheet_report_em,PAY_ORIGIC_COMPENSATE_YOY,349,258888,DEVELOPMENT_ONLY_COMPLETE
cash_flow_sheet_report_em,PAY_OTHER_FINANCE,160396,98841,DEVELOPMENT_ONLY_COMPLETE
cash_flow_sheet_report_em,PAY_OTHER_FINANCE_YOY,115160,144077,DEVELOPMENT_ONLY_COMPLETE
cash_flow_sheet_report_em,PAY_OTHER_INVEST,87931,171306,DEVELOPMENT_ONLY_COMPLETE
cash_flow_sheet_report_em,PAY_OTHER_INVEST_YOY,50310,208927,DEVELOPMENT_ONLY_COMPLETE
cash_flow_sheet_report_em,PAY_OTHER_OPERATE,257605,1632,DEVELOPMENT_ONLY_COMPLETE
cash_flow_sheet_report_em,PAY_OTHER_OPERATE_YOY,235846,23391,DEVELOPMENT_ONLY_COMPLETE
cash_flow_sheet_report_em,PAY_POLICY_BONUS,3586,255651,DEVELOPMENT_ONLY_COMPLETE
cash_flow_sheet_report_em,PAY_POLICY_BONUS_YOY,273,258964,DEVELOPMENT_ONLY_COMPLETE
cash_flow_sheet_report_em,PAY_REINSURE,225,259012,DEVELOPMENT_ONLY_COMPLETE
cash_flow_sheet_report_em,PAY_REINSURE_YOY,185,259052,DEVELOPMENT_ONLY_COMPLETE
cash_flow_sheet_report_em,PAY_SELL_REPO,149,259088,DEVELOPMENT_ONLY_COMPLETE
cash_flow_sheet_report_em,PAY_SELL_REPO_YOY,72,259165,DEVELOPMENT_ONLY_COMPLETE
cash_flow_sheet_report_em,PAY_STAFF_CASH,257789,1448,DEVELOPMENT_ONLY_COMPLETE
cash_flow_sheet_report_em,PAY_STAFF_CASH_YOY,236046,23191,DEVELOPMENT_ONLY_COMPLETE
cash_flow_sheet_report_em,PAY_TRADE_FINASSET,73,259164,DEVELOPMENT_ONLY_COMPLETE
cash_flow_sheet_report_em,PAY_TRADE_FINASSET_YOY,22,259215,DEVELOPMENT_ONLY_COMPLETE
cash_flow_sheet_report_em,PBC_INTERBANK_ADD,4527,254710,DEVELOPMENT_ONLY_COMPLETE
cash_flow_sheet_report_em,PBC_INTERBANK_ADD_YOY,925,258312,DEVELOPMENT_ONLY_COMPLETE
cash_flow_sheet_report_em,PBC_INTERBANK_REDUCE,59,259178,DEVELOPMENT_ONLY_COMPLETE
cash_flow_sheet_report_em,PBC_INTERBANK_REDUCE_YOY,12,259225,DEVELOPMENT_ONLY_COMPLETE
cash_flow_sheet_report_em,PBC_IOFI_ADD,1597,257640,DEVELOPMENT_ONLY_COMPLETE
cash_flow_sheet_report_em,PBC_IOFI_ADD_YOY,1132,258105,DEVELOPMENT_ONLY_COMPLETE
cash_flow_sheet_report_em,PBC_IOFI_REDUCE,980,258257,DEVELOPMENT_ONLY_COMPLETE
cash_flow_sheet_report_em,PBC_IOFI_REDUCE_YOY,496,258741,DEVELOPMENT_ONLY_COMPLETE
cash_flow_sheet_report_em,PLEDGE_LOAN_ADD,4144,255093,DEVELOPMENT_ONLY_COMPLETE
cash_flow_sheet_report_em,PLEDGE_LOAN_ADD_YOY,38,259199,DEVELOPMENT_ONLY_COMPLETE
cash_flow_sheet_report_em,PREDICT_LIAB_ADD,316,258921,DEVELOPMENT_ONLY_COMPLETE
cash_flow_sheet_report_em,PREDICT_LIAB_ADD_YOY,126,259111,DEVELOPMENT_ONLY_COMPLETE
cash_flow_sheet_report_em,PREPAID_EXPENSE_REDUCE,17571,241666,DEVELOPMENT_ONLY_COMPLETE
cash_flow_sheet_report_em,PREPAID_EXPENSE_REDUCE_YOY,12404,246833,DEVELOPMENT_ONLY_COMPLETE
cash_flow_sheet_report_em,PROVISION_INVEST_IMPAIRMENT,19,259218,DEVELOPMENT_ONLY_COMPLETE
cash_flow_sheet_report_em,PROVISION_INVEST_IMPAIRMENT_YOY,12,259225,DEVELOPMENT_ONLY_COMPLETE
cash_flow_sheet_report_em,PROVISION_LOAN_IMPAIRMENT,61,259176,DEVELOPMENT_ONLY_COMPLETE
cash_flow_sheet_report_em,PROVISION_LOAN_IMPAIRMENT_YOY,49,259188,DEVELOPMENT_ONLY_COMPLETE
cash_flow_sheet_report_em,PROVISION_PREDICT_LIAB,144,259093,DEVELOPMENT_ONLY_COMPLETE
cash_flow_sheet_report_em,PROVISION_PREDICT_LIAB_YOY,36,259201,DEVELOPMENT_ONLY_COMPLETE
cash_flow_sheet_report_em,PURCHASE_SUBSIDIARY_OTHER,110,259127,DEVELOPMENT_ONLY_COMPLETE
cash_flow_sheet_report_em,PURCHASE_SUBSIDIARY_OTHER_YOY,67,259170,DEVELOPMENT_ONLY_COMPLETE
cash_flow_sheet_report_em,RATE_CHANGE_EFFECT,169157,90080,DEVELOPMENT_ONLY_COMPLETE
cash_flow_sheet_report_em,RATE_CHANGE_EFFECT_YOY,144972,114265,DEVELOPMENT_ONLY_COMPLETE
cash_flow_sheet_report_em,RECEIVE_ADD_EQUITY,25,259212,DEVELOPMENT_ONLY_COMPLETE
cash_flow_sheet_report_em,RECEIVE_ADD_EQUITY_YOY,4,259233,DEVELOPMENT_ONLY_COMPLETE
cash_flow_sheet_report_em,RECEIVE_AGENT_TRADE,1345,257892,DEVELOPMENT_ONLY_COMPLETE
cash_flow_sheet_report_em,RECEIVE_AGENT_TRADE_YOY,854,258383,DEVELOPMENT_ONLY_COMPLETE
cash_flow_sheet_report_em,RECEIVE_AGENT_UNDERWRITE,235,259002,DEVELOPMENT_ONLY_COMPLETE
cash_flow_sheet_report_em,RECEIVE_AGENT_UNDERWRITE_YOY,43,259194,DEVELOPMENT_ONLY_COMPLETE
cash_flow_sheet_report_em,RECEIVE_BUY_RESALE,296,258941,DEVELOPMENT_ONLY_COMPLETE
cash_flow_sheet_report_em,RECEIVE_BUY_RESALE_YOY,95,259142,DEVELOPMENT_ONLY_COMPLETE
cash_flow_sheet_report_em,RECEIVE_COMMISSION,426,258811,DEVELOPMENT_ONLY_COMPLETE
cash_flow_sheet_report_em,RECEIVE_COMMISSION_YOY,239,258998,DEVELOPMENT_ONLY_COMPLETE
cash_flow_sheet_report_em,RECEIVE_DIVIDEND_PROFIT,208,259029,DEVELOPMENT_ONLY_COMPLETE
cash_flow_sheet_report_em,RECEIVE_DIVIDEND_PROFIT_YOY,39,259198,DEVELOPMENT_ONLY_COMPLETE
cash_flow_sheet_report_em,RECEIVE_INTEREST,400,258837,DEVELOPMENT_ONLY_COMPLETE
cash_flow_sheet_report_em,RECEIVE_INTEREST_COMMISSION,12620,246617,DEVELOPMENT_ONLY_COMPLETE
cash_flow_sheet_report_em,RECEIVE_INTEREST_COMMISSION_YOY,8177,251060,DEVELOPMENT_ONLY_COMPLETE
cash_flow_sheet_report_em,RECEIVE_INTEREST_YOY,215,259022,DEVELOPMENT_ONLY_COMPLETE
cash_flow_sheet_report_em,RECEIVE_INVEST_INCOME,154623,104614,DEVELOPMENT_ONLY_COMPLETE
cash_flow_sheet_report_em,RECEIVE_INVEST_INCOME_YOY,117991,141246,DEVELOPMENT_ONLY_COMPLETE
cash_flow_sheet_report_em,RECEIVE_LOAN_CASH,201046,58191,DEVELOPMENT_ONLY_COMPLETE
cash_flow_sheet_report_em,RECEIVE_LOAN_CASH_YOY,168858,90379,DEVELOPMENT_ONLY_COMPLETE
cash_flow_sheet_report_em,RECEIVE_ORIGIC_PREMIUM,3535,255702,DEVELOPMENT_ONLY_COMPLETE
cash_flow_sheet_report_em,RECEIVE_ORIGIC_PREMIUM_YOY,463,258774,DEVELOPMENT_ONLY_COMPLETE
cash_flow_sheet_report_em,RECEIVE_OTHER_FINANCE,101474,157763,DEVELOPMENT_ONLY_COMPLETE
cash_flow_sheet_report_em,RECEIVE_OTHER_FINANCE_YOY,62485,196752,DEVELOPMENT_ONLY_COMPLETE
cash_flow_sheet_report_em,RECEIVE_OTHER_INVEST,102840,156397,DEVELOPMENT_ONLY_COMPLETE
cash_flow_sheet_report_em,RECEIVE_OTHER_INVEST_YOY,66036,193201,DEVELOPMENT_ONLY_COMPLETE
cash_flow_sheet_report_em,RECEIVE_OTHER_OPERATE,256407,2830,DEVELOPMENT_ONLY_COMPLETE
cash_flow_sheet_report_em,RECEIVE_OTHER_OPERATE_YOY,234194,25043,DEVELOPMENT_ONLY_COMPLETE
cash_flow_sheet_report_em,RECEIVE_REINSURE_NET,3180,256057,DEVELOPMENT_ONLY_COMPLETE
cash_flow_sheet_report_em,RECEIVE_REINSURE_NET_YOY,83,259154,DEVELOPMENT_ONLY_COMPLETE
cash_flow_sheet_report_em,RECEIVE_SELL_REPO,151,259086,DEVELOPMENT_ONLY_COMPLETE
cash_flow_sheet_report_em,RECEIVE_SELL_REPO_YOY,71,259166,DEVELOPMENT_ONLY_COMPLETE
cash_flow_sheet_report_em,RECEIVE_TAX_REFUND,177294,81943,DEVELOPMENT_ONLY_COMPLETE
cash_flow_sheet_report_em,RECEIVE_TAX_REFUND_YOY,144143,115094,DEVELOPMENT_ONLY_COMPLETE
cash_flow_sheet_report_em,RECEIVE_TRADE_FINASSET,61,259176,DEVELOPMENT_ONLY_COMPLETE
cash_flow_sheet_report_em,RECEIVE_TRADE_FINASSET_YOY,12,259225,DEVELOPMENT_ONLY_COMPLETE
cash_flow_sheet_report_em,RECEIVE_WRITEOFF,91,259146,DEVELOPMENT_ONLY_COMPLETE
cash_flow_sheet_report_em,RECEIVE_WRITEOFF_YOY,3,259234,DEVELOPMENT_ONLY_COMPLETE
cash_flow_sheet_report_em,REDUCE_PLEDGE_TIMEDEPOSITS,603,258634,DEVELOPMENT_ONLY_COMPLETE
cash_flow_sheet_report_em,REDUCE_PLEDGE_TIMEDEPOSITS_YOY,68,259169,DEVELOPMENT_ONLY_COMPLETE
cash_flow_sheet_report_em,REPORT_DATE,259237,0,DEVELOPMENT_ONLY_COMPLETE
cash_flow_sheet_report_em,REPORT_DATE_NAME,259237,0,DEVELOPMENT_ONLY_COMPLETE
cash_flow_sheet_report_em,REPORT_TYPE,259237,0,DEVELOPMENT_ONLY_COMPLETE
cash_flow_sheet_report_em,REPO_BUSINESS_ADD,5528,253709,DEVELOPMENT_ONLY_COMPLETE
cash_flow_sheet_report_em,REPO_BUSINESS_ADD_YOY,1536,257701,DEVELOPMENT_ONLY_COMPLETE
cash_flow_sheet_report_em,REPO_BUSINESS_REDUCE,817,258420,DEVELOPMENT_ONLY_COMPLETE
cash_flow_sheet_report_em,REPO_BUSINESS_REDUCE_YOY,221,259016,DEVELOPMENT_ONLY_COMPLETE
cash_flow_sheet_report_em,SALES_SERVICES,252472,6765,DEVELOPMENT_ONLY_COMPLETE
cash_flow_sheet_report_em,SALES_SERVICES_YOY,231175,28062,DEVELOPMENT_ONLY_COMPLETE
cash_flow_sheet_report_em,SECUCODE,259237,0,DEVELOPMENT_ONLY_COMPLETE
cash_flow_sheet_report_em,SECURITY_CODE,259237,0,DEVELOPMENT_ONLY_COMPLETE
cash_flow_sheet_report_em,SECURITY_NAME_ABBR,259237,0,DEVELOPMENT_ONLY_COMPLETE
cash_flow_sheet_report_em,SECURITY_TYPE_CODE,259237,0,DEVELOPMENT_ONLY_COMPLETE
cash_flow_sheet_report_em,SELL_REPO_ADD,821,258416,DEVELOPMENT_ONLY_COMPLETE
cash_flow_sheet_report_em,SELL_REPO_ADD_YOY,358,258879,DEVELOPMENT_ONLY_COMPLETE
cash_flow_sheet_report_em,SELL_REPO_REDUCE,657,258580,DEVELOPMENT_ONLY_COMPLETE
cash_flow_sheet_report_em,SELL_REPO_REDUCE_YOY,238,258999,DEVELOPMENT_ONLY_COMPLETE
cash_flow_sheet_report_em,SUBSIDIARY_ACCEPT_INVEST,50181,209056,DEVELOPMENT_ONLY_COMPLETE
cash_flow_sheet_report_em,SUBSIDIARY_ACCEPT_INVEST_YOY,24720,234517,DEVELOPMENT_ONLY_COMPLETE
cash_flow_sheet_report_em,SUBSIDIARY_PAY_DIVIDEND,47029,212208,DEVELOPMENT_ONLY_COMPLETE
cash_flow_sheet_report_em,SUBSIDIARY_PAY_DIVIDEND_YOY,29248,229989,DEVELOPMENT_ONLY_COMPLETE
cash_flow_sheet_report_em,SUBSIDIARY_REDUCE_CASH,20168,239069,DEVELOPMENT_ONLY_COMPLETE
cash_flow_sheet_report_em,SUBSIDIARY_REDUCE_CASH_YOY,6,259231,DEVELOPMENT_ONLY_COMPLETE
cash_flow_sheet_report_em,TOTAL_FINANCE_INFLOW,229014,30223,DEVELOPMENT_ONLY_COMPLETE
cash_flow_sheet_report_em,TOTAL_FINANCE_INFLOW_YOY,193894,65343,DEVELOPMENT_ONLY_COMPLETE
cash_flow_sheet_report_em,TOTAL_FINANCE_OUTFLOW,249607,9630,DEVELOPMENT_ONLY_COMPLETE
cash_flow_sheet_report_em,TOTAL_FINANCE_OUTFLOW_YOY,223305,35932,DEVELOPMENT_ONLY_COMPLETE
cash_flow_sheet_report_em,TOTAL_INVEST_INFLOW,237502,21735,DEVELOPMENT_ONLY_COMPLETE
cash_flow_sheet_report_em,TOTAL_INVEST_INFLOW_YOY,204193,55044,DEVELOPMENT_ONLY_COMPLETE
cash_flow_sheet_report_em,TOTAL_INVEST_OUTFLOW,256993,2244,DEVELOPMENT_ONLY_COMPLETE
cash_flow_sheet_report_em,TOTAL_INVEST_OUTFLOW_YOY,234665,24572,DEVELOPMENT_ONLY_COMPLETE
cash_flow_sheet_report_em,TOTAL_OPERATE_INFLOW,257811,1426,DEVELOPMENT_ONLY_COMPLETE
cash_flow_sheet_report_em,TOTAL_OPERATE_INFLOW_YOY,236079,23158,DEVELOPMENT_ONLY_COMPLETE
cash_flow_sheet_report_em,TOTAL_OPERATE_OUTFLOW,257837,1400,DEVELOPMENT_ONLY_COMPLETE
cash_flow_sheet_report_em,TOTAL_OPERATE_OUTFLOW_YOY,236117,23120,DEVELOPMENT_ONLY_COMPLETE
cash_flow_sheet_report_em,TRADE_FINASSET_ADD,792,258445,DEVELOPMENT_ONLY_COMPLETE
cash_flow_sheet_report_em,TRADE_FINASSET_ADD_YOY,404,258833,DEVELOPMENT_ONLY_COMPLETE
cash_flow_sheet_report_em,TRADE_FINASSET_REDUCE,1057,258180,DEVELOPMENT_ONLY_COMPLETE
cash_flow_sheet_report_em,TRADE_FINASSET_REDUCE_YOY,604,258633,DEVELOPMENT_ONLY_COMPLETE
cash_flow_sheet_report_em,TRADE_FINLIAB_ADD,316,258921,DEVELOPMENT_ONLY_COMPLETE
cash_flow_sheet_report_em,TRADE_FINLIAB_ADD_YOY,86,259151,DEVELOPMENT_ONLY_COMPLETE
cash_flow_sheet_report_em,TRADE_FINLIAB_REDUCE,267,258970,DEVELOPMENT_ONLY_COMPLETE
cash_flow_sheet_report_em,TRADE_FINLIAB_REDUCE_YOY,42,259195,DEVELOPMENT_ONLY_COMPLETE
cash_flow_sheet_report_em,TRADE_SETTLE_ADD,426,258811,DEVELOPMENT_ONLY_COMPLETE
cash_flow_sheet_report_em,TRADE_SETTLE_ADD_YOY,3,259234,DEVELOPMENT_ONLY_COMPLETE
cash_flow_sheet_report_em,TRADE_SETTLE_REDUCE,428,258809,DEVELOPMENT_ONLY_COMPLETE
cash_flow_sheet_report_em,TRADE_SETTLE_REDUCE_YOY,5,259232,DEVELOPMENT_ONLY_COMPLETE
cash_flow_sheet_report_em,TRANSFER_INVEST_IMPAIRMENT,95,259142,DEVELOPMENT_ONLY_COMPLETE
cash_flow_sheet_report_em,TRANSFER_INVEST_IMPAIRMENT_YOY,5,259232,DEVELOPMENT_ONLY_COMPLETE
cash_flow_sheet_report_em,UNDERWRITE_SECURITY,428,258809,DEVELOPMENT_ONLY_COMPLETE
cash_flow_sheet_report_em,UNDERWRITE_SECURITY_YOY,1,259236,DEVELOPMENT_ONLY_COMPLETE
cash_flow_sheet_report_em,UNINVOLVE_INVESTFIN_OTHER,13641,245596,DEVELOPMENT_ONLY_COMPLETE
cash_flow_sheet_report_em,UNINVOLVE_INVESTFIN_OTHER_YOY,1130,258107,DEVELOPMENT_ONLY_COMPLETE
cash_flow_sheet_report_em,UPDATE_DATE,259237,0,DEVELOPMENT_ONLY_COMPLETE
cash_flow_sheet_report_em,USERIGHT_ASSET_AMORTIZE,26447,232790,DEVELOPMENT_ONLY_COMPLETE
cash_flow_sheet_report_em,USERIGHT_ASSET_AMORTIZE_YOY,16363,242874,DEVELOPMENT_ONLY_COMPLETE
cash_flow_sheet_report_em,WITHDRAW_INVEST,130854,128383,DEVELOPMENT_ONLY_COMPLETE
cash_flow_sheet_report_em,WITHDRAW_INVEST_YOY,90462,168775,DEVELOPMENT_ONLY_COMPLETE
cash_flow_sheet_report_em,WITHDRAW_WRITEOFF_LOAN,134,259103,DEVELOPMENT_ONLY_COMPLETE
cash_flow_sheet_report_em,WITHDRAW_WRITEOFF_LOAN_YOY,112,259125,DEVELOPMENT_ONLY_COMPLETE
cash_flow_sheet_report_em,ingest_time_utc,259237,0,DEVELOPMENT_ONLY_COMPLETE
cash_flow_sheet_report_em,source_code6,259237,0,DEVELOPMENT_ONLY_COMPLETE
cash_flow_sheet_report_em,source_dataset,259237,0,DEVELOPMENT_ONLY_COMPLETE
cash_flow_sheet_report_em,source_em,259237,0,DEVELOPMENT_ONLY_COMPLETE
cash_flow_sheet_report_em,source_family,259237,0,DEVELOPMENT_ONLY_COMPLETE
cash_flow_sheet_report_em,source_file,259237,0,DEVELOPMENT_ONLY_COMPLETE
zygc_em,ingest_time_utc,0,0,PIT_UNRESOLVED_VALUES_NOT_READ
zygc_em,source_code6,0,0,PIT_UNRESOLVED_VALUES_NOT_READ
zygc_em,source_dataset,0,0,PIT_UNRESOLVED_VALUES_NOT_READ
zygc_em,source_em,0,0,PIT_UNRESOLVED_VALUES_NOT_READ
zygc_em,source_family,0,0,PIT_UNRESOLVED_VALUES_NOT_READ
zygc_em,source_file,0,0,PIT_UNRESOLVED_VALUES_NOT_READ
zygc_em,主营利润,0,0,PIT_UNRESOLVED_VALUES_NOT_READ
zygc_em,主营成本,0,0,PIT_UNRESOLVED_VALUES_NOT_READ
zygc_em,主营收入,0,0,PIT_UNRESOLVED_VALUES_NOT_READ
zygc_em,主营构成,0,0,PIT_UNRESOLVED_VALUES_NOT_READ
zygc_em,分类类型,0,0,PIT_UNRESOLVED_VALUES_NOT_READ
zygc_em,利润比例,0,0,PIT_UNRESOLVED_VALUES_NOT_READ
zygc_em,成本比例,0,0,PIT_UNRESOLVED_VALUES_NOT_READ
zygc_em,报告日期,0,0,PIT_UNRESOLVED_VALUES_NOT_READ
zygc_em,收入比例,0,0,PIT_UNRESOLVED_VALUES_NOT_READ
zygc_em,毛利率,0,0,PIT_UNRESOLVED_VALUES_NOT_READ
zygc_em,股票代码,0,0,PIT_UNRESOLVED_VALUES_NOT_READ
main_stock_holder_sina,ingest_time_utc,2615891,0,DEVELOPMENT_ONLY_COMPLETE
main_stock_holder_sina,source_code6,2615891,0,DEVELOPMENT_ONLY_COMPLETE
main_stock_holder_sina,source_dataset,2615891,0,DEVELOPMENT_ONLY_COMPLETE
main_stock_holder_sina,source_em,2615891,0,DEVELOPMENT_ONLY_COMPLETE
main_stock_holder_sina,source_family,2615891,0,DEVELOPMENT_ONLY_COMPLETE
main_stock_holder_sina,source_file,2615891,0,DEVELOPMENT_ONLY_COMPLETE
main_stock_holder_sina,公告日期,2615891,0,DEVELOPMENT_ONLY_COMPLETE
main_stock_holder_sina,平均持股数,2286646,329245,DEVELOPMENT_ONLY_COMPLETE
main_stock_holder_sina,截至日期,2615891,0,DEVELOPMENT_ONLY_COMPLETE
main_stock_holder_sina,持股数量,2580469,35422,DEVELOPMENT_ONLY_COMPLETE
main_stock_holder_sina,持股比例,2580531,35360,DEVELOPMENT_ONLY_COMPLETE
main_stock_holder_sina,编号,2580596,35295,DEVELOPMENT_ONLY_COMPLETE
main_stock_holder_sina,股东名称,2580596,35295,DEVELOPMENT_ONLY_COMPLETE
main_stock_holder_sina,股东总数,2286686,329205,DEVELOPMENT_ONLY_COMPLETE
main_stock_holder_sina,股东说明,8512,2607379,DEVELOPMENT_ONLY_COMPLETE
main_stock_holder_sina,股本性质,2570409,45482,DEVELOPMENT_ONLY_COMPLETE
