route_id,skeleton_id,exact_unique,canonical_unique,policy_count,seed_count,source_family_count,depth_min,depth_max,behavior_unique,strict_pairs,matched_positive
DISCLOSURE_EVENT,cn.comp.v2.disclosure_event.event_age,4,4,3,4,1,3,3,,0,0
DISCLOSURE_EVENT,cn.comp.v2.disclosure_event.event_first_hit,4,4,4,4,1,1,1,,0,0
DISCLOSURE_EVENT,cn.comp.v2.disclosure_event.event_prior_condition,12,12,4,4,1,3,3,,0,0
DISCLOSURE_EVENT,cn.comp.v2.disclosure_event.event_pulse,4,4,3,3,1,1,1,,0,0
DISCLOSURE_EVENT,cn.comp.v2.disclosure_event.event_window,4,4,3,3,1,1,1,,0,0
DISCLOSURE_EVENT,cn.comp.v2.disclosure_event.post_maturity_state,4,4,3,3,1,1,1,,0,0
DISCLOSURE_EVENT,cn.comp.v2.disclosure_event.pre_event_path,4,4,3,3,1,1,1,,0,0
DISCLOSURE_EVENT,cn.comp.v2.disclosure_event.repeated_event_suppression,4,4,3,3,1,3,3,,0,0
FIRSTN_PATH,cn.comp.v2.firstn_path.conditioned_opening_path,1238,1238,4,4,2,4,4,,0,0
FIRSTN_PATH,cn.comp.v2.firstn_path.firstn_path_state,1237,1237,4,4,2,4,4,,0,0
FIRSTN_PATH,cn.comp.v2.firstn_path.opening_imbalance_persistence,1236,1236,4,4,2,3,3,,0,0
FIRSTN_PATH,cn.comp.v2.firstn_path.opening_multiscale_relation,658,658,4,4,2,2,2,,0,0
FIRSTN_PATH,cn.comp.v2.firstn_path.opening_path_acceleration,1220,1220,4,4,2,4,4,,0,0
FIRSTN_PATH,cn.comp.v2.firstn_path.opening_path_liquidity,1235,1235,4,4,2,4,4,,0,0
FIRSTN_PATH,cn.comp.v2.firstn_path.opening_state_residual,1228,1228,4,4,2,3,3,,0,0
FIRSTN_PATH,cn.comp.v2.firstn_path.relative_strength_reversal,1221,1221,4,4,2,4,4,,0,0
INTRADAY_STATE_TRANSITION,cn.comp.v2.intraday_state_transition.conditioned_state_path,80,80,4,4,2,3,3,,0,0
INTRADAY_STATE_TRANSITION,cn.comp.v2.intraday_state_transition.duration_payload,80,80,4,4,2,4,4,,0,0
INTRADAY_STATE_TRANSITION,cn.comp.v2.intraday_state_transition.multiscale_state_response,40,40,4,4,2,3,3,,0,0
INTRADAY_STATE_TRANSITION,cn.comp.v2.intraday_state_transition.state_residual,80,80,4,4,2,3,3,,0,0
INTRADAY_STATE_TRANSITION,cn.comp.v2.intraday_state_transition.transition_liquidity_condition,20,20,4,4,2,4,4,,0,0
INTRADAY_STATE_TRANSITION,cn.comp.v2.intraday_state_transition.transition_payload,80,80,4,4,2,4,4,,0,0
INTRADAY_STATE_TRANSITION,cn.comp.v2.intraday_state_transition.transition_persistence,80,80,4,4,2,4,4,,0,0
INTRADAY_STATE_TRANSITION,cn.comp.v2.intraday_state_transition.transition_state_age,80,80,4,4,2,4,4,,0,0
MARKET_REGIME_CONDITION,cn.comp.v2.market_regime_condition.payload_regime_interaction,176,176,4,4,2,3,3,,0,0
MARKET_REGIME_CONDITION,cn.comp.v2.market_regime_condition.payload_regime_residual,176,176,4,4,2,4,4,,0,0
MARKET_REGIME_CONDITION,cn.comp.v2.market_regime_condition.regime_age_response,176,176,4,4,2,4,4,,0,0
MARKET_REGIME_CONDITION,cn.comp.v2.market_regime_condition.regime_conditioned_path,702,702,4,4,2,3,3,,0,0
MARKET_REGIME_CONDITION,cn.comp.v2.market_regime_condition.regime_maturity_payload,699,699,4,4,2,4,4,,0,0
MARKET_REGIME_CONDITION,cn.comp.v2.market_regime_condition.regime_multiscale_response,352,352,4,4,2,3,3,,0,0
MARKET_REGIME_CONDITION,cn.comp.v2.market_regime_condition.regime_persistence_gate,701,701,4,4,2,4,4,,0,0
MARKET_REGIME_CONDITION,cn.comp.v2.market_regime_condition.regime_transition_response,699,699,4,4,2,4,4,,0,0
MINUTE_STATIC,cn.comp.v2.minute_static.absolute_state_interaction,110,110,4,4,1,4,4,,0,0
MINUTE_STATIC,cn.comp.v2.minute_static.cross_sectional_residual,110,110,4,4,1,2,2,,0,0
MINUTE_STATIC,cn.comp.v2.minute_static.dispersion_interaction,110,110,4,4,1,4,4,,0,0
MINUTE_STATIC,cn.comp.v2.minute_static.field_spread,110,110,4,4,1,3,3,,0,0
MINUTE_STATIC,cn.comp.v2.minute_static.liquidity_volatility_interaction,110,110,4,4,1,4,4,,0,0
MINUTE_STATIC,cn.comp.v2.minute_static.normalized_level,11,11,4,4,1,2,2,,0,0
MINUTE_STATIC,cn.comp.v2.minute_static.normalized_ratio,110,110,4,4,1,3,3,,0,0
MINUTE_STATIC,cn.comp.v2.minute_static.price_volume_interaction,110,110,4,4,1,3,3,,0,0
SLOW_CROSS_SECTIONAL_LEVEL,cn.comp.v2.slow_cross_sectional_level.cross_family_interaction,1554,1554,4,4,10,3,3,,0,0
SLOW_CROSS_SECTIONAL_LEVEL,cn.comp.v2.slow_cross_sectional_level.fundamental_cap_condition,120,120,4,4,10,3,3,,0,0
SLOW_CROSS_SECTIONAL_LEVEL,cn.comp.v2.slow_cross_sectional_level.fundamental_level,43,43,4,4,10,1,1,,0,0
SLOW_CROSS_SECTIONAL_LEVEL,cn.comp.v2.slow_cross_sectional_level.fundamental_ratio,1539,1539,4,4,10,3,3,,0,0
SLOW_CROSS_SECTIONAL_LEVEL,cn.comp.v2.slow_cross_sectional_level.fundamental_residual,1553,1553,4,4,10,2,2,,0,0
SLOW_CROSS_SECTIONAL_LEVEL,cn.comp.v2.slow_cross_sectional_level.masked_normalized_level,43,43,4,4,10,1,1,,0,0
SLOW_CROSS_SECTIONAL_LEVEL,cn.comp.v2.slow_cross_sectional_level.size_residual_level,120,120,4,4,10,3,3,,0,0
SLOW_CROSS_SECTIONAL_LEVEL,cn.comp.v2.slow_cross_sectional_level.winsorized_level,43,43,4,4,10,2,2,,0,0
SLOW_TEMPORAL_CHANGE,cn.comp.v2.slow_temporal_change.acceleration,563,563,4,4,10,2,2,,0,0
SLOW_TEMPORAL_CHANGE,cn.comp.v2.slow_temporal_change.change_level_interaction,3285,3285,4,4,10,3,3,,0,0
SLOW_TEMPORAL_CHANGE,cn.comp.v2.slow_temporal_change.change_persistence,564,564,4,4,10,3,3,,0,0
SLOW_TEMPORAL_CHANGE,cn.comp.v2.slow_temporal_change.cross_change_interaction,3490,3490,4,4,10,4,4,,0,0
SLOW_TEMPORAL_CHANGE,cn.comp.v2.slow_temporal_change.delta,563,563,4,4,10,2,2,,0,0
SLOW_TEMPORAL_CHANGE,cn.comp.v2.slow_temporal_change.reported_change,141,141,4,4,10,1,1,,0,0
SLOW_TEMPORAL_CHANGE,cn.comp.v2.slow_temporal_change.short_long_change,141,141,4,4,10,4,4,,0,0
SLOW_TEMPORAL_CHANGE,cn.comp.v2.slow_temporal_change.slope,563,563,4,4,10,2,2,,0,0
