access_roles,allow_behavior_equivalence,candidate_id,canonical_expression,canonical_identity,claimed_state_field_id,clock_contract,condition_field_ids,control_ablation_rule,control_constructor_id,cross_sectional_rank_allowed_for_condition,declared_field_ids,entity_scope,exact_identity,exposure_ledger_required,expression,expression_hash,field_ids,financial_hypothesis,generator_arm,generator_version,input_roles,is_matched_control,legal,market_vote_policy,matched_control_id,maturity_contract,maturity_contract_registered,maturity_rule,maximum_depth,operator_family,operator_paths,outer_mapping,pair_id,pair_mapping_portfolio_contract,pair_maturity_alignment_policy,pair_member_role,pair_support_alignment_policy,proposal_origin,representation_ids,requires_intrabar_order,round_id,route_id,run,search_role,seed,skeleton_id,source_field_ids,state_source_expression,state_support_unit,support_unit,typed_route_decision,typed_route_reason,typed_route_rejection_code,unit_signature,uses_future_revision,vote_policy
"[""development""]",False,cn.comp.004beeac754c1d957b5e,"CSRank(Mul(ZScore($m1_first5_vwap_return_vs_open),ZScore(Delta($vwap,5))))",6090d3508053ff70c041028e54384e64fe50ea76f7a60c51c0e600304d0ca772,,bar_close_and_firstN_clock,[],remove_subsequent_path,cn_compositional_same_fields_firstn_path_v2,,"[""m1_first5_vwap_return_vs_open"", ""vwap""]",,af0cf37e27fb7d36aeccea5e71a6210f5802ef96c15116d5fdf313eae4901f0a,True,"CSRank(Mul(ZScore($m1_first5_vwap_return_vs_open),ZScore(Delta($vwap,5))))",f8ce382b15f3d5cf61fdce35,"[""m1_first5_vwap_return_vs_open"", ""vwap""]",opening path and subsequent state interact,evolutionary_mutation,cn_typed_compositional_grammar_v2,"[""PRIMARY"", ""INTERACTION_ONLY""]",False,True,,cn.comp.004beeac754c1d957b5e.control,firstN end timestamp,False,firstN end timestamp,4,SignedPath,"[""root:CSRank"", ""root.CSRank[0]:Mul"", ""root.CSRank[0].Mul[0]:ZScore"", ""root.CSRank[0].Mul[1]:ZScore"", ""root.CSRank[0].Mul[1].ZScore[0]:Delta""]",cross_sectional,cn.pair.a13952aac2db53c408a8ce40fb753fa0,SAME_FULL_SHARD_UNIVERSE|SAME_TRADE_TIMES|SAME_SPLIT_ROLES|SAME_HORIZONS|SAME_SUPPORT_COORDINATES|SAME_PORTFOLIO_MODE|SAME_COST_ASSUMPTIONS,MAX_PRIMARY_CONTROL_MATURITY_BEFORE_SHARED_SUPPORT,PRIMARY,PRIMARY_CONTROL_FINITE_INTERSECTION_AT_SHARED_COORDINATE,typed_compositional_grammar_v2,"[""cn.rep.2a8472e39931ef70e85e307bcb21e294"", ""cn.rep.83d251a9f86f7e4fec75b8902aaa881b""]",False,RESOURCE_PREFLIGHT_32,FIRSTN_PATH,CN_COMPOSITIONAL_RESOURCE_PREFLIGHT,PRIMARY_SEARCH,31415,cn.comp.v2.firstn_path.firstn_path_state,"[""cn.sf.a6915d593fccc76567eb995d05774efa"", ""cn.sf.b4279506efdad23a752311a627c7060d""]",,,stock-session after firstN maturity,ALLOW,"registry, PIT, unit, route, maturity, control and access contracts passed",,dimensionless-product,False,ONE_SUPPORT_UNIT_ONE_VOTE
"[""development""]",False,cn.comp.004beeac754c1d957b5e.control,"CSRank(Add(ZScore($m1_first5_vwap_return_vs_open),Mul(0,Delta($vwap,5))))",72328b67ec3ce92c7bf65ce594628c70ff6e56064dd0543e4b73933428ee2f29,,bar_close_and_firstN_clock,[],remove_subsequent_path,cn_compositional_same_fields_firstn_path_v2,,"[""m1_first5_vwap_return_vs_open"", ""vwap""]",,707455cea7327c4c18e80fee5271b5509e037104707ebe73506780fc135e4003,True,"CSRank(Add(ZScore($m1_first5_vwap_return_vs_open),Mul(0,Delta($vwap,5))))",e493ffed56e5592802f259a3,"[""m1_first5_vwap_return_vs_open"", ""vwap""]",opening path and subsequent state interact,evolutionary_mutation,cn_typed_compositional_grammar_v2,"[""PRIMARY"", ""INTERACTION_ONLY""]",True,True,,cn.comp.004beeac754c1d957b5e,firstN end timestamp,False,firstN end timestamp,4,SignedPath,"[""root:CSRank"", ""root.CSRank[0]:Add"", ""root.CSRank[0].Add[0]:ZScore"", ""root.CSRank[0].Add[1]:Mul"", ""root.CSRank[0].Add[1].Mul[1]:Delta""]",cross_sectional,cn.pair.a13952aac2db53c408a8ce40fb753fa0,SAME_FULL_SHARD_UNIVERSE|SAME_TRADE_TIMES|SAME_SPLIT_ROLES|SAME_HORIZONS|SAME_SUPPORT_COORDINATES|SAME_PORTFOLIO_MODE|SAME_COST_ASSUMPTIONS,MAX_PRIMARY_CONTROL_MATURITY_BEFORE_SHARED_SUPPORT,CONTROL,PRIMARY_CONTROL_FINITE_INTERSECTION_AT_SHARED_COORDINATE,typed_compositional_grammar_v2,"[""cn.rep.2a8472e39931ef70e85e307bcb21e294"", ""cn.rep.83d251a9f86f7e4fec75b8902aaa881b""]",False,RESOURCE_PREFLIGHT_32,FIRSTN_PATH,CN_COMPOSITIONAL_RESOURCE_PREFLIGHT,PRIMARY_SEARCH,31415,cn.comp.v2.firstn_path.firstn_path_state,"[""cn.sf.a6915d593fccc76567eb995d05774efa"", ""cn.sf.b4279506efdad23a752311a627c7060d""]",,,stock-session after firstN maturity,ALLOW,"registry, PIT, unit, route, maturity, control and access contracts passed",,dimensionless-product,False,CONTROL_NO_SEPARATE_VOTE
"[""development""]",False,cn.comp.0078ffdf6ff7942322c1,"CSRank(Mul(ZScore($m1_first15_amount),ZScore(Acceleration($pct_chg,3))))",fe9f6daa26fac0d1457087a4d980f3c8e80fef07fed52fac410babe5909c29be,,bar_close_and_firstN_clock,[],replace_acceleration_with_level,cn_compositional_same_fields_firstn_path_v2,,"[""m1_first15_amount"", ""pct_chg""]",,4ea24cd4cacc64be6cfed7b2e8496e4e624f41ace7718ea1e58c40b29af21fda,True,"CSRank(Mul(ZScore($m1_first15_amount),ZScore(Acceleration($pct_chg,3))))",6458f7f24ba607aee9f79f5b,"[""m1_first15_amount"", ""pct_chg""]",opening path acceleration contains information beyond level,diversity_preserving_cem,cn_typed_compositional_grammar_v2,"[""PRIMARY""]",False,True,,cn.comp.0078ffdf6ff7942322c1.control,firstN end timestamp,False,firstN end timestamp,4,PathShape,"[""root:CSRank"", ""root.CSRank[0]:Mul"", ""root.CSRank[0].Mul[0]:ZScore"", ""root.CSRank[0].Mul[1]:ZScore"", ""root.CSRank[0].Mul[1].ZScore[0]:Acceleration""]",cross_sectional,cn.pair.ed9dbb9e05d721a9f20b29cb762a35c8,SAME_FULL_SHARD_UNIVERSE|SAME_TRADE_TIMES|SAME_SPLIT_ROLES|SAME_HORIZONS|SAME_SUPPORT_COORDINATES|SAME_PORTFOLIO_MODE|SAME_COST_ASSUMPTIONS,MAX_PRIMARY_CONTROL_MATURITY_BEFORE_SHARED_SUPPORT,PRIMARY,PRIMARY_CONTROL_FINITE_INTERSECTION_AT_SHARED_COORDINATE,typed_compositional_grammar_v2,"[""cn.rep.e48dc7a9edb3228d5b03edf89d9ce5cb"", ""cn.rep.ff25d250e767d497a03a512194193e34""]",False,RESOURCE_PREFLIGHT_32,FIRSTN_PATH,CN_COMPOSITIONAL_RESOURCE_PREFLIGHT,PRIMARY_SEARCH,65537,cn.comp.v2.firstn_path.opening_path_acceleration,"[""cn.sf.dac52e2772efd966434ed3ab72a4a1d1"", ""cn.sf.e175250817b067c80c690ce8e2ea6e72""]",,,stock-session after firstN maturity,ALLOW,"registry, PIT, unit, route, maturity, control and access contracts passed",,dimensionless,False,ONE_SUPPORT_UNIT_ONE_VOTE
"[""development""]",False,cn.comp.0078ffdf6ff7942322c1.control,"CSRank(Add(ZScore($m1_first15_amount),Mul(0,Delta($pct_chg,3))))",c479515e9df823ea270d957a73258af348258231d17f5f4a0bc81dbfe6085926,,bar_close_and_firstN_clock,[],replace_acceleration_with_level,cn_compositional_same_fields_firstn_path_v2,,"[""m1_first15_amount"", ""pct_chg""]",,6657f90a78f44361728b1d3e7c28cbeff8eeab661531354457883321582d453d,True,"CSRank(Add(ZScore($m1_first15_amount),Mul(0,Delta($pct_chg,3))))",726b1166c525e3fab897ea15,"[""m1_first15_amount"", ""pct_chg""]",opening path acceleration contains information beyond level,diversity_preserving_cem,cn_typed_compositional_grammar_v2,"[""PRIMARY""]",True,True,,cn.comp.0078ffdf6ff7942322c1,firstN end timestamp,False,firstN end timestamp,4,PathShape,"[""root:CSRank"", ""root.CSRank[0]:Add"", ""root.CSRank[0].Add[0]:ZScore"", ""root.CSRank[0].Add[1]:Mul"", ""root.CSRank[0].Add[1].Mul[1]:Delta""]",cross_sectional,cn.pair.ed9dbb9e05d721a9f20b29cb762a35c8,SAME_FULL_SHARD_UNIVERSE|SAME_TRADE_TIMES|SAME_SPLIT_ROLES|SAME_HORIZONS|SAME_SUPPORT_COORDINATES|SAME_PORTFOLIO_MODE|SAME_COST_ASSUMPTIONS,MAX_PRIMARY_CONTROL_MATURITY_BEFORE_SHARED_SUPPORT,CONTROL,PRIMARY_CONTROL_FINITE_INTERSECTION_AT_SHARED_COORDINATE,typed_compositional_grammar_v2,"[""cn.rep.e48dc7a9edb3228d5b03edf89d9ce5cb"", ""cn.rep.ff25d250e767d497a03a512194193e34""]",False,RESOURCE_PREFLIGHT_32,FIRSTN_PATH,CN_COMPOSITIONAL_RESOURCE_PREFLIGHT,PRIMARY_SEARCH,65537,cn.comp.v2.firstn_path.opening_path_acceleration,"[""cn.sf.dac52e2772efd966434ed3ab72a4a1d1"", ""cn.sf.e175250817b067c80c690ce8e2ea6e72""]",,,stock-session after firstN maturity,ALLOW,"registry, PIT, unit, route, maturity, control and access contracts passed",,dimensionless,False,CONTROL_NO_SEPARATE_VOTE
"[""development""]",False,cn.comp.02166051383236380f95,"CSRank(Sub(ZScore($m1_first5_range),ZScore(Delta($low,20))))",db86f3808167cc6df144fde24f43a01af64a6a53d5dfa8e65df52d1742719dfe,,bar_close_and_firstN_clock,[],remove_reversal_leg,cn_compositional_same_fields_firstn_path_v2,,"[""m1_first5_range"", ""low""]",,319523152ff6de4dc49951ad78e69fb3657cc42d1ad8692f5bd124b85dca1243,True,"CSRank(Sub(ZScore($m1_first5_range),ZScore(Delta($low,20))))",0134bfb4b2441b03550fb7bf,"[""low"", ""m1_first5_range""]",firstN relative strength predicts post-open reversal,uct_ucb_structural_search,cn_typed_compositional_grammar_v2,"[""PRIMARY"", ""INTERACTION_ONLY""]",False,True,,cn.comp.02166051383236380f95.control,firstN end timestamp,False,firstN end timestamp,4,MeanReversion,"[""root:CSRank"", ""root.CSRank[0]:Sub"", ""root.CSRank[0].Sub[0]:ZScore"", ""root.CSRank[0].Sub[1]:ZScore"", ""root.CSRank[0].Sub[1].ZScore[0]:Delta""]",cross_sectional,cn.pair.75ad82cb82acf017e72d3f2aa86b5e11,SAME_FULL_SHARD_UNIVERSE|SAME_TRADE_TIMES|SAME_SPLIT_ROLES|SAME_HORIZONS|SAME_SUPPORT_COORDINATES|SAME_PORTFOLIO_MODE|SAME_COST_ASSUMPTIONS,MAX_PRIMARY_CONTROL_MATURITY_BEFORE_SHARED_SUPPORT,PRIMARY,PRIMARY_CONTROL_FINITE_INTERSECTION_AT_SHARED_COORDINATE,typed_compositional_grammar_v2,"[""cn.rep.a24282e2c82e94c62dab47348534b71d"", ""cn.rep.cffab69605863392df2947630fe915b4""]",False,RESOURCE_PREFLIGHT_32,FIRSTN_PATH,CN_COMPOSITIONAL_RESOURCE_PREFLIGHT,PRIMARY_SEARCH,1729,cn.comp.v2.firstn_path.relative_strength_reversal,"[""cn.sf.155ca942c67e3b7985fdca8bf70262e2"", ""cn.sf.a6a4a55efb5bb293d93ee0d9234226ad""]",,,stock-session after firstN maturity,ALLOW,"registry, PIT, unit, route, maturity, control and access contracts passed",,dimensionless-spread,False,ONE_SUPPORT_UNIT_ONE_VOTE
"[""development""]",False,cn.comp.02166051383236380f95.control,"CSRank(Add(ZScore($m1_first5_range),Mul(0,Delta($low,20))))",704702162a6673b4ff03a7ad693fbb230939e3f662c2e3c675c15690ca3a909e,,bar_close_and_firstN_clock,[],remove_reversal_leg,cn_compositional_same_fields_firstn_path_v2,,"[""m1_first5_range"", ""low""]",,55256069f22165e470499f09df480e436ac544ac865b11cd6a02bdcd6f048cd9,True,"CSRank(Add(ZScore($m1_first5_range),Mul(0,Delta($low,20))))",8170f59302c1339bf96ba4b1,"[""low"", ""m1_first5_range""]",firstN relative strength predicts post-open reversal,uct_ucb_structural_search,cn_typed_compositional_grammar_v2,"[""PRIMARY"", ""INTERACTION_ONLY""]",True,True,,cn.comp.02166051383236380f95,firstN end timestamp,False,firstN end timestamp,4,MeanReversion,"[""root:CSRank"", ""root.CSRank[0]:Add"", ""root.CSRank[0].Add[0]:ZScore"", ""root.CSRank[0].Add[1]:Mul"", ""root.CSRank[0].Add[1].Mul[1]:Delta""]",cross_sectional,cn.pair.75ad82cb82acf017e72d3f2aa86b5e11,SAME_FULL_SHARD_UNIVERSE|SAME_TRADE_TIMES|SAME_SPLIT_ROLES|SAME_HORIZONS|SAME_SUPPORT_COORDINATES|SAME_PORTFOLIO_MODE|SAME_COST_ASSUMPTIONS,MAX_PRIMARY_CONTROL_MATURITY_BEFORE_SHARED_SUPPORT,CONTROL,PRIMARY_CONTROL_FINITE_INTERSECTION_AT_SHARED_COORDINATE,typed_compositional_grammar_v2,"[""cn.rep.a24282e2c82e94c62dab47348534b71d"", ""cn.rep.cffab69605863392df2947630fe915b4""]",False,RESOURCE_PREFLIGHT_32,FIRSTN_PATH,CN_COMPOSITIONAL_RESOURCE_PREFLIGHT,PRIMARY_SEARCH,1729,cn.comp.v2.firstn_path.relative_strength_reversal,"[""cn.sf.155ca942c67e3b7985fdca8bf70262e2"", ""cn.sf.a6a4a55efb5bb293d93ee0d9234226ad""]",,,stock-session after firstN maturity,ALLOW,"registry, PIT, unit, route, maturity, control and access contracts passed",,dimensionless-spread,False,CONTROL_NO_SEPARATE_VOTE
"[""development""]",False,cn.comp.0813b37e10a5faef3f0d,"Mul(ZScore($m1_first30_low),Persistence(Positive($vwap),5))",b3f52df732a439dac6a6906cc550ddbfff7585c0f9e6dc4deffde506d9fdaa51,,bar_close_and_firstN_clock,[],remove_persistence_leg,cn_compositional_same_fields_firstn_path_v2,,"[""m1_first30_low"", ""vwap""]",,9265b9f019089707981ea7aa2e03df9edd705f492577fbe7791fe094ee654d77,True,"Mul(ZScore($m1_first30_low),Persistence(Positive($vwap),5))",0f9878d42f3c1a82f011ed8e,"[""m1_first30_low"", ""vwap""]",opening imbalance persists through the early session,stratified_typed_random,cn_typed_compositional_grammar_v2,"[""PRIMARY"", ""INTERACTION_ONLY""]",False,True,,cn.comp.0813b37e10a5faef3f0d.control,firstN end timestamp,False,firstN end timestamp,4,SignedPath,"[""root:Mul"", ""root.Mul[0]:ZScore"", ""root.Mul[1]:Persistence"", ""root.Mul[1].Persistence[0]:Positive""]",cross_sectional,cn.pair.95b2d91dddf385eff8a56db079d9acb1,SAME_FULL_SHARD_UNIVERSE|SAME_TRADE_TIMES|SAME_SPLIT_ROLES|SAME_HORIZONS|SAME_SUPPORT_COORDINATES|SAME_PORTFOLIO_MODE|SAME_COST_ASSUMPTIONS,MAX_PRIMARY_CONTROL_MATURITY_BEFORE_SHARED_SUPPORT,PRIMARY,PRIMARY_CONTROL_FINITE_INTERSECTION_AT_SHARED_COORDINATE,typed_compositional_grammar_v2,"[""cn.rep.401739cfb148419e8911727a127eec19"", ""cn.rep.83d251a9f86f7e4fec75b8902aaa881b""]",False,RESOURCE_PREFLIGHT_32,FIRSTN_PATH,CN_COMPOSITIONAL_RESOURCE_PREFLIGHT,PRIMARY_SEARCH,2718,cn.comp.v2.firstn_path.opening_imbalance_persistence,"[""cn.sf.5c4146eff78a79f09b45b1f6f3362ca0"", ""cn.sf.b4279506efdad23a752311a627c7060d""]",,,stock-session after firstN maturity,ALLOW,"registry, PIT, unit, route, maturity, control and access contracts passed",,dimensionless-product,False,ONE_SUPPORT_UNIT_ONE_VOTE
"[""development""]",False,cn.comp.0813b37e10a5faef3f0d.control,"CSRank(Add(ZScore($m1_first30_low),Mul(0,Delta($vwap,5))))",2874e686149bd64c191db85a3a0ce8aa4b811907cf1e5853c8f6194963a008fa,,bar_close_and_firstN_clock,[],remove_persistence_leg,cn_compositional_same_fields_firstn_path_v2,,"[""m1_first30_low"", ""vwap""]",,ba28583ffd4cd6b356b32e354341d3de43365a7946d1b6008b0244dcaa65a1b2,True,"CSRank(Add(ZScore($m1_first30_low),Mul(0,Delta($vwap,5))))",3fdc6d32793750bd758cce8a,"[""m1_first30_low"", ""vwap""]",opening imbalance persists through the early session,stratified_typed_random,cn_typed_compositional_grammar_v2,"[""PRIMARY"", ""INTERACTION_ONLY""]",True,True,,cn.comp.0813b37e10a5faef3f0d,firstN end timestamp,False,firstN end timestamp,4,SignedPath,"[""root:CSRank"", ""root.CSRank[0]:Add"", ""root.CSRank[0].Add[0]:ZScore"", ""root.CSRank[0].Add[1]:Mul"", ""root.CSRank[0].Add[1].Mul[1]:Delta""]",cross_sectional,cn.pair.95b2d91dddf385eff8a56db079d9acb1,SAME_FULL_SHARD_UNIVERSE|SAME_TRADE_TIMES|SAME_SPLIT_ROLES|SAME_HORIZONS|SAME_SUPPORT_COORDINATES|SAME_PORTFOLIO_MODE|SAME_COST_ASSUMPTIONS,MAX_PRIMARY_CONTROL_MATURITY_BEFORE_SHARED_SUPPORT,CONTROL,PRIMARY_CONTROL_FINITE_INTERSECTION_AT_SHARED_COORDINATE,typed_compositional_grammar_v2,"[""cn.rep.401739cfb148419e8911727a127eec19"", ""cn.rep.83d251a9f86f7e4fec75b8902aaa881b""]",False,RESOURCE_PREFLIGHT_32,FIRSTN_PATH,CN_COMPOSITIONAL_RESOURCE_PREFLIGHT,PRIMARY_SEARCH,2718,cn.comp.v2.firstn_path.opening_imbalance_persistence,"[""cn.sf.5c4146eff78a79f09b45b1f6f3362ca0"", ""cn.sf.b4279506efdad23a752311a627c7060d""]",,,stock-session after firstN maturity,ALLOW,"registry, PIT, unit, route, maturity, control and access contracts passed",,dimensionless-product,False,CONTROL_NO_SEPARATE_VOTE
"[""development""]",False,cn.comp.008067510f2c70180937,"CSResidual(ZScore($m1_first30_amount),ZScore(Delta($close,20)))",b7b5adc5fe3215384d8b1bc33cd627379164735635d013274820199ab0102591,,bar_close_and_firstN_clock,[],remove_residualizer,cn_compositional_same_fields_firstn_path_v2,,"[""m1_first30_amount"", ""close""]",,7270d6a35559fbf8cf54b5ec40c9470e983ddbabf2338121b522dd911e6b2310,True,"CSResidual(ZScore($m1_first30_amount),ZScore(Delta($close,20)))",1504f28ca84a93ad3c2b7d48,"[""close"", ""m1_first30_amount""]",opening state has residual information beyond raw path,diversity_preserving_cem,cn_typed_compositional_grammar_v2,"[""PRIMARY"", ""INTERACTION_ONLY""]",False,True,,cn.comp.008067510f2c70180937.control,firstN end timestamp,False,firstN end timestamp,4,MeanReversion,"[""root:CSResidual"", ""root.CSResidual[0]:ZScore"", ""root.CSResidual[1]:ZScore"", ""root.CSResidual[1].ZScore[0]:Delta""]",cross_sectional,cn.pair.8c276c8c2e13a4769edfaf9b5fc8c7b4,SAME_FULL_SHARD_UNIVERSE|SAME_TRADE_TIMES|SAME_SPLIT_ROLES|SAME_HORIZONS|SAME_SUPPORT_COORDINATES|SAME_PORTFOLIO_MODE|SAME_COST_ASSUMPTIONS,MAX_PRIMARY_CONTROL_MATURITY_BEFORE_SHARED_SUPPORT,PRIMARY,PRIMARY_CONTROL_FINITE_INTERSECTION_AT_SHARED_COORDINATE,typed_compositional_grammar_v2,"[""cn.rep.f2107e4504bd106fcf3ccc678d1c96c8"", ""cn.rep.28171c479cd31113e37c2fa2a2aa5622""]",False,RESOURCE_PREFLIGHT_32,FIRSTN_PATH,CN_COMPOSITIONAL_RESOURCE_PREFLIGHT,PRIMARY_SEARCH,65537,cn.comp.v2.firstn_path.opening_state_residual,"[""cn.sf.d40f8f20500150cfff77216ced9c2922"", ""cn.sf.4071b949aa0b606dea3d5affdf12b126""]",,,stock-session after firstN maturity,ALLOW,"registry, PIT, unit, route, maturity, control and access contracts passed",,dimensionless-residual,False,ONE_SUPPORT_UNIT_ONE_VOTE
"[""development""]",False,cn.comp.008067510f2c70180937.control,"CSRank(Add(ZScore($m1_first30_amount),Mul(0,Delta($close,20))))",f59250537735e698210b87414eff3fb20302f070904fc00998d470190cc53841,,bar_close_and_firstN_clock,[],remove_residualizer,cn_compositional_same_fields_firstn_path_v2,,"[""m1_first30_amount"", ""close""]",,ed8ead7e4e20c57a547da238f5d05ecb260b3049783a024e75ad88d5affe6a8d,True,"CSRank(Add(ZScore($m1_first30_amount),Mul(0,Delta($close,20))))",b24ad4133119ac325a75ad6d,"[""close"", ""m1_first30_amount""]",opening state has residual information beyond raw path,diversity_preserving_cem,cn_typed_compositional_grammar_v2,"[""PRIMARY"", ""INTERACTION_ONLY""]",True,True,,cn.comp.008067510f2c70180937,firstN end timestamp,False,firstN end timestamp,4,MeanReversion,"[""root:CSRank"", ""root.CSRank[0]:Add"", ""root.CSRank[0].Add[0]:ZScore"", ""root.CSRank[0].Add[1]:Mul"", ""root.CSRank[0].Add[1].Mul[1]:Delta""]",cross_sectional,cn.pair.8c276c8c2e13a4769edfaf9b5fc8c7b4,SAME_FULL_SHARD_UNIVERSE|SAME_TRADE_TIMES|SAME_SPLIT_ROLES|SAME_HORIZONS|SAME_SUPPORT_COORDINATES|SAME_PORTFOLIO_MODE|SAME_COST_ASSUMPTIONS,MAX_PRIMARY_CONTROL_MATURITY_BEFORE_SHARED_SUPPORT,CONTROL,PRIMARY_CONTROL_FINITE_INTERSECTION_AT_SHARED_COORDINATE,typed_compositional_grammar_v2,"[""cn.rep.f2107e4504bd106fcf3ccc678d1c96c8"", ""cn.rep.28171c479cd31113e37c2fa2a2aa5622""]",False,RESOURCE_PREFLIGHT_32,FIRSTN_PATH,CN_COMPOSITIONAL_RESOURCE_PREFLIGHT,PRIMARY_SEARCH,65537,cn.comp.v2.firstn_path.opening_state_residual,"[""cn.sf.d40f8f20500150cfff77216ced9c2922"", ""cn.sf.4071b949aa0b606dea3d5affdf12b126""]",,,stock-session after firstN maturity,ALLOW,"registry, PIT, unit, route, maturity, control and access contracts passed",,dimensionless-residual,False,CONTROL_NO_SEPARATE_VOTE
"[""development""]",False,cn.comp.0157cddcc51c7971e8c0,"Mul(Persistence(Positive(Sign($ret_1m)),20),Sign($close))",a2ba66a3ecee85da2e138675a54914cdcab3ffffcc39e2b53bd13a13dfdf3782,state_bar_return_sign,conservative_bar_observable_transition,[],remove_persistence_leg,cn_compositional_same_fields_intraday_state_transition_v2,,"[""state_bar_return_sign"", ""close"", ""ret_1m""]",,edca41640a759469fd62d458d4e60ba79a4d25a49072c29ee6ca6e19439d63ae,True,"Mul(Persistence(Positive(Sign($ret_1m)),20),Sign($close))",49540a4812ca3c84b11b19df,"[""close"", ""ret_1m"", ""state_bar_return_sign""]",persistent transition differs from a transient one,diversity_preserving_cem,cn_typed_compositional_grammar_v2,"[""PRIMARY"", ""STATE_ONLY""]",False,True,,cn.comp.0157cddcc51c7971e8c0.control,transition bar close,False,state transition observable from conservative bar evidence,4,Transition,"[""root:Mul"", ""root.Mul[0]:Persistence"", ""root.Mul[0].Persistence[0]:Positive"", ""root.Mul[0].Persistence[0].Positive[0]:Sign"", ""root.Mul[1]:Sign""]",cross_sectional,cn.pair.705f4ebb77a0be4614c3672d2765984d,SAME_FULL_SHARD_UNIVERSE|SAME_TRADE_TIMES|SAME_SPLIT_ROLES|SAME_HORIZONS|SAME_SUPPORT_COORDINATES|SAME_PORTFOLIO_MODE|SAME_COST_ASSUMPTIONS,MAX_PRIMARY_CONTROL_MATURITY_BEFORE_SHARED_SUPPORT,PRIMARY,PRIMARY_CONTROL_FINITE_INTERSECTION_AT_SHARED_COORDINATE,typed_compositional_grammar_v2,"[""cn.rep.f2107e4504bd106fcf3ccc678d1c96c8"", ""cn.rep.92264a877f9fcf2b53483a2833631e12"", ""cn.rep.dfd0a1200ee1fb031cbc1045300a8e3f""]",False,RESOURCE_PREFLIGHT_32,INTRADAY_STATE_TRANSITION,CN_COMPOSITIONAL_RESOURCE_PREFLIGHT,PRIMARY_SEARCH,65537,cn.comp.v2.intraday_state_transition.transition_persistence,"[""cn.sf.d40f8f20500150cfff77216ced9c2922"", ""cn.sf.7ac67c3e2be8e149c3c02a4842c21173"", ""cn.sf.7ac67c3e2be8e149c3c02a4842c21173""]",Sign($ret_1m),stock-state episode,stock-state episode,ALLOW,"registry, PIT, unit, route, maturity, control and access contracts passed",,dimensionless-gated,False,ONE_SUPPORT_UNIT_ONE_VOTE
"[""development""]",False,cn.comp.0157cddcc51c7971e8c0.control,"CSRank(Add(ZScore(Delta($close,20)),Mul(0,Sign($ret_1m))))",781b4f463b25738bed7c82b971a6a0661edb9ddb30672cf14ea47a8d174292a0,state_bar_return_sign,conservative_bar_observable_transition,[],remove_persistence_leg,cn_compositional_same_fields_intraday_state_transition_v2,,"[""state_bar_return_sign"", ""close"", ""ret_1m""]",,3cdcac196ff0a7e27b8e8a3589f303ae05fb8b345e8e49dbe8ae5b33677077b6,True,"CSRank(Add(ZScore(Delta($close,20)),Mul(0,Sign($ret_1m))))",5b42cc5df9e2c45df2cf5fe5,"[""close"", ""ret_1m"", ""state_bar_return_sign""]",persistent transition differs from a transient one,diversity_preserving_cem,cn_typed_compositional_grammar_v2,"[""PRIMARY"", ""STATE_ONLY""]",True,True,,cn.comp.0157cddcc51c7971e8c0,transition bar close,False,state transition observable from conservative bar evidence,4,Transition,"[""root:CSRank"", ""root.CSRank[0]:Add"", ""root.CSRank[0].Add[0]:ZScore"", ""root.CSRank[0].Add[0].ZScore[0]:Delta"", ""root.CSRank[0].Add[1]:Mul"", ""root.CSRank[0].Add[1].Mul[1]:Sign""]",cross_sectional,cn.pair.705f4ebb77a0be4614c3672d2765984d,SAME_FULL_SHARD_UNIVERSE|SAME_TRADE_TIMES|SAME_SPLIT_ROLES|SAME_HORIZONS|SAME_SUPPORT_COORDINATES|SAME_PORTFOLIO_MODE|SAME_COST_ASSUMPTIONS,MAX_PRIMARY_CONTROL_MATURITY_BEFORE_SHARED_SUPPORT,CONTROL,PRIMARY_CONTROL_FINITE_INTERSECTION_AT_SHARED_COORDINATE,typed_compositional_grammar_v2,"[""cn.rep.f2107e4504bd106fcf3ccc678d1c96c8"", ""cn.rep.92264a877f9fcf2b53483a2833631e12"", ""cn.rep.dfd0a1200ee1fb031cbc1045300a8e3f""]",False,RESOURCE_PREFLIGHT_32,INTRADAY_STATE_TRANSITION,CN_COMPOSITIONAL_RESOURCE_PREFLIGHT,PRIMARY_SEARCH,65537,cn.comp.v2.intraday_state_transition.transition_persistence,"[""cn.sf.d40f8f20500150cfff77216ced9c2922"", ""cn.sf.7ac67c3e2be8e149c3c02a4842c21173"", ""cn.sf.7ac67c3e2be8e149c3c02a4842c21173""]",Sign($ret_1m),stock-state episode,stock-state episode,ALLOW,"registry, PIT, unit, route, maturity, control and access contracts passed",,dimensionless-gated,False,CONTROL_NO_SEPARATE_VOTE
"[""development""]",False,cn.comp.01ee73708199d579a925,"CSRank(Mul(Duration(Sign($intraday_ret_from_open)),Delta($volume,20)))",a2ff2c895fb63e8ffc950715de9d903341feae8cfe576d7a288b8b42df45017e,state_intraday_return_sign,conservative_bar_observable_transition,[],remove_duration_leg,cn_compositional_same_fields_intraday_state_transition_v2,,"[""state_intraday_return_sign"", ""volume"", ""intraday_ret_from_open""]",,30a7c901ec793d6575273d6fefb6a071bca2b6150ab90a8e3f72df41de82d0c7,True,"CSRank(Mul(Duration(Sign($intraday_ret_from_open)),Delta($volume,20)))",30e552ceabbef670e521d355,"[""intraday_ret_from_open"", ""state_intraday_return_sign"", ""volume""]",state duration changes payload interpretation,evolutionary_mutation,cn_typed_compositional_grammar_v2,"[""PRIMARY"", ""STATE_ONLY""]",False,True,,cn.comp.01ee73708199d579a925.control,transition bar close,False,state transition observable from conservative bar evidence,4,Duration,"[""root:CSRank"", ""root.CSRank[0]:Mul"", ""root.CSRank[0].Mul[0]:Duration"", ""root.CSRank[0].Mul[0].Duration[0]:Sign"", ""root.CSRank[0].Mul[1]:Delta""]",cross_sectional,cn.pair.ed19c2575dbb26727f37f1dffbfe0ee3,SAME_FULL_SHARD_UNIVERSE|SAME_TRADE_TIMES|SAME_SPLIT_ROLES|SAME_HORIZONS|SAME_SUPPORT_COORDINATES|SAME_PORTFOLIO_MODE|SAME_COST_ASSUMPTIONS,MAX_PRIMARY_CONTROL_MATURITY_BEFORE_SHARED_SUPPORT,PRIMARY,PRIMARY_CONTROL_FINITE_INTERSECTION_AT_SHARED_COORDINATE,typed_compositional_grammar_v2,"[""cn.rep.e96fb2c9f0d9da680687323d1fe0f6ae"", ""cn.rep.6a8433736b97fb018bf96165ffe34a83"", ""cn.rep.37586cc1d0f15ac15e1af9daacc3df48""]",False,RESOURCE_PREFLIGHT_32,INTRADAY_STATE_TRANSITION,CN_COMPOSITIONAL_RESOURCE_PREFLIGHT,PRIMARY_SEARCH,1729,cn.comp.v2.intraday_state_transition.duration_payload,"[""cn.sf.55ec8d1cbad581839da568b8db129b18"", ""cn.sf.55ec8d1cbad581839da568b8db129b18"", ""cn.sf.b3b8dd2f68bd26ca55a68c5e2e0561f4""]",Sign($intraday_ret_from_open),stock-state episode,stock-state episode,ALLOW,"registry, PIT, unit, route, maturity, control and access contracts passed",,dimensionless-product,False,ONE_SUPPORT_UNIT_ONE_VOTE
"[""development""]",False,cn.comp.01ee73708199d579a925.control,"CSRank(Add(ZScore(Delta($volume,20)),Mul(0,Sign($intraday_ret_from_open))))",a2c5851d14f7bfca7795dde1d15c0916bd80c7505f0f127a1299ef425c80319a,state_intraday_return_sign,conservative_bar_observable_transition,[],remove_duration_leg,cn_compositional_same_fields_intraday_state_transition_v2,,"[""state_intraday_return_sign"", ""volume"", ""intraday_ret_from_open""]",,1a7e8d680c9140ebe1a0a95f1c22def54f8bebed2c9c3a4a9f46c7220bf91bfa,True,"CSRank(Add(ZScore(Delta($volume,20)),Mul(0,Sign($intraday_ret_from_open))))",fc375da620a13106d5e88b9f,"[""intraday_ret_from_open"", ""state_intraday_return_sign"", ""volume""]",state duration changes payload interpretation,evolutionary_mutation,cn_typed_compositional_grammar_v2,"[""PRIMARY"", ""STATE_ONLY""]",True,True,,cn.comp.01ee73708199d579a925,transition bar close,False,state transition observable from conservative bar evidence,4,Duration,"[""root:CSRank"", ""root.CSRank[0]:Add"", ""root.CSRank[0].Add[0]:ZScore"", ""root.CSRank[0].Add[0].ZScore[0]:Delta"", ""root.CSRank[0].Add[1]:Mul"", ""root.CSRank[0].Add[1].Mul[1]:Sign""]",cross_sectional,cn.pair.ed19c2575dbb26727f37f1dffbfe0ee3,SAME_FULL_SHARD_UNIVERSE|SAME_TRADE_TIMES|SAME_SPLIT_ROLES|SAME_HORIZONS|SAME_SUPPORT_COORDINATES|SAME_PORTFOLIO_MODE|SAME_COST_ASSUMPTIONS,MAX_PRIMARY_CONTROL_MATURITY_BEFORE_SHARED_SUPPORT,CONTROL,PRIMARY_CONTROL_FINITE_INTERSECTION_AT_SHARED_COORDINATE,typed_compositional_grammar_v2,"[""cn.rep.e96fb2c9f0d9da680687323d1fe0f6ae"", ""cn.rep.6a8433736b97fb018bf96165ffe34a83"", ""cn.rep.37586cc1d0f15ac15e1af9daacc3df48""]",False,RESOURCE_PREFLIGHT_32,INTRADAY_STATE_TRANSITION,CN_COMPOSITIONAL_RESOURCE_PREFLIGHT,PRIMARY_SEARCH,1729,cn.comp.v2.intraday_state_transition.duration_payload,"[""cn.sf.55ec8d1cbad581839da568b8db129b18"", ""cn.sf.55ec8d1cbad581839da568b8db129b18"", ""cn.sf.b3b8dd2f68bd26ca55a68c5e2e0561f4""]",Sign($intraday_ret_from_open),stock-state episode,stock-state episode,ALLOW,"registry, PIT, unit, route, maturity, control and access contracts passed",,dimensionless-product,False,CONTROL_NO_SEPARATE_VOTE
"[""development""]",False,cn.comp.0500527600ac9cf79f59,"CSResidual(ZScore(Delta($low,20)),Sign($ret_1m))",0011b238be509d27a92822a6dcfe97292f4d7b271d2a78fa90d947cb0aae74f8,state_bar_return_sign,conservative_bar_observable_transition,[],remove_state_residualizer,cn_compositional_same_fields_intraday_state_transition_v2,,"[""state_bar_return_sign"", ""low"", ""ret_1m""]",,2c4f080fc6ba15d440407b6df8301f7bd411fc0322a16a0702b6c01474eecd50,True,"CSResidual(ZScore(Delta($low,20)),Sign($ret_1m))",3ac04f6ae19f2ba7ac4fae30,"[""low"", ""ret_1m"", ""state_bar_return_sign""]",payload retains information orthogonal to state,stratified_typed_random,cn_typed_compositional_grammar_v2,"[""PRIMARY"", ""STATE_ONLY""]",False,True,,cn.comp.0500527600ac9cf79f59.control,transition bar close,False,state transition observable from conservative bar evidence,4,StateResidual,"[""root:CSResidual"", ""root.CSResidual[0]:ZScore"", ""root.CSResidual[0].ZScore[0]:Delta"", ""root.CSResidual[1]:Sign""]",cross_sectional,cn.pair.ef9060d8c952810a7be37906fd423709,SAME_FULL_SHARD_UNIVERSE|SAME_TRADE_TIMES|SAME_SPLIT_ROLES|SAME_HORIZONS|SAME_SUPPORT_COORDINATES|SAME_PORTFOLIO_MODE|SAME_COST_ASSUMPTIONS,MAX_PRIMARY_CONTROL_MATURITY_BEFORE_SHARED_SUPPORT,PRIMARY,PRIMARY_CONTROL_FINITE_INTERSECTION_AT_SHARED_COORDINATE,typed_compositional_grammar_v2,"[""cn.rep.a24282e2c82e94c62dab47348534b71d"", ""cn.rep.92264a877f9fcf2b53483a2833631e12"", ""cn.rep.dfd0a1200ee1fb031cbc1045300a8e3f""]",False,RESOURCE_PREFLIGHT_32,INTRADAY_STATE_TRANSITION,CN_COMPOSITIONAL_RESOURCE_PREFLIGHT,PRIMARY_SEARCH,31415,cn.comp.v2.intraday_state_transition.state_residual,"[""cn.sf.155ca942c67e3b7985fdca8bf70262e2"", ""cn.sf.7ac67c3e2be8e149c3c02a4842c21173"", ""cn.sf.7ac67c3e2be8e149c3c02a4842c21173""]",Sign($ret_1m),stock-state episode,stock-state episode,ALLOW,"registry, PIT, unit, route, maturity, control and access contracts passed",,dimensionless-residual,False,ONE_SUPPORT_UNIT_ONE_VOTE
"[""development""]",False,cn.comp.0500527600ac9cf79f59.control,"CSRank(Add(ZScore(Delta($low,20)),Mul(0,Sign($ret_1m))))",fb8ed60f170b1a81f348e7b1654851ef5a6d9f8d17aaf7b1d8ab5b78b71fc2d1,state_bar_return_sign,conservative_bar_observable_transition,[],remove_state_residualizer,cn_compositional_same_fields_intraday_state_transition_v2,,"[""state_bar_return_sign"", ""low"", ""ret_1m""]",,17751c7d25f1e24bd2b7627157de083f96c8b812340b71ac0b00ba03cbd3cc38,True,"CSRank(Add(ZScore(Delta($low,20)),Mul(0,Sign($ret_1m))))",d613792c683c93895ed492a9,"[""low"", ""ret_1m"", ""state_bar_return_sign""]",payload retains information orthogonal to state,stratified_typed_random,cn_typed_compositional_grammar_v2,"[""PRIMARY"", ""STATE_ONLY""]",True,True,,cn.comp.0500527600ac9cf79f59,transition bar close,False,state transition observable from conservative bar evidence,4,StateResidual,"[""root:CSRank"", ""root.CSRank[0]:Add"", ""root.CSRank[0].Add[0]:ZScore"", ""root.CSRank[0].Add[0].ZScore[0]:Delta"", ""root.CSRank[0].Add[1]:Mul"", ""root.CSRank[0].Add[1].Mul[1]:Sign""]",cross_sectional,cn.pair.ef9060d8c952810a7be37906fd423709,SAME_FULL_SHARD_UNIVERSE|SAME_TRADE_TIMES|SAME_SPLIT_ROLES|SAME_HORIZONS|SAME_SUPPORT_COORDINATES|SAME_PORTFOLIO_MODE|SAME_COST_ASSUMPTIONS,MAX_PRIMARY_CONTROL_MATURITY_BEFORE_SHARED_SUPPORT,CONTROL,PRIMARY_CONTROL_FINITE_INTERSECTION_AT_SHARED_COORDINATE,typed_compositional_grammar_v2,"[""cn.rep.a24282e2c82e94c62dab47348534b71d"", ""cn.rep.92264a877f9fcf2b53483a2833631e12"", ""cn.rep.dfd0a1200ee1fb031cbc1045300a8e3f""]",False,RESOURCE_PREFLIGHT_32,INTRADAY_STATE_TRANSITION,CN_COMPOSITIONAL_RESOURCE_PREFLIGHT,PRIMARY_SEARCH,31415,cn.comp.v2.intraday_state_transition.state_residual,"[""cn.sf.155ca942c67e3b7985fdca8bf70262e2"", ""cn.sf.7ac67c3e2be8e149c3c02a4842c21173"", ""cn.sf.7ac67c3e2be8e149c3c02a4842c21173""]",Sign($ret_1m),stock-state episode,stock-state episode,ALLOW,"registry, PIT, unit, route, maturity, control and access contracts passed",,dimensionless-residual,False,CONTROL_NO_SEPARATE_VOTE
"[""development""]",False,cn.comp.0ddd8dfa965f95c62a1e,"CSRank(Mul(Sign($ret_1m),PathShape($volume,20)))",b4c98b4da959b1832b6cee766d892ae0481e2974b151a8013efb06a2eadb0e51,state_bar_return_sign,conservative_bar_observable_transition,[],remove_state_gate,cn_compositional_same_fields_intraday_state_transition_v2,,"[""state_bar_return_sign"", ""volume"", ""ret_1m""]",,e718a69e4e5a1b35f436c63f106cc25fd2822aa9a4416468d51c5ff2936be9f0,True,"CSRank(Mul(Sign($ret_1m),PathShape($volume,20)))",4b52988da4ace4b22058d0cf,"[""ret_1m"", ""state_bar_return_sign"", ""volume""]",state conditions the subsequent intraday path,uct_ucb_structural_search,cn_typed_compositional_grammar_v2,"[""PRIMARY"", ""STATE_ONLY""]",False,True,,cn.comp.0ddd8dfa965f95c62a1e.control,transition bar close,False,state transition observable from conservative bar evidence,4,ConditionedPath,"[""root:CSRank"", ""root.CSRank[0]:Mul"", ""root.CSRank[0].Mul[0]:Sign"", ""root.CSRank[0].Mul[1]:PathShape""]",cross_sectional,cn.pair.75d21f01c33bfd7941c10eddca8e5d31,SAME_FULL_SHARD_UNIVERSE|SAME_TRADE_TIMES|SAME_SPLIT_ROLES|SAME_HORIZONS|SAME_SUPPORT_COORDINATES|SAME_PORTFOLIO_MODE|SAME_COST_ASSUMPTIONS,MAX_PRIMARY_CONTROL_MATURITY_BEFORE_SHARED_SUPPORT,PRIMARY,PRIMARY_CONTROL_FINITE_INTERSECTION_AT_SHARED_COORDINATE,typed_compositional_grammar_v2,"[""cn.rep.92264a877f9fcf2b53483a2833631e12"", ""cn.rep.dfd0a1200ee1fb031cbc1045300a8e3f"", ""cn.rep.37586cc1d0f15ac15e1af9daacc3df48""]",False,RESOURCE_PREFLIGHT_32,INTRADAY_STATE_TRANSITION,CN_COMPOSITIONAL_RESOURCE_PREFLIGHT,PRIMARY_SEARCH,2718,cn.comp.v2.intraday_state_transition.conditioned_state_path,"[""cn.sf.7ac67c3e2be8e149c3c02a4842c21173"", ""cn.sf.7ac67c3e2be8e149c3c02a4842c21173"", ""cn.sf.b3b8dd2f68bd26ca55a68c5e2e0561f4""]",Sign($ret_1m),stock-state episode,stock-state episode,ALLOW,"registry, PIT, unit, route, maturity, control and access contracts passed",,dimensionless-gated,False,ONE_SUPPORT_UNIT_ONE_VOTE
"[""development""]",False,cn.comp.0ddd8dfa965f95c62a1e.control,"CSRank(Add(ZScore(Delta($volume,20)),Mul(0,Sign($ret_1m))))",426ebcd0a5b62469b0a777294a25aa6ae4e7d1dc0cb6179d36d9b476f1b45b07,state_bar_return_sign,conservative_bar_observable_transition,[],remove_state_gate,cn_compositional_same_fields_intraday_state_transition_v2,,"[""state_bar_return_sign"", ""volume"", ""ret_1m""]",,14ff50d419a76c54ccf7c5623be6e7e215b11eb7bf4af703eb5681491e580dbc,True,"CSRank(Add(ZScore(Delta($volume,20)),Mul(0,Sign($ret_1m))))",b0409e2aa9395192a141c277,"[""ret_1m"", ""state_bar_return_sign"", ""volume""]",state conditions the subsequent intraday path,uct_ucb_structural_search,cn_typed_compositional_grammar_v2,"[""PRIMARY"", ""STATE_ONLY""]",True,True,,cn.comp.0ddd8dfa965f95c62a1e,transition bar close,False,state transition observable from conservative bar evidence,4,ConditionedPath,"[""root:CSRank"", ""root.CSRank[0]:Add"", ""root.CSRank[0].Add[0]:ZScore"", ""root.CSRank[0].Add[0].ZScore[0]:Delta"", ""root.CSRank[0].Add[1]:Mul"", ""root.CSRank[0].Add[1].Mul[1]:Sign""]",cross_sectional,cn.pair.75d21f01c33bfd7941c10eddca8e5d31,SAME_FULL_SHARD_UNIVERSE|SAME_TRADE_TIMES|SAME_SPLIT_ROLES|SAME_HORIZONS|SAME_SUPPORT_COORDINATES|SAME_PORTFOLIO_MODE|SAME_COST_ASSUMPTIONS,MAX_PRIMARY_CONTROL_MATURITY_BEFORE_SHARED_SUPPORT,CONTROL,PRIMARY_CONTROL_FINITE_INTERSECTION_AT_SHARED_COORDINATE,typed_compositional_grammar_v2,"[""cn.rep.92264a877f9fcf2b53483a2833631e12"", ""cn.rep.dfd0a1200ee1fb031cbc1045300a8e3f"", ""cn.rep.37586cc1d0f15ac15e1af9daacc3df48""]",False,RESOURCE_PREFLIGHT_32,INTRADAY_STATE_TRANSITION,CN_COMPOSITIONAL_RESOURCE_PREFLIGHT,PRIMARY_SEARCH,2718,cn.comp.v2.intraday_state_transition.conditioned_state_path,"[""cn.sf.7ac67c3e2be8e149c3c02a4842c21173"", ""cn.sf.7ac67c3e2be8e149c3c02a4842c21173"", ""cn.sf.b3b8dd2f68bd26ca55a68c5e2e0561f4""]",Sign($ret_1m),stock-state episode,stock-state episode,ALLOW,"registry, PIT, unit, route, maturity, control and access contracts passed",,dimensionless-gated,False,CONTROL_NO_SEPARATE_VOTE
"[""development""]",False,cn.comp.0005b788298c74987f0e,"CSRank(Mul(PathShape($volume,5),Sign($ctx_sent_lb_h_num)))",e33ba0498e8a99a3576747af13f5742d9b707f5c5f232290f82286490d58d15b,,market_state_observable_at_or_before_payload,"[""ctx_sent_lb_h_num""]",remove_condition_gate,cn_compositional_same_fields_market_regime_condition_v2,False,"[""volume"", ""ctx_sent_lb_h_num""]",MARKET_CONDITIONED_STOCK_PAYLOAD,b1eb5f1bd7924f4b353f94f60d74cb4981fbd7a524b1f10955f5e7e1facd089c,True,"CSRank(Mul(PathShape($volume,5),Sign($ctx_sent_lb_h_num)))",a1a59cf27e2482ef9e158b86,"[""ctx_sent_lb_h_num"", ""volume""]",regime conditions the recent stock path,stratified_typed_random,cn_typed_compositional_grammar_v2,"[""PRIMARY"", ""CONDITION_ONLY""]",False,True,ONE_MARKET_TIME_BLOCK_ONE_VOTE,cn.comp.0005b788298c74987f0e.control,joint payload and regime maturity,False,state observable at or before candidate action time,4,ConditionGate,"[""root:CSRank"", ""root.CSRank[0]:Mul"", ""root.CSRank[0].Mul[0]:PathShape"", ""root.CSRank[0].Mul[1]:Sign""]",cross_sectional,cn.pair.f47f5d8a8baa3fd68c4985a6595c5ffb,SAME_FULL_SHARD_UNIVERSE|SAME_TRADE_TIMES|SAME_SPLIT_ROLES|SAME_HORIZONS|SAME_SUPPORT_COORDINATES|SAME_PORTFOLIO_MODE|SAME_COST_ASSUMPTIONS,MAX_PRIMARY_CONTROL_MATURITY_BEFORE_SHARED_SUPPORT,PRIMARY,PRIMARY_CONTROL_FINITE_INTERSECTION_AT_SHARED_COORDINATE,typed_compositional_grammar_v2,"[""cn.rep.0079975f16b8d8486b477d44d92d02f5"", ""cn.rep.37586cc1d0f15ac15e1af9daacc3df48""]",False,RESOURCE_PREFLIGHT_32,MARKET_REGIME_CONDITION,CN_COMPOSITIONAL_RESOURCE_PREFLIGHT,PRIMARY_SEARCH,31415,cn.comp.v2.market_regime_condition.regime_conditioned_path,"[""cn.sf.c87388e2593a51986835fa503cfec6b4"", ""cn.sf.b3b8dd2f68bd26ca55a68c5e2e0561f4""]",,,market-time block,ALLOW,"registry, PIT, unit, route, maturity, control and access contracts passed",,dimensionless-gated,False,ONE_SUPPORT_UNIT_ONE_VOTE
"[""development""]",False,cn.comp.0005b788298c74987f0e.control,"CSRank(Add(ZScore($volume),Mul(0,$ctx_sent_lb_h_num)))",553728c2ffd7a5ceddcd32682df1fc7532cd45a06d65e19f04a8d09eafd853bf,,market_state_observable_at_or_before_payload,"[""ctx_sent_lb_h_num""]",remove_condition_gate,cn_compositional_same_fields_market_regime_condition_v2,False,"[""volume"", ""ctx_sent_lb_h_num""]",MARKET_CONDITIONED_STOCK_PAYLOAD,e330a5694425271d469c806f94fb6616e6908d6e1e5568fc93b3d9045d112e80,True,"CSRank(Add(ZScore($volume),Mul(0,$ctx_sent_lb_h_num)))",f8625c486e9cb79cac59a8a2,"[""ctx_sent_lb_h_num"", ""volume""]",regime conditions the recent stock path,stratified_typed_random,cn_typed_compositional_grammar_v2,"[""PRIMARY"", ""CONDITION_ONLY""]",True,True,ONE_MARKET_TIME_BLOCK_ONE_VOTE,cn.comp.0005b788298c74987f0e,joint payload and regime maturity,False,state observable at or before candidate action time,4,ConditionGate,"[""root:CSRank"", ""root.CSRank[0]:Add"", ""root.CSRank[0].Add[0]:ZScore"", ""root.CSRank[0].Add[1]:Mul""]",cross_sectional,cn.pair.f47f5d8a8baa3fd68c4985a6595c5ffb,SAME_FULL_SHARD_UNIVERSE|SAME_TRADE_TIMES|SAME_SPLIT_ROLES|SAME_HORIZONS|SAME_SUPPORT_COORDINATES|SAME_PORTFOLIO_MODE|SAME_COST_ASSUMPTIONS,MAX_PRIMARY_CONTROL_MATURITY_BEFORE_SHARED_SUPPORT,CONTROL,PRIMARY_CONTROL_FINITE_INTERSECTION_AT_SHARED_COORDINATE,typed_compositional_grammar_v2,"[""cn.rep.0079975f16b8d8486b477d44d92d02f5"", ""cn.rep.37586cc1d0f15ac15e1af9daacc3df48""]",False,RESOURCE_PREFLIGHT_32,MARKET_REGIME_CONDITION,CN_COMPOSITIONAL_RESOURCE_PREFLIGHT,PRIMARY_SEARCH,31415,cn.comp.v2.market_regime_condition.regime_conditioned_path,"[""cn.sf.c87388e2593a51986835fa503cfec6b4"", ""cn.sf.b3b8dd2f68bd26ca55a68c5e2e0561f4""]",,,market-time block,ALLOW,"registry, PIT, unit, route, maturity, control and access contracts passed",,dimensionless-gated,False,CONTROL_NO_SEPARATE_VOTE
"[""development""]",False,cn.comp.001f11ed63fda7eff2f5,"CSRank(Sub(ZScore($amount),Mul(Sign($amount),Sign($ctx_sent_ditian_num))))",1ac0c65ce65565e0765773a4b6a8aa6d5c3b649706c8aa6bd23f57432ba3bf57,,market_state_observable_at_or_before_payload,"[""ctx_sent_ditian_num""]",remove_regime_residualizer,cn_compositional_same_fields_market_regime_condition_v2,False,"[""amount"", ""ctx_sent_ditian_num""]",MARKET_CONDITIONED_STOCK_PAYLOAD,47be8af9061bfb1701274b971379fa67d63415d4a125c679f3601cb9558b7086,True,"CSRank(Sub(ZScore($amount),Mul(Sign($amount),Sign($ctx_sent_ditian_num))))",ebeb3f997d0ef2b5f0c3350c,"[""amount"", ""ctx_sent_ditian_num""]",stock payload residual differs under regime,evolutionary_mutation,cn_typed_compositional_grammar_v2,"[""PRIMARY"", ""CONDITION_ONLY""]",False,True,ONE_MARKET_TIME_BLOCK_ONE_VOTE,cn.comp.001f11ed63fda7eff2f5.control,joint payload and regime maturity,False,state observable at or before candidate action time,4,RegimeInteraction,"[""root:CSRank"", ""root.CSRank[0]:Sub"", ""root.CSRank[0].Sub[0]:ZScore"", ""root.CSRank[0].Sub[1]:Mul"", ""root.CSRank[0].Sub[1].Mul[0]:Sign"", ""root.CSRank[0].Sub[1].Mul[1]:Sign""]",cross_sectional,cn.pair.8a25592e33bc8f54da043bd7116f2a6d,SAME_FULL_SHARD_UNIVERSE|SAME_TRADE_TIMES|SAME_SPLIT_ROLES|SAME_HORIZONS|SAME_SUPPORT_COORDINATES|SAME_PORTFOLIO_MODE|SAME_COST_ASSUMPTIONS,MAX_PRIMARY_CONTROL_MATURITY_BEFORE_SHARED_SUPPORT,PRIMARY,PRIMARY_CONTROL_FINITE_INTERSECTION_AT_SHARED_COORDINATE,typed_compositional_grammar_v2,"[""cn.rep.e1a6c7e4ed4d3bdd8b53a3bda3fa28d9"", ""cn.rep.a28d51ecedfc0f8e3f58a254aa9921b5""]",False,RESOURCE_PREFLIGHT_32,MARKET_REGIME_CONDITION,CN_COMPOSITIONAL_RESOURCE_PREFLIGHT,PRIMARY_SEARCH,1729,cn.comp.v2.market_regime_condition.payload_regime_residual,"[""cn.sf.621923f2d222470d1900a03583de5059"", ""cn.sf.08d4245a02b3a7cfe8383f49cf76ba2a""]",,,market-time block,ALLOW,"registry, PIT, unit, route, maturity, control and access contracts passed",,dimensionless-residual,False,ONE_SUPPORT_UNIT_ONE_VOTE
"[""development""]",False,cn.comp.001f11ed63fda7eff2f5.control,"CSRank(Add(ZScore($amount),Mul(0,$ctx_sent_ditian_num)))",130efa29954963366e5456353cf04f19eb8e0682e19e99127cbf076cc032bfd9,,market_state_observable_at_or_before_payload,"[""ctx_sent_ditian_num""]",remove_regime_residualizer,cn_compositional_same_fields_market_regime_condition_v2,False,"[""amount"", ""ctx_sent_ditian_num""]",MARKET_CONDITIONED_STOCK_PAYLOAD,89baf32ccd91607a58f5f4b56ef5490369c48be1cf99599d966b74e66c02a4dc,True,"CSRank(Add(ZScore($amount),Mul(0,$ctx_sent_ditian_num)))",3ca524aebf875a93802c44d0,"[""amount"", ""ctx_sent_ditian_num""]",stock payload residual differs under regime,evolutionary_mutation,cn_typed_compositional_grammar_v2,"[""PRIMARY"", ""CONDITION_ONLY""]",True,True,ONE_MARKET_TIME_BLOCK_ONE_VOTE,cn.comp.001f11ed63fda7eff2f5,joint payload and regime maturity,False,state observable at or before candidate action time,4,RegimeInteraction,"[""root:CSRank"", ""root.CSRank[0]:Add"", ""root.CSRank[0].Add[0]:ZScore"", ""root.CSRank[0].Add[1]:Mul""]",cross_sectional,cn.pair.8a25592e33bc8f54da043bd7116f2a6d,SAME_FULL_SHARD_UNIVERSE|SAME_TRADE_TIMES|SAME_SPLIT_ROLES|SAME_HORIZONS|SAME_SUPPORT_COORDINATES|SAME_PORTFOLIO_MODE|SAME_COST_ASSUMPTIONS,MAX_PRIMARY_CONTROL_MATURITY_BEFORE_SHARED_SUPPORT,CONTROL,PRIMARY_CONTROL_FINITE_INTERSECTION_AT_SHARED_COORDINATE,typed_compositional_grammar_v2,"[""cn.rep.e1a6c7e4ed4d3bdd8b53a3bda3fa28d9"", ""cn.rep.a28d51ecedfc0f8e3f58a254aa9921b5""]",False,RESOURCE_PREFLIGHT_32,MARKET_REGIME_CONDITION,CN_COMPOSITIONAL_RESOURCE_PREFLIGHT,PRIMARY_SEARCH,1729,cn.comp.v2.market_regime_condition.payload_regime_residual,"[""cn.sf.621923f2d222470d1900a03583de5059"", ""cn.sf.08d4245a02b3a7cfe8383f49cf76ba2a""]",,,market-time block,ALLOW,"registry, PIT, unit, route, maturity, control and access contracts passed",,dimensionless-residual,False,CONTROL_NO_SEPARATE_VOTE
"[""development""]",False,cn.comp.0025f568d532689ff3b9,"CSRank(Add(ZScore($amount_yuan),Mul(PathShape($amount_yuan,3),Sign($ctx_sent_down_num))))",616c8c98010c3eb605505bc65019ba20f95fd24306c1ca5dbbf21ec106a85816,,market_state_observable_at_or_before_payload,"[""ctx_sent_down_num""]",remove_persistence_gate,cn_compositional_same_fields_market_regime_condition_v2,False,"[""amount_yuan"", ""ctx_sent_down_num""]",MARKET_CONDITIONED_STOCK_PAYLOAD,c0e021fc689c9ff7c644106bb429717d6fb4426634676f0a978e93dbf4a7cc50,True,"CSRank(Add(ZScore($amount_yuan),Mul(PathShape($amount_yuan,3),Sign($ctx_sent_down_num))))",f4ad6789878d4a815045083d,"[""amount_yuan"", ""ctx_sent_down_num""]",persistent regime differs from transient state,uct_ucb_structural_search,cn_typed_compositional_grammar_v2,"[""PRIMARY"", ""CONDITION_ONLY""]",False,True,ONE_MARKET_TIME_BLOCK_ONE_VOTE,cn.comp.0025f568d532689ff3b9.control,joint payload and regime maturity,False,state observable at or before candidate action time,4,ConditionGate,"[""root:CSRank"", ""root.CSRank[0]:Add"", ""root.CSRank[0].Add[0]:ZScore"", ""root.CSRank[0].Add[1]:Mul"", ""root.CSRank[0].Add[1].Mul[0]:PathShape"", ""root.CSRank[0].Add[1].Mul[1]:Sign""]",cross_sectional,cn.pair.9269e46315f0bc97b2579e9cb10499df,SAME_FULL_SHARD_UNIVERSE|SAME_TRADE_TIMES|SAME_SPLIT_ROLES|SAME_HORIZONS|SAME_SUPPORT_COORDINATES|SAME_PORTFOLIO_MODE|SAME_COST_ASSUMPTIONS,MAX_PRIMARY_CONTROL_MATURITY_BEFORE_SHARED_SUPPORT,PRIMARY,PRIMARY_CONTROL_FINITE_INTERSECTION_AT_SHARED_COORDINATE,typed_compositional_grammar_v2,"[""cn.rep.2b9fb566603b549f272e5b36364ea811"", ""cn.rep.8a0bb21faa00b2b5594cadfda67ee5b1""]",False,RESOURCE_PREFLIGHT_32,MARKET_REGIME_CONDITION,CN_COMPOSITIONAL_RESOURCE_PREFLIGHT,PRIMARY_SEARCH,65537,cn.comp.v2.market_regime_condition.regime_persistence_gate,"[""cn.sf.dceb5c19b0a46f64c4a2954cf5620c18"", ""cn.sf.c5050c71558a5b5cc88417b64e8fbc9e""]",,,market-time block,ALLOW,"registry, PIT, unit, route, maturity, control and access contracts passed",,dimensionless-gated,False,ONE_SUPPORT_UNIT_ONE_VOTE
"[""development""]",False,cn.comp.0025f568d532689ff3b9.control,"CSRank(Add(ZScore($amount_yuan),Mul(0,$ctx_sent_down_num)))",88dca0f7c04d41d163145d8ff50cfd129fa2efe1a88ddfc4268c49248aa59e04,,market_state_observable_at_or_before_payload,"[""ctx_sent_down_num""]",remove_persistence_gate,cn_compositional_same_fields_market_regime_condition_v2,False,"[""amount_yuan"", ""ctx_sent_down_num""]",MARKET_CONDITIONED_STOCK_PAYLOAD,9853e5d919b128e03a8ec97a65ba2245530c070b70a42899c0c535b347786cdc,True,"CSRank(Add(ZScore($amount_yuan),Mul(0,$ctx_sent_down_num)))",fdcbf3c06b9d53744162e141,"[""amount_yuan"", ""ctx_sent_down_num""]",persistent regime differs from transient state,uct_ucb_structural_search,cn_typed_compositional_grammar_v2,"[""PRIMARY"", ""CONDITION_ONLY""]",True,True,ONE_MARKET_TIME_BLOCK_ONE_VOTE,cn.comp.0025f568d532689ff3b9,joint payload and regime maturity,False,state observable at or before candidate action time,4,ConditionGate,"[""root:CSRank"", ""root.CSRank[0]:Add"", ""root.CSRank[0].Add[0]:ZScore"", ""root.CSRank[0].Add[1]:Mul""]",cross_sectional,cn.pair.9269e46315f0bc97b2579e9cb10499df,SAME_FULL_SHARD_UNIVERSE|SAME_TRADE_TIMES|SAME_SPLIT_ROLES|SAME_HORIZONS|SAME_SUPPORT_COORDINATES|SAME_PORTFOLIO_MODE|SAME_COST_ASSUMPTIONS,MAX_PRIMARY_CONTROL_MATURITY_BEFORE_SHARED_SUPPORT,CONTROL,PRIMARY_CONTROL_FINITE_INTERSECTION_AT_SHARED_COORDINATE,typed_compositional_grammar_v2,"[""cn.rep.2b9fb566603b549f272e5b36364ea811"", ""cn.rep.8a0bb21faa00b2b5594cadfda67ee5b1""]",False,RESOURCE_PREFLIGHT_32,MARKET_REGIME_CONDITION,CN_COMPOSITIONAL_RESOURCE_PREFLIGHT,PRIMARY_SEARCH,65537,cn.comp.v2.market_regime_condition.regime_persistence_gate,"[""cn.sf.dceb5c19b0a46f64c4a2954cf5620c18"", ""cn.sf.c5050c71558a5b5cc88417b64e8fbc9e""]",,,market-time block,ALLOW,"registry, PIT, unit, route, maturity, control and access contracts passed",,dimensionless-gated,False,CONTROL_NO_SEPARATE_VOTE
"[""development""]",False,cn.comp.035e1306d1ca020f3c84,"CSRank(Mul(Sign($amount_yuan),Persistence(Positive($ctx_sent_uplimit_num),10)))",149ba344f567a7bba9617358cd934da4716f9a879ecb98382d7dc839e1b6b1e4,,market_state_observable_at_or_before_payload,"[""ctx_sent_uplimit_num""]",remove_maturity_gate,cn_compositional_same_fields_market_regime_condition_v2,False,"[""amount_yuan"", ""ctx_sent_uplimit_num""]",MARKET_CONDITIONED_STOCK_PAYLOAD,3764068cd3d6ee3c56c04a601ab7185043ecebef4854643191938a816ef45fde,True,"CSRank(Mul(Sign($amount_yuan),Persistence(Positive($ctx_sent_uplimit_num),10)))",616396abb840c2b313f4ebaa,"[""amount_yuan"", ""ctx_sent_uplimit_num""]",mature regime state modulates stock payload,diversity_preserving_cem,cn_typed_compositional_grammar_v2,"[""PRIMARY"", ""CONDITION_ONLY""]",False,True,ONE_MARKET_TIME_BLOCK_ONE_VOTE,cn.comp.035e1306d1ca020f3c84.control,joint payload and regime maturity,False,state observable at or before candidate action time,4,StateAge,"[""root:CSRank"", ""root.CSRank[0]:Mul"", ""root.CSRank[0].Mul[0]:Sign"", ""root.CSRank[0].Mul[1]:Persistence"", ""root.CSRank[0].Mul[1].Persistence[0]:Positive""]",cross_sectional,cn.pair.9454e12b3def25fac7a30d9e39ff277e,SAME_FULL_SHARD_UNIVERSE|SAME_TRADE_TIMES|SAME_SPLIT_ROLES|SAME_HORIZONS|SAME_SUPPORT_COORDINATES|SAME_PORTFOLIO_MODE|SAME_COST_ASSUMPTIONS,MAX_PRIMARY_CONTROL_MATURITY_BEFORE_SHARED_SUPPORT,PRIMARY,PRIMARY_CONTROL_FINITE_INTERSECTION_AT_SHARED_COORDINATE,typed_compositional_grammar_v2,"[""cn.rep.2b9fb566603b549f272e5b36364ea811"", ""cn.rep.150861d5fd9022426bb203e30c3e1e6a""]",False,RESOURCE_PREFLIGHT_32,MARKET_REGIME_CONDITION,CN_COMPOSITIONAL_RESOURCE_PREFLIGHT,PRIMARY_SEARCH,2718,cn.comp.v2.market_regime_condition.regime_maturity_payload,"[""cn.sf.dceb5c19b0a46f64c4a2954cf5620c18"", ""cn.sf.dd75e56d8855a9c47293f6855726261a""]",,,market-time block,ALLOW,"registry, PIT, unit, route, maturity, control and access contracts passed",,dimensionless-gated,False,ONE_SUPPORT_UNIT_ONE_VOTE
"[""development""]",False,cn.comp.035e1306d1ca020f3c84.control,"CSRank(Add(ZScore($amount_yuan),Mul(0,$ctx_sent_uplimit_num)))",159da517cde8ff10f81e6daf31ee1dc19c27e06c6fa3f82a1a1d674707933304,,market_state_observable_at_or_before_payload,"[""ctx_sent_uplimit_num""]",remove_maturity_gate,cn_compositional_same_fields_market_regime_condition_v2,False,"[""amount_yuan"", ""ctx_sent_uplimit_num""]",MARKET_CONDITIONED_STOCK_PAYLOAD,0fbf55e41a5cde440f7dac15b7978ba04902b04d35bb6759cb075e2d752421a0,True,"CSRank(Add(ZScore($amount_yuan),Mul(0,$ctx_sent_uplimit_num)))",163747586b925b537e0c49b4,"[""amount_yuan"", ""ctx_sent_uplimit_num""]",mature regime state modulates stock payload,diversity_preserving_cem,cn_typed_compositional_grammar_v2,"[""PRIMARY"", ""CONDITION_ONLY""]",True,True,ONE_MARKET_TIME_BLOCK_ONE_VOTE,cn.comp.035e1306d1ca020f3c84,joint payload and regime maturity,False,state observable at or before candidate action time,4,StateAge,"[""root:CSRank"", ""root.CSRank[0]:Add"", ""root.CSRank[0].Add[0]:ZScore"", ""root.CSRank[0].Add[1]:Mul""]",cross_sectional,cn.pair.9454e12b3def25fac7a30d9e39ff277e,SAME_FULL_SHARD_UNIVERSE|SAME_TRADE_TIMES|SAME_SPLIT_ROLES|SAME_HORIZONS|SAME_SUPPORT_COORDINATES|SAME_PORTFOLIO_MODE|SAME_COST_ASSUMPTIONS,MAX_PRIMARY_CONTROL_MATURITY_BEFORE_SHARED_SUPPORT,CONTROL,PRIMARY_CONTROL_FINITE_INTERSECTION_AT_SHARED_COORDINATE,typed_compositional_grammar_v2,"[""cn.rep.2b9fb566603b549f272e5b36364ea811"", ""cn.rep.150861d5fd9022426bb203e30c3e1e6a""]",False,RESOURCE_PREFLIGHT_32,MARKET_REGIME_CONDITION,CN_COMPOSITIONAL_RESOURCE_PREFLIGHT,PRIMARY_SEARCH,2718,cn.comp.v2.market_regime_condition.regime_maturity_payload,"[""cn.sf.dceb5c19b0a46f64c4a2954cf5620c18"", ""cn.sf.dd75e56d8855a9c47293f6855726261a""]",,,market-time block,ALLOW,"registry, PIT, unit, route, maturity, control and access contracts passed",,dimensionless-gated,False,CONTROL_NO_SEPARATE_VOTE
"[""development""]",False,cn.comp.004d92e1acb484600e52,"CSRank(Mul(ZScore($low),ZScore($amount_yuan)))",9d5329a6872f64b75869a3b6df3a9fbfdabc9318366eb031de3dca7118bc799f,,bar_close,[],remove_interaction,cn_compositional_same_fields_minute_static_v2,,"[""low"", ""amount_yuan""]",,14a359e2a8a8c53fffca068a52b5f277de4b22f431512719007614f03ea304f1,True,"CSRank(Mul(ZScore($low),ZScore($amount_yuan)))",cb1219c9a2604c1d58d21139,"[""amount_yuan"", ""low""]",price and volume state interact nonlinearly,stratified_typed_random,cn_typed_compositional_grammar_v2,"[""PRIMARY"", ""INTERACTION_ONLY""]",False,True,,cn.comp.004d92e1acb484600e52.control,bar_close,False,bar_close,4,Arithmetic,"[""root:CSRank"", ""root.CSRank[0]:Mul"", ""root.CSRank[0].Mul[0]:ZScore"", ""root.CSRank[0].Mul[1]:ZScore""]",cross_sectional,cn.pair.fc767527ff61198f1678fb157ea77d08,SAME_FULL_SHARD_UNIVERSE|SAME_TRADE_TIMES|SAME_SPLIT_ROLES|SAME_HORIZONS|SAME_SUPPORT_COORDINATES|SAME_PORTFOLIO_MODE|SAME_COST_ASSUMPTIONS,MAX_PRIMARY_CONTROL_MATURITY_BEFORE_SHARED_SUPPORT,PRIMARY,PRIMARY_CONTROL_FINITE_INTERSECTION_AT_SHARED_COORDINATE,typed_compositional_grammar_v2,"[""cn.rep.2b9fb566603b549f272e5b36364ea811"", ""cn.rep.a24282e2c82e94c62dab47348534b71d""]",False,RESOURCE_PREFLIGHT_32,MINUTE_STATIC,CN_COMPOSITIONAL_RESOURCE_PREFLIGHT,PRIMARY_SEARCH,65537,cn.comp.v2.minute_static.price_volume_interaction,"[""cn.sf.dceb5c19b0a46f64c4a2954cf5620c18"", ""cn.sf.155ca942c67e3b7985fdca8bf70262e2""]",,,stock-minute cross-section,ALLOW,"registry, PIT, unit, route, maturity, control and access contracts passed",,dimensionless-product,False,ONE_SUPPORT_UNIT_ONE_VOTE
"[""development""]",False,cn.comp.004d92e1acb484600e52.control,"CSRank(Add(ZScore($low),Mul(0,ZScore($amount_yuan))))",e0aced0c88f3fc43da3287a39000267fe616621011f7b6f61f7128e877314179,,bar_close,[],remove_interaction,cn_compositional_same_fields_minute_static_v2,,"[""low"", ""amount_yuan""]",,95cdcd78ccc5cfdc2db9986db845d8eb92767c74f83de9bb837a8dac4fe118f3,True,"CSRank(Add(ZScore($low),Mul(0,ZScore($amount_yuan))))",34b781fc8c20e464e637304a,"[""amount_yuan"", ""low""]",price and volume state interact nonlinearly,stratified_typed_random,cn_typed_compositional_grammar_v2,"[""PRIMARY"", ""INTERACTION_ONLY""]",True,True,,cn.comp.004d92e1acb484600e52,bar_close,False,bar_close,4,Arithmetic,"[""root:CSRank"", ""root.CSRank[0]:Add"", ""root.CSRank[0].Add[0]:ZScore"", ""root.CSRank[0].Add[1]:Mul"", ""root.CSRank[0].Add[1].Mul[1]:ZScore""]",cross_sectional,cn.pair.fc767527ff61198f1678fb157ea77d08,SAME_FULL_SHARD_UNIVERSE|SAME_TRADE_TIMES|SAME_SPLIT_ROLES|SAME_HORIZONS|SAME_SUPPORT_COORDINATES|SAME_PORTFOLIO_MODE|SAME_COST_ASSUMPTIONS,MAX_PRIMARY_CONTROL_MATURITY_BEFORE_SHARED_SUPPORT,CONTROL,PRIMARY_CONTROL_FINITE_INTERSECTION_AT_SHARED_COORDINATE,typed_compositional_grammar_v2,"[""cn.rep.2b9fb566603b549f272e5b36364ea811"", ""cn.rep.a24282e2c82e94c62dab47348534b71d""]",False,RESOURCE_PREFLIGHT_32,MINUTE_STATIC,CN_COMPOSITIONAL_RESOURCE_PREFLIGHT,PRIMARY_SEARCH,65537,cn.comp.v2.minute_static.price_volume_interaction,"[""cn.sf.dceb5c19b0a46f64c4a2954cf5620c18"", ""cn.sf.155ca942c67e3b7985fdca8bf70262e2""]",,,stock-minute cross-section,ALLOW,"registry, PIT, unit, route, maturity, control and access contracts passed",,dimensionless-product,False,CONTROL_NO_SEPARATE_VOTE
"[""development""]",False,cn.comp.008283c6a2fccb93edb2,"CSRank(Mul(Sign($close),Abs(ZScore($vwap))))",cd338fe8e61510ce7e965af6e478f0321d262f17b5ca813b8a000e278a3b4d71,,bar_close,[],remove_magnitude_leg,cn_compositional_same_fields_minute_static_v2,,"[""close"", ""vwap""]",,013c0b34f056699b2b422419363c21e78784ad816e055002f832abde4d25f983,True,"CSRank(Mul(Sign($close),Abs(ZScore($vwap))))",5d572245c7509f2489d8a3ef,"[""close"", ""vwap""]",magnitude and signed state jointly matter,uct_ucb_structural_search,cn_typed_compositional_grammar_v2,"[""PRIMARY"", ""INTERACTION_ONLY""]",False,True,,cn.comp.008283c6a2fccb93edb2.control,bar_close,False,bar_close,4,Arithmetic,"[""root:CSRank"", ""root.CSRank[0]:Mul"", ""root.CSRank[0].Mul[0]:Sign"", ""root.CSRank[0].Mul[1]:Abs"", ""root.CSRank[0].Mul[1].Abs[0]:ZScore""]",cross_sectional,cn.pair.8988969e2367209cc9db2b565d9e4d85,SAME_FULL_SHARD_UNIVERSE|SAME_TRADE_TIMES|SAME_SPLIT_ROLES|SAME_HORIZONS|SAME_SUPPORT_COORDINATES|SAME_PORTFOLIO_MODE|SAME_COST_ASSUMPTIONS,MAX_PRIMARY_CONTROL_MATURITY_BEFORE_SHARED_SUPPORT,PRIMARY,PRIMARY_CONTROL_FINITE_INTERSECTION_AT_SHARED_COORDINATE,typed_compositional_grammar_v2,"[""cn.rep.f2107e4504bd106fcf3ccc678d1c96c8"", ""cn.rep.83d251a9f86f7e4fec75b8902aaa881b""]",False,RESOURCE_PREFLIGHT_32,MINUTE_STATIC,CN_COMPOSITIONAL_RESOURCE_PREFLIGHT,PRIMARY_SEARCH,2718,cn.comp.v2.minute_static.absolute_state_interaction,"[""cn.sf.d40f8f20500150cfff77216ced9c2922"", ""cn.sf.b4279506efdad23a752311a627c7060d""]",,,stock-minute cross-section,ALLOW,"registry, PIT, unit, route, maturity, control and access contracts passed",,dimensionless-product,False,ONE_SUPPORT_UNIT_ONE_VOTE
"[""development""]",False,cn.comp.008283c6a2fccb93edb2.control,"CSRank(Add(ZScore($close),Mul(0,ZScore($vwap))))",ba417e35007ee3571595b820a31abd2079ccfa35a88e0d6953b1eea3fb572327,,bar_close,[],remove_magnitude_leg,cn_compositional_same_fields_minute_static_v2,,"[""close"", ""vwap""]",,55f679a2ffe668f1a5c00210f51625232864ed5c2bea12695067a59e2e61e598,True,"CSRank(Add(ZScore($close),Mul(0,ZScore($vwap))))",a240c0697a8fe9198fdaf98f,"[""close"", ""vwap""]",magnitude and signed state jointly matter,uct_ucb_structural_search,cn_typed_compositional_grammar_v2,"[""PRIMARY"", ""INTERACTION_ONLY""]",True,True,,cn.comp.008283c6a2fccb93edb2,bar_close,False,bar_close,4,Arithmetic,"[""root:CSRank"", ""root.CSRank[0]:Add"", ""root.CSRank[0].Add[0]:ZScore"", ""root.CSRank[0].Add[1]:Mul"", ""root.CSRank[0].Add[1].Mul[1]:ZScore""]",cross_sectional,cn.pair.8988969e2367209cc9db2b565d9e4d85,SAME_FULL_SHARD_UNIVERSE|SAME_TRADE_TIMES|SAME_SPLIT_ROLES|SAME_HORIZONS|SAME_SUPPORT_COORDINATES|SAME_PORTFOLIO_MODE|SAME_COST_ASSUMPTIONS,MAX_PRIMARY_CONTROL_MATURITY_BEFORE_SHARED_SUPPORT,CONTROL,PRIMARY_CONTROL_FINITE_INTERSECTION_AT_SHARED_COORDINATE,typed_compositional_grammar_v2,"[""cn.rep.f2107e4504bd106fcf3ccc678d1c96c8"", ""cn.rep.83d251a9f86f7e4fec75b8902aaa881b""]",False,RESOURCE_PREFLIGHT_32,MINUTE_STATIC,CN_COMPOSITIONAL_RESOURCE_PREFLIGHT,PRIMARY_SEARCH,2718,cn.comp.v2.minute_static.absolute_state_interaction,"[""cn.sf.d40f8f20500150cfff77216ced9c2922"", ""cn.sf.b4279506efdad23a752311a627c7060d""]",,,stock-minute cross-section,ALLOW,"registry, PIT, unit, route, maturity, control and access contracts passed",,dimensionless-product,False,CONTROL_NO_SEPARATE_VOTE
"[""development""]",False,cn.comp.010176cebda604991de2,"CSRank(Sub(Abs(ZScore($open)),Abs(ZScore($volume))))",dc2c01e357a84644c0122071f4144861f9f20a6b81f8c735d9f3c2d5cd9aeb44,,bar_close,[],remove_dispersion_leg,cn_compositional_same_fields_minute_static_v2,,"[""open"", ""volume""]",,527e885acb273c9091e1d47ee4f73b1a251992a3c743f918fd614a74d2ff1881,True,"CSRank(Sub(Abs(ZScore($open)),Abs(ZScore($volume))))",9eb43f08d8caa4182299a239,"[""open"", ""volume""]",cross-sectional dispersion changes the meaning of level,evolutionary_mutation,cn_typed_compositional_grammar_v2,"[""PRIMARY"", ""INTERACTION_ONLY""]",False,True,,cn.comp.010176cebda604991de2.control,bar_close,False,bar_close,4,Arithmetic,"[""root:CSRank"", ""root.CSRank[0]:Sub"", ""root.CSRank[0].Sub[0]:Abs"", ""root.CSRank[0].Sub[0].Abs[0]:ZScore"", ""root.CSRank[0].Sub[1]:Abs"", ""root.CSRank[0].Sub[1].Abs[0]:ZScore""]",cross_sectional,cn.pair.3e7dbbfd8518998c10e75340fc4460b5,SAME_FULL_SHARD_UNIVERSE|SAME_TRADE_TIMES|SAME_SPLIT_ROLES|SAME_HORIZONS|SAME_SUPPORT_COORDINATES|SAME_PORTFOLIO_MODE|SAME_COST_ASSUMPTIONS,MAX_PRIMARY_CONTROL_MATURITY_BEFORE_SHARED_SUPPORT,PRIMARY,PRIMARY_CONTROL_FINITE_INTERSECTION_AT_SHARED_COORDINATE,typed_compositional_grammar_v2,"[""cn.rep.362dc88da85c2046f132f83ef9d76bc8"", ""cn.rep.37586cc1d0f15ac15e1af9daacc3df48""]",False,RESOURCE_PREFLIGHT_32,MINUTE_STATIC,CN_COMPOSITIONAL_RESOURCE_PREFLIGHT,PRIMARY_SEARCH,1729,cn.comp.v2.minute_static.dispersion_interaction,"[""cn.sf.0fddf97283d443a785620454f62c6abd"", ""cn.sf.b3b8dd2f68bd26ca55a68c5e2e0561f4""]",,,stock-minute cross-section,ALLOW,"registry, PIT, unit, route, maturity, control and access contracts passed",,dimensionless-product,False,ONE_SUPPORT_UNIT_ONE_VOTE
"[""development""]",False,cn.comp.010176cebda604991de2.control,"CSRank(Add(ZScore($open),Mul(0,ZScore($volume))))",43850264f050315273a486de65d575af1d2ce1d29d886ec008b5baa8c1e131e6,,bar_close,[],remove_dispersion_leg,cn_compositional_same_fields_minute_static_v2,,"[""open"", ""volume""]",,cda9a240abbd0c993ab00531c9003947a1c4772f3c704bdefee49eac1775e128,True,"CSRank(Add(ZScore($open),Mul(0,ZScore($volume))))",1c86c8c24727e470dcf7ff25,"[""open"", ""volume""]",cross-sectional dispersion changes the meaning of level,evolutionary_mutation,cn_typed_compositional_grammar_v2,"[""PRIMARY"", ""INTERACTION_ONLY""]",True,True,,cn.comp.010176cebda604991de2,bar_close,False,bar_close,4,Arithmetic,"[""root:CSRank"", ""root.CSRank[0]:Add"", ""root.CSRank[0].Add[0]:ZScore"", ""root.CSRank[0].Add[1]:Mul"", ""root.CSRank[0].Add[1].Mul[1]:ZScore""]",cross_sectional,cn.pair.3e7dbbfd8518998c10e75340fc4460b5,SAME_FULL_SHARD_UNIVERSE|SAME_TRADE_TIMES|SAME_SPLIT_ROLES|SAME_HORIZONS|SAME_SUPPORT_COORDINATES|SAME_PORTFOLIO_MODE|SAME_COST_ASSUMPTIONS,MAX_PRIMARY_CONTROL_MATURITY_BEFORE_SHARED_SUPPORT,CONTROL,PRIMARY_CONTROL_FINITE_INTERSECTION_AT_SHARED_COORDINATE,typed_compositional_grammar_v2,"[""cn.rep.362dc88da85c2046f132f83ef9d76bc8"", ""cn.rep.37586cc1d0f15ac15e1af9daacc3df48""]",False,RESOURCE_PREFLIGHT_32,MINUTE_STATIC,CN_COMPOSITIONAL_RESOURCE_PREFLIGHT,PRIMARY_SEARCH,1729,cn.comp.v2.minute_static.dispersion_interaction,"[""cn.sf.0fddf97283d443a785620454f62c6abd"", ""cn.sf.b3b8dd2f68bd26ca55a68c5e2e0561f4""]",,,stock-minute cross-section,ALLOW,"registry, PIT, unit, route, maturity, control and access contracts passed",,dimensionless-product,False,CONTROL_NO_SEPARATE_VOTE
"[""development""]",False,cn.comp.085cf4ce3d4f08caedc7,"CSRank(Sub(ZScore($intraday_ret_from_open),ZScore($vwap)))",818da2b06baf61ecfb77b60d407fe4e258d5351e567d96fc679baee90fc6b794,,bar_close,[],remove_secondary_spread,cn_compositional_same_fields_minute_static_v2,,"[""intraday_ret_from_open"", ""vwap""]",,fa41c832e3c71e7e0f06cebda556f4c0a0c0dbe4caaa84718fee5bd409b02ce0,True,"CSRank(Sub(ZScore($intraday_ret_from_open),ZScore($vwap)))",e03bb69c3ee8a9d2f27b96cd,"[""intraday_ret_from_open"", ""vwap""]",normalized field spread captures relative dislocation,diversity_preserving_cem,cn_typed_compositional_grammar_v2,"[""PRIMARY"", ""INTERACTION_ONLY""]",False,True,,cn.comp.085cf4ce3d4f08caedc7.control,bar_close,False,bar_close,4,Arithmetic,"[""root:CSRank"", ""root.CSRank[0]:Sub"", ""root.CSRank[0].Sub[0]:ZScore"", ""root.CSRank[0].Sub[1]:ZScore""]",cross_sectional,cn.pair.b0b85227569ad32e01765094ac3e32e4,SAME_FULL_SHARD_UNIVERSE|SAME_TRADE_TIMES|SAME_SPLIT_ROLES|SAME_HORIZONS|SAME_SUPPORT_COORDINATES|SAME_PORTFOLIO_MODE|SAME_COST_ASSUMPTIONS,MAX_PRIMARY_CONTROL_MATURITY_BEFORE_SHARED_SUPPORT,PRIMARY,PRIMARY_CONTROL_FINITE_INTERSECTION_AT_SHARED_COORDINATE,typed_compositional_grammar_v2,"[""cn.rep.e96fb2c9f0d9da680687323d1fe0f6ae"", ""cn.rep.83d251a9f86f7e4fec75b8902aaa881b""]",False,RESOURCE_PREFLIGHT_32,MINUTE_STATIC,CN_COMPOSITIONAL_RESOURCE_PREFLIGHT,PRIMARY_SEARCH,31415,cn.comp.v2.minute_static.field_spread,"[""cn.sf.55ec8d1cbad581839da568b8db129b18"", ""cn.sf.b4279506efdad23a752311a627c7060d""]",,,stock-minute cross-section,ALLOW,"registry, PIT, unit, route, maturity, control and access contracts passed",,dimensionless-minus-dimensionless,False,ONE_SUPPORT_UNIT_ONE_VOTE
"[""development""]",False,cn.comp.085cf4ce3d4f08caedc7.control,"CSRank(Add(ZScore($intraday_ret_from_open),Mul(0,ZScore($vwap))))",065587bb976f0e198a49968d52a07a3d20257e69fa34a6dbb991eb5e92e9bec1,,bar_close,[],remove_secondary_spread,cn_compositional_same_fields_minute_static_v2,,"[""intraday_ret_from_open"", ""vwap""]",,62a0c082b3fc506832400213981c55e4a14f443828d93d893d8b1e0c1169d64d,True,"CSRank(Add(ZScore($intraday_ret_from_open),Mul(0,ZScore($vwap))))",3fe0770ea2d407695e139419,"[""intraday_ret_from_open"", ""vwap""]",normalized field spread captures relative dislocation,diversity_preserving_cem,cn_typed_compositional_grammar_v2,"[""PRIMARY"", ""INTERACTION_ONLY""]",True,True,,cn.comp.085cf4ce3d4f08caedc7,bar_close,False,bar_close,4,Arithmetic,"[""root:CSRank"", ""root.CSRank[0]:Add"", ""root.CSRank[0].Add[0]:ZScore"", ""root.CSRank[0].Add[1]:Mul"", ""root.CSRank[0].Add[1].Mul[1]:ZScore""]",cross_sectional,cn.pair.b0b85227569ad32e01765094ac3e32e4,SAME_FULL_SHARD_UNIVERSE|SAME_TRADE_TIMES|SAME_SPLIT_ROLES|SAME_HORIZONS|SAME_SUPPORT_COORDINATES|SAME_PORTFOLIO_MODE|SAME_COST_ASSUMPTIONS,MAX_PRIMARY_CONTROL_MATURITY_BEFORE_SHARED_SUPPORT,CONTROL,PRIMARY_CONTROL_FINITE_INTERSECTION_AT_SHARED_COORDINATE,typed_compositional_grammar_v2,"[""cn.rep.e96fb2c9f0d9da680687323d1fe0f6ae"", ""cn.rep.83d251a9f86f7e4fec75b8902aaa881b""]",False,RESOURCE_PREFLIGHT_32,MINUTE_STATIC,CN_COMPOSITIONAL_RESOURCE_PREFLIGHT,PRIMARY_SEARCH,31415,cn.comp.v2.minute_static.field_spread,"[""cn.sf.55ec8d1cbad581839da568b8db129b18"", ""cn.sf.b4279506efdad23a752311a627c7060d""]",,,stock-minute cross-section,ALLOW,"registry, PIT, unit, route, maturity, control and access contracts passed",,dimensionless-minus-dimensionless,False,CONTROL_NO_SEPARATE_VOTE
"[""development""]",False,cn.comp.008822b04f162f01856a,"CSResidual(ZScore($low),ZScore($amount))",712ce60903f24ebf0ed7ed65c4899da55396a19436334b7aaa7a7ee04344c570,,bar_close,[],remove_residualizer,cn_compositional_same_fields_minute_static_v2,,"[""low"", ""amount""]",,7593e2f781548e254db9b280228c45d0edf3396950a3886d480fe643505788cb,True,"CSResidual(ZScore($low),ZScore($amount))",8beb6a2e6063bf4afdb7ed1a,"[""amount"", ""low""]",one minute field has residual information beyond another,evolutionary_mutation,cn_typed_compositional_grammar_v2,"[""PRIMARY"", ""INTERACTION_ONLY""]",False,True,,cn.comp.008822b04f162f01856a.control,bar_close,False,bar_close,4,CrossSectionalResidual,"[""root:CSResidual"", ""root.CSResidual[0]:ZScore"", ""root.CSResidual[1]:ZScore""]",cross_sectional,cn.pair.aea6393b80b1b891ed1bb8dbd2c110ac,SAME_FULL_SHARD_UNIVERSE|SAME_TRADE_TIMES|SAME_SPLIT_ROLES|SAME_HORIZONS|SAME_SUPPORT_COORDINATES|SAME_PORTFOLIO_MODE|SAME_COST_ASSUMPTIONS,MAX_PRIMARY_CONTROL_MATURITY_BEFORE_SHARED_SUPPORT,PRIMARY,PRIMARY_CONTROL_FINITE_INTERSECTION_AT_SHARED_COORDINATE,typed_compositional_grammar_v2,"[""cn.rep.e1a6c7e4ed4d3bdd8b53a3bda3fa28d9"", ""cn.rep.a24282e2c82e94c62dab47348534b71d""]",False,RESOURCE_PREFLIGHT_32,MINUTE_STATIC,CN_COMPOSITIONAL_RESOURCE_PREFLIGHT,PRIMARY_SEARCH,2718,cn.comp.v2.minute_static.cross_sectional_residual,"[""cn.sf.621923f2d222470d1900a03583de5059"", ""cn.sf.155ca942c67e3b7985fdca8bf70262e2""]",,,stock-minute cross-section,ALLOW,"registry, PIT, unit, route, maturity, control and access contracts passed",,dimensionless-residual,False,ONE_SUPPORT_UNIT_ONE_VOTE
"[""development""]",False,cn.comp.008822b04f162f01856a.control,"CSRank(Add(ZScore($low),Mul(0,ZScore($amount))))",31999f6d9df6c4db8e970aac0c5e04048c936343534503536f58e86e8e6b6488,,bar_close,[],remove_residualizer,cn_compositional_same_fields_minute_static_v2,,"[""low"", ""amount""]",,bc7b6eeb93d482096fe41d9e5850f99af34f31db64316e25605babad0ff6e6ba,True,"CSRank(Add(ZScore($low),Mul(0,ZScore($amount))))",6f46ba92ca8ca5d53eccb383,"[""amount"", ""low""]",one minute field has residual information beyond another,evolutionary_mutation,cn_typed_compositional_grammar_v2,"[""PRIMARY"", ""INTERACTION_ONLY""]",True,True,,cn.comp.008822b04f162f01856a,bar_close,False,bar_close,4,CrossSectionalResidual,"[""root:CSRank"", ""root.CSRank[0]:Add"", ""root.CSRank[0].Add[0]:ZScore"", ""root.CSRank[0].Add[1]:Mul"", ""root.CSRank[0].Add[1].Mul[1]:ZScore""]",cross_sectional,cn.pair.aea6393b80b1b891ed1bb8dbd2c110ac,SAME_FULL_SHARD_UNIVERSE|SAME_TRADE_TIMES|SAME_SPLIT_ROLES|SAME_HORIZONS|SAME_SUPPORT_COORDINATES|SAME_PORTFOLIO_MODE|SAME_COST_ASSUMPTIONS,MAX_PRIMARY_CONTROL_MATURITY_BEFORE_SHARED_SUPPORT,CONTROL,PRIMARY_CONTROL_FINITE_INTERSECTION_AT_SHARED_COORDINATE,typed_compositional_grammar_v2,"[""cn.rep.e1a6c7e4ed4d3bdd8b53a3bda3fa28d9"", ""cn.rep.a24282e2c82e94c62dab47348534b71d""]",False,RESOURCE_PREFLIGHT_32,MINUTE_STATIC,CN_COMPOSITIONAL_RESOURCE_PREFLIGHT,PRIMARY_SEARCH,2718,cn.comp.v2.minute_static.cross_sectional_residual,"[""cn.sf.621923f2d222470d1900a03583de5059"", ""cn.sf.155ca942c67e3b7985fdca8bf70262e2""]",,,stock-minute cross-section,ALLOW,"registry, PIT, unit, route, maturity, control and access contracts passed",,dimensionless-residual,False,CONTROL_NO_SEPARATE_VOTE
