candidate_id,route_id,expression,operator_family,seed,proposal_origin,matched_control_id,declared_field_ids,condition_field_ids,is_matched_control,vote_policy,maturity_contract_registered,exposure_ledger_required,access_roles,uses_future_revision,requires_intrabar_order,generator_version,skeleton_id,financial_hypothesis,input_roles,unit_signature,clock_contract,maturity_contract,control_ablation_rule,maximum_depth,support_unit,outer_mapping,search_role,entity_scope,cross_sectional_rank_allowed_for_condition,market_vote_policy,pair_id,control_constructor_id,pair_mapping_portfolio_contract,pair_support_alignment_policy,pair_maturity_alignment_policy,allow_behavior_equivalence,pair_member_role,legal,typed_route_decision,typed_route_rejection_code,typed_route_reason,canonical_expression,canonical_identity,exact_identity,field_ids,source_field_ids,representation_ids,operator_paths,maturity_rule,generator_authority,constructor_profile,generation_attempt_index,generation_stream_id
cn.comp.d27769a4c1983aa22d0e,MARKET_REGIME_CONDITION,"CSRank(Mul(ZScore($vwap),Sign($ctx_sent_lb_2_num)))",RegimeInteraction,2026073210,typed_compositional_grammar_v2,cn.comp.d27769a4c1983aa22d0e.control,"[""vwap"", ""ctx_sent_lb_2_num""]","[""ctx_sent_lb_2_num""]",False,ONE_SUPPORT_UNIT_ONE_VOTE,False,True,"[""development""]",False,False,cn_unified_registry_driven_compositional_v2,cn.comp.v2.market_regime_condition.payload_regime_interaction,stock payload behaves differently by market regime,"[""PRIMARY"", ""CONDITION_ONLY""]",dimensionless-gated,market_state_observable_at_or_before_payload,joint payload and regime maturity,remove_regime_gate,4,market-time block,cross_sectional,PRIMARY_SEARCH,MARKET_CONDITIONED_STOCK_PAYLOAD,False,ONE_MARKET_TIME_BLOCK_ONE_VOTE,cn.pair.e4f76648464888eea0676d2204f565d8,cn_compositional_same_fields_market_regime_condition_v2,SAME_FULL_SHARD_UNIVERSE|SAME_TRADE_TIMES|SAME_SPLIT_ROLES|SAME_HORIZONS|SAME_SUPPORT_COORDINATES|SAME_PORTFOLIO_MODE|SAME_COST_ASSUMPTIONS,PRIMARY_CONTROL_FINITE_INTERSECTION_AT_SHARED_COORDINATE,MAX_PRIMARY_CONTROL_MATURITY_BEFORE_SHARED_SUPPORT,False,PRIMARY,True,ALLOW,,"registry, PIT, unit, route, maturity, control and access contracts passed","CSRank(Mul(ZScore($vwap),Sign($ctx_sent_lb_2_num)))",43b54a66db1491da07bd6ff2ad288c6402846d7add929a923690cbe55967d0f8,bb64aa25ec094b9282db8aa834a159ef45dee3ac5205b6469b6d1102c1a570b7,"[""ctx_sent_lb_2_num"", ""vwap""]","[""cn.sf.68dfb05b493b72281b3e51f16c2ea06e"", ""cn.sf.b4279506efdad23a752311a627c7060d""]","[""cn.rep.ab1f327e4e513a9cb878a2d4be3fd61e"", ""cn.rep.83d251a9f86f7e4fec75b8902aaa881b""]","[""root:CSRank"", ""root.CSRank[0]:Mul"", ""root.CSRank[0].Mul[0]:ZScore"", ""root.CSRank[0].Mul[1]:Sign""]",state observable at or before candidate action time,RegistryDrivenGenerator,registry_compositional_v2,0,e4b334ae4acd33e64a498a1ed32424929fbc8740f5bfd15337e80e325ec8b38b
cn.comp.d27769a4c1983aa22d0e.control,MARKET_REGIME_CONDITION,"CSRank(Add(ZScore($vwap),Mul(0,$ctx_sent_lb_2_num)))",RegimeInteraction,2026073210,typed_compositional_grammar_v2,cn.comp.d27769a4c1983aa22d0e,"[""vwap"", ""ctx_sent_lb_2_num""]","[""ctx_sent_lb_2_num""]",True,CONTROL_NO_SEPARATE_VOTE,False,True,"[""development""]",False,False,cn_unified_registry_driven_compositional_v2,cn.comp.v2.market_regime_condition.payload_regime_interaction,stock payload behaves differently by market regime,"[""PRIMARY"", ""CONDITION_ONLY""]",dimensionless-gated,market_state_observable_at_or_before_payload,joint payload and regime maturity,remove_regime_gate,4,market-time block,cross_sectional,PRIMARY_SEARCH,MARKET_CONDITIONED_STOCK_PAYLOAD,False,ONE_MARKET_TIME_BLOCK_ONE_VOTE,cn.pair.e4f76648464888eea0676d2204f565d8,cn_compositional_same_fields_market_regime_condition_v2,SAME_FULL_SHARD_UNIVERSE|SAME_TRADE_TIMES|SAME_SPLIT_ROLES|SAME_HORIZONS|SAME_SUPPORT_COORDINATES|SAME_PORTFOLIO_MODE|SAME_COST_ASSUMPTIONS,PRIMARY_CONTROL_FINITE_INTERSECTION_AT_SHARED_COORDINATE,MAX_PRIMARY_CONTROL_MATURITY_BEFORE_SHARED_SUPPORT,False,CONTROL,True,ALLOW,,"registry, PIT, unit, route, maturity, control and access contracts passed","CSRank(Add(ZScore($vwap),Mul(0,$ctx_sent_lb_2_num)))",c0ad3902031576bd8cb61d05200f876b1da839fabfaff36b5b8b7684608a8564,c2ab9c6bc67d773ecf5db4fbaa2b3d72632b5bc627d9b86fc82830dccfa86629,"[""ctx_sent_lb_2_num"", ""vwap""]","[""cn.sf.68dfb05b493b72281b3e51f16c2ea06e"", ""cn.sf.b4279506efdad23a752311a627c7060d""]","[""cn.rep.ab1f327e4e513a9cb878a2d4be3fd61e"", ""cn.rep.83d251a9f86f7e4fec75b8902aaa881b""]","[""root:CSRank"", ""root.CSRank[0]:Add"", ""root.CSRank[0].Add[0]:ZScore"", ""root.CSRank[0].Add[1]:Mul""]",state observable at or before candidate action time,RegistryDrivenGenerator,registry_compositional_v2,0,e4b334ae4acd33e64a498a1ed32424929fbc8740f5bfd15337e80e325ec8b38b
cn.comp.3eb0bf1b63a4cc8dab94,MARKET_REGIME_CONDITION,"CSRank(Sub(ZScore($pct_chg),Mul(Sign($pct_chg),Sign($ctx_sent_zb_num))))",RegimeInteraction,2026073210,typed_compositional_grammar_v2,cn.comp.3eb0bf1b63a4cc8dab94.control,"[""pct_chg"", ""ctx_sent_zb_num""]","[""ctx_sent_zb_num""]",False,ONE_SUPPORT_UNIT_ONE_VOTE,False,True,"[""development""]",False,False,cn_unified_registry_driven_compositional_v2,cn.comp.v2.market_regime_condition.payload_regime_residual,stock payload residual differs under regime,"[""PRIMARY"", ""CONDITION_ONLY""]",dimensionless-residual,market_state_observable_at_or_before_payload,joint payload and regime maturity,remove_regime_residualizer,4,market-time block,cross_sectional,PRIMARY_SEARCH,MARKET_CONDITIONED_STOCK_PAYLOAD,False,ONE_MARKET_TIME_BLOCK_ONE_VOTE,cn.pair.c2a4999891e324150b9ddf3d9d06bcb7,cn_compositional_same_fields_market_regime_condition_v2,SAME_FULL_SHARD_UNIVERSE|SAME_TRADE_TIMES|SAME_SPLIT_ROLES|SAME_HORIZONS|SAME_SUPPORT_COORDINATES|SAME_PORTFOLIO_MODE|SAME_COST_ASSUMPTIONS,PRIMARY_CONTROL_FINITE_INTERSECTION_AT_SHARED_COORDINATE,MAX_PRIMARY_CONTROL_MATURITY_BEFORE_SHARED_SUPPORT,False,PRIMARY,True,ALLOW,,"registry, PIT, unit, route, maturity, control and access contracts passed","CSRank(Sub(ZScore($pct_chg),Mul(Sign($pct_chg),Sign($ctx_sent_zb_num))))",6dd8b8ffcd46eac48d97cff08646b98d8d8ff259ae699398d29dab4d628029c9,7ba4df2e774ed6cd5b96f30e959c2aacf377f573e2c1b23f7c1cafdc0bb77d33,"[""ctx_sent_zb_num"", ""pct_chg""]","[""cn.sf.76ee65c36ddf54363d93d38faaf702a9"", ""cn.sf.e175250817b067c80c690ce8e2ea6e72""]","[""cn.rep.c4b0cc327badf344c9c55407441f2e08"", ""cn.rep.ff25d250e767d497a03a512194193e34""]","[""root:CSRank"", ""root.CSRank[0]:Sub"", ""root.CSRank[0].Sub[0]:ZScore"", ""root.CSRank[0].Sub[1]:Mul"", ""root.CSRank[0].Sub[1].Mul[0]:Sign"", ""root.CSRank[0].Sub[1].Mul[1]:Sign""]",state observable at or before candidate action time,RegistryDrivenGenerator,registry_compositional_v2,1,e4b334ae4acd33e64a498a1ed32424929fbc8740f5bfd15337e80e325ec8b38b
cn.comp.3eb0bf1b63a4cc8dab94.control,MARKET_REGIME_CONDITION,"CSRank(Add(ZScore($pct_chg),Mul(0,$ctx_sent_zb_num)))",RegimeInteraction,2026073210,typed_compositional_grammar_v2,cn.comp.3eb0bf1b63a4cc8dab94,"[""pct_chg"", ""ctx_sent_zb_num""]","[""ctx_sent_zb_num""]",True,CONTROL_NO_SEPARATE_VOTE,False,True,"[""development""]",False,False,cn_unified_registry_driven_compositional_v2,cn.comp.v2.market_regime_condition.payload_regime_residual,stock payload residual differs under regime,"[""PRIMARY"", ""CONDITION_ONLY""]",dimensionless-residual,market_state_observable_at_or_before_payload,joint payload and regime maturity,remove_regime_residualizer,4,market-time block,cross_sectional,PRIMARY_SEARCH,MARKET_CONDITIONED_STOCK_PAYLOAD,False,ONE_MARKET_TIME_BLOCK_ONE_VOTE,cn.pair.c2a4999891e324150b9ddf3d9d06bcb7,cn_compositional_same_fields_market_regime_condition_v2,SAME_FULL_SHARD_UNIVERSE|SAME_TRADE_TIMES|SAME_SPLIT_ROLES|SAME_HORIZONS|SAME_SUPPORT_COORDINATES|SAME_PORTFOLIO_MODE|SAME_COST_ASSUMPTIONS,PRIMARY_CONTROL_FINITE_INTERSECTION_AT_SHARED_COORDINATE,MAX_PRIMARY_CONTROL_MATURITY_BEFORE_SHARED_SUPPORT,False,CONTROL,True,ALLOW,,"registry, PIT, unit, route, maturity, control and access contracts passed","CSRank(Add(ZScore($pct_chg),Mul(0,$ctx_sent_zb_num)))",43d698a53a4f72e56cb1f7a3d88818b0e32fecfa1ee7c554c9faaba4ee58ed67,38cbde51251a06286fa7c135df4237aa914a6094a5fa3ef3a5ff0a50ea92f8dc,"[""ctx_sent_zb_num"", ""pct_chg""]","[""cn.sf.76ee65c36ddf54363d93d38faaf702a9"", ""cn.sf.e175250817b067c80c690ce8e2ea6e72""]","[""cn.rep.c4b0cc327badf344c9c55407441f2e08"", ""cn.rep.ff25d250e767d497a03a512194193e34""]","[""root:CSRank"", ""root.CSRank[0]:Add"", ""root.CSRank[0].Add[0]:ZScore"", ""root.CSRank[0].Add[1]:Mul""]",state observable at or before candidate action time,RegistryDrivenGenerator,registry_compositional_v2,1,e4b334ae4acd33e64a498a1ed32424929fbc8740f5bfd15337e80e325ec8b38b
cn.comp.8ade1b1886c51d52bfb5,MARKET_REGIME_CONDITION,"CSRank(Mul(Sign($pct_chg),Persistence(Positive($ctx_sent_gt5_num),10)))",StateAge,2026073210,typed_compositional_grammar_v2,cn.comp.8ade1b1886c51d52bfb5.control,"[""pct_chg"", ""ctx_sent_gt5_num""]","[""ctx_sent_gt5_num""]",False,ONE_SUPPORT_UNIT_ONE_VOTE,False,True,"[""development""]",False,False,cn_unified_registry_driven_compositional_v2,cn.comp.v2.market_regime_condition.regime_maturity_payload,mature regime state modulates stock payload,"[""PRIMARY"", ""CONDITION_ONLY""]",dimensionless-gated,market_state_observable_at_or_before_payload,joint payload and regime maturity,remove_maturity_gate,4,market-time block,cross_sectional,PRIMARY_SEARCH,MARKET_CONDITIONED_STOCK_PAYLOAD,False,ONE_MARKET_TIME_BLOCK_ONE_VOTE,cn.pair.86891edcc25c80f795014730bc270254,cn_compositional_same_fields_market_regime_condition_v2,SAME_FULL_SHARD_UNIVERSE|SAME_TRADE_TIMES|SAME_SPLIT_ROLES|SAME_HORIZONS|SAME_SUPPORT_COORDINATES|SAME_PORTFOLIO_MODE|SAME_COST_ASSUMPTIONS,PRIMARY_CONTROL_FINITE_INTERSECTION_AT_SHARED_COORDINATE,MAX_PRIMARY_CONTROL_MATURITY_BEFORE_SHARED_SUPPORT,False,PRIMARY,True,ALLOW,,"registry, PIT, unit, route, maturity, control and access contracts passed","CSRank(Mul(Sign($pct_chg),Persistence(Positive($ctx_sent_gt5_num),10)))",3e1079baaaef2431e7ebf3ec1c5f3c31571fd55ea05d824f3d4e75e840f05e34,3ad685a83711450b602c1602cef57866892fa6e6e9922690dfe110779f843834,"[""ctx_sent_gt5_num"", ""pct_chg""]","[""cn.sf.e223dd2a3022c9e73b2fc82ee96ae68e"", ""cn.sf.e175250817b067c80c690ce8e2ea6e72""]","[""cn.rep.bb563e33bb58f4d53499bd853422e2ff"", ""cn.rep.ff25d250e767d497a03a512194193e34""]","[""root:CSRank"", ""root.CSRank[0]:Mul"", ""root.CSRank[0].Mul[0]:Sign"", ""root.CSRank[0].Mul[1]:Persistence"", ""root.CSRank[0].Mul[1].Persistence[0]:Positive""]",state observable at or before candidate action time,RegistryDrivenGenerator,registry_compositional_v2,3,e4b334ae4acd33e64a498a1ed32424929fbc8740f5bfd15337e80e325ec8b38b
cn.comp.8ade1b1886c51d52bfb5.control,MARKET_REGIME_CONDITION,"CSRank(Add(ZScore($pct_chg),Mul(0,$ctx_sent_gt5_num)))",StateAge,2026073210,typed_compositional_grammar_v2,cn.comp.8ade1b1886c51d52bfb5,"[""pct_chg"", ""ctx_sent_gt5_num""]","[""ctx_sent_gt5_num""]",True,CONTROL_NO_SEPARATE_VOTE,False,True,"[""development""]",False,False,cn_unified_registry_driven_compositional_v2,cn.comp.v2.market_regime_condition.regime_maturity_payload,mature regime state modulates stock payload,"[""PRIMARY"", ""CONDITION_ONLY""]",dimensionless-gated,market_state_observable_at_or_before_payload,joint payload and regime maturity,remove_maturity_gate,4,market-time block,cross_sectional,PRIMARY_SEARCH,MARKET_CONDITIONED_STOCK_PAYLOAD,False,ONE_MARKET_TIME_BLOCK_ONE_VOTE,cn.pair.86891edcc25c80f795014730bc270254,cn_compositional_same_fields_market_regime_condition_v2,SAME_FULL_SHARD_UNIVERSE|SAME_TRADE_TIMES|SAME_SPLIT_ROLES|SAME_HORIZONS|SAME_SUPPORT_COORDINATES|SAME_PORTFOLIO_MODE|SAME_COST_ASSUMPTIONS,PRIMARY_CONTROL_FINITE_INTERSECTION_AT_SHARED_COORDINATE,MAX_PRIMARY_CONTROL_MATURITY_BEFORE_SHARED_SUPPORT,False,CONTROL,True,ALLOW,,"registry, PIT, unit, route, maturity, control and access contracts passed","CSRank(Add(ZScore($pct_chg),Mul(0,$ctx_sent_gt5_num)))",15d8a7749c106cc6c65f538b799d6b64090927e1c6e60ac7a6e1e474b5a04242,a054189fae216d05704d0b8a8c2c5ec3f2430b29454240f4a7b365466c97e43c,"[""ctx_sent_gt5_num"", ""pct_chg""]","[""cn.sf.e223dd2a3022c9e73b2fc82ee96ae68e"", ""cn.sf.e175250817b067c80c690ce8e2ea6e72""]","[""cn.rep.bb563e33bb58f4d53499bd853422e2ff"", ""cn.rep.ff25d250e767d497a03a512194193e34""]","[""root:CSRank"", ""root.CSRank[0]:Add"", ""root.CSRank[0].Add[0]:ZScore"", ""root.CSRank[0].Add[1]:Mul""]",state observable at or before candidate action time,RegistryDrivenGenerator,registry_compositional_v2,3,e4b334ae4acd33e64a498a1ed32424929fbc8740f5bfd15337e80e325ec8b38b
cn.comp.13408cc667eaed430fd6,MARKET_REGIME_CONDITION,"CSRank(Mul(MultiScaleRelation($close,$ctx_sent_mian_num,5,20),Sign($ctx_sent_mian_num)))",RegimeInteraction,2026073210,typed_compositional_grammar_v2,cn.comp.13408cc667eaed430fd6.control,"[""close"", ""ctx_sent_mian_num""]","[""ctx_sent_mian_num""]",False,ONE_SUPPORT_UNIT_ONE_VOTE,False,True,"[""development""]",False,False,cn_unified_registry_driven_compositional_v2,cn.comp.v2.market_regime_condition.regime_multiscale_response,short and long payload relation changes by regime,"[""PRIMARY"", ""CONDITION_ONLY""]",dimensionless-relation,market_state_observable_at_or_before_payload,joint payload and regime maturity,remove_multiscale_leg,4,market-time block,cross_sectional,PRIMARY_SEARCH,MARKET_CONDITIONED_STOCK_PAYLOAD,False,ONE_MARKET_TIME_BLOCK_ONE_VOTE,cn.pair.7877d0200b0a7cfa094c8bfa9726929a,cn_compositional_same_fields_market_regime_condition_v2,SAME_FULL_SHARD_UNIVERSE|SAME_TRADE_TIMES|SAME_SPLIT_ROLES|SAME_HORIZONS|SAME_SUPPORT_COORDINATES|SAME_PORTFOLIO_MODE|SAME_COST_ASSUMPTIONS,PRIMARY_CONTROL_FINITE_INTERSECTION_AT_SHARED_COORDINATE,MAX_PRIMARY_CONTROL_MATURITY_BEFORE_SHARED_SUPPORT,False,PRIMARY,True,ALLOW,,"registry, PIT, unit, route, maturity, control and access contracts passed","CSRank(Mul(MultiScaleRelation($close,$ctx_sent_mian_num,5,20),Sign($ctx_sent_mian_num)))",58a5d78c091cf54986b5ba65894b1bde216f27e689a81a09b938163739919d7a,83ff7d722740ecf8643ff9cd9d6c1f41afea6b85d9cf9fb02644b70bdc3e859e,"[""close"", ""ctx_sent_mian_num""]","[""cn.sf.d40f8f20500150cfff77216ced9c2922"", ""cn.sf.a9d8831cc96b748b8100449cc149eb31""]","[""cn.rep.f2107e4504bd106fcf3ccc678d1c96c8"", ""cn.rep.41752eba761e0d4cf6e7414902a5e427""]","[""root:CSRank"", ""root.CSRank[0]:Mul"", ""root.CSRank[0].Mul[0]:MultiScaleRelation"", ""root.CSRank[0].Mul[1]:Sign""]",state observable at or before candidate action time,RegistryDrivenGenerator,registry_compositional_v2,5,e4b334ae4acd33e64a498a1ed32424929fbc8740f5bfd15337e80e325ec8b38b
cn.comp.13408cc667eaed430fd6.control,MARKET_REGIME_CONDITION,"CSRank(Add(ZScore($close),Mul(0,$ctx_sent_mian_num)))",RegimeInteraction,2026073210,typed_compositional_grammar_v2,cn.comp.13408cc667eaed430fd6,"[""close"", ""ctx_sent_mian_num""]","[""ctx_sent_mian_num""]",True,CONTROL_NO_SEPARATE_VOTE,False,True,"[""development""]",False,False,cn_unified_registry_driven_compositional_v2,cn.comp.v2.market_regime_condition.regime_multiscale_response,short and long payload relation changes by regime,"[""PRIMARY"", ""CONDITION_ONLY""]",dimensionless-relation,market_state_observable_at_or_before_payload,joint payload and regime maturity,remove_multiscale_leg,4,market-time block,cross_sectional,PRIMARY_SEARCH,MARKET_CONDITIONED_STOCK_PAYLOAD,False,ONE_MARKET_TIME_BLOCK_ONE_VOTE,cn.pair.7877d0200b0a7cfa094c8bfa9726929a,cn_compositional_same_fields_market_regime_condition_v2,SAME_FULL_SHARD_UNIVERSE|SAME_TRADE_TIMES|SAME_SPLIT_ROLES|SAME_HORIZONS|SAME_SUPPORT_COORDINATES|SAME_PORTFOLIO_MODE|SAME_COST_ASSUMPTIONS,PRIMARY_CONTROL_FINITE_INTERSECTION_AT_SHARED_COORDINATE,MAX_PRIMARY_CONTROL_MATURITY_BEFORE_SHARED_SUPPORT,False,CONTROL,True,ALLOW,,"registry, PIT, unit, route, maturity, control and access contracts passed","CSRank(Add(ZScore($close),Mul(0,$ctx_sent_mian_num)))",931da7e083be8c29f1f1b5c1933084df6d5ca8be0c2e8fc1bdfac5c7b15197e2,94f088ed81439e96cd63ea04b5d6ab8dc7aa9fee19a77c8a3b302284b076445d,"[""close"", ""ctx_sent_mian_num""]","[""cn.sf.d40f8f20500150cfff77216ced9c2922"", ""cn.sf.a9d8831cc96b748b8100449cc149eb31""]","[""cn.rep.f2107e4504bd106fcf3ccc678d1c96c8"", ""cn.rep.41752eba761e0d4cf6e7414902a5e427""]","[""root:CSRank"", ""root.CSRank[0]:Add"", ""root.CSRank[0].Add[0]:ZScore"", ""root.CSRank[0].Add[1]:Mul""]",state observable at or before candidate action time,RegistryDrivenGenerator,registry_compositional_v2,5,e4b334ae4acd33e64a498a1ed32424929fbc8740f5bfd15337e80e325ec8b38b
cn.comp.195956fa55da5ddb7725,MARKET_REGIME_CONDITION,"CSRank(Mul(PathShape($ret_1m,10),Sign($ctx_zls_df_num)))",ConditionGate,2026073210,typed_compositional_grammar_v2,cn.comp.195956fa55da5ddb7725.control,"[""ret_1m"", ""ctx_zls_df_num""]","[""ctx_zls_df_num""]",False,ONE_SUPPORT_UNIT_ONE_VOTE,False,True,"[""development""]",False,False,cn_unified_registry_driven_compositional_v2,cn.comp.v2.market_regime_condition.regime_conditioned_path,regime conditions the recent stock path,"[""PRIMARY"", ""CONDITION_ONLY""]",dimensionless-gated,market_state_observable_at_or_before_payload,joint payload and regime maturity,remove_condition_gate,4,market-time block,cross_sectional,PRIMARY_SEARCH,MARKET_CONDITIONED_STOCK_PAYLOAD,False,ONE_MARKET_TIME_BLOCK_ONE_VOTE,cn.pair.4104bd43c6de06f50bde6c274a4f4fb0,cn_compositional_same_fields_market_regime_condition_v2,SAME_FULL_SHARD_UNIVERSE|SAME_TRADE_TIMES|SAME_SPLIT_ROLES|SAME_HORIZONS|SAME_SUPPORT_COORDINATES|SAME_PORTFOLIO_MODE|SAME_COST_ASSUMPTIONS,PRIMARY_CONTROL_FINITE_INTERSECTION_AT_SHARED_COORDINATE,MAX_PRIMARY_CONTROL_MATURITY_BEFORE_SHARED_SUPPORT,False,PRIMARY,True,ALLOW,,"registry, PIT, unit, route, maturity, control and access contracts passed","CSRank(Mul(PathShape($ret_1m,10),Sign($ctx_zls_df_num)))",3c2b6e5bbb8b4a5d13af7b22b3f30b41b1cca65590a86ccef2b6eecbfa1400f4,6d2229ddc3975e58724847b49d4360179cf0c077f59f568de49c194bdec8332f,"[""ctx_zls_df_num"", ""ret_1m""]","[""cn.sf.78a2115ee1fc8f097ef4ad089e83c268"", ""cn.sf.7ac67c3e2be8e149c3c02a4842c21173""]","[""cn.rep.530cebb9bb594cdfc258f9ca9691a013"", ""cn.rep.92264a877f9fcf2b53483a2833631e12""]","[""root:CSRank"", ""root.CSRank[0]:Mul"", ""root.CSRank[0].Mul[0]:PathShape"", ""root.CSRank[0].Mul[1]:Sign""]",state observable at or before candidate action time,RegistryDrivenGenerator,registry_compositional_v2,6,e4b334ae4acd33e64a498a1ed32424929fbc8740f5bfd15337e80e325ec8b38b
cn.comp.195956fa55da5ddb7725.control,MARKET_REGIME_CONDITION,"CSRank(Add(ZScore($ret_1m),Mul(0,$ctx_zls_df_num)))",ConditionGate,2026073210,typed_compositional_grammar_v2,cn.comp.195956fa55da5ddb7725,"[""ret_1m"", ""ctx_zls_df_num""]","[""ctx_zls_df_num""]",True,CONTROL_NO_SEPARATE_VOTE,False,True,"[""development""]",False,False,cn_unified_registry_driven_compositional_v2,cn.comp.v2.market_regime_condition.regime_conditioned_path,regime conditions the recent stock path,"[""PRIMARY"", ""CONDITION_ONLY""]",dimensionless-gated,market_state_observable_at_or_before_payload,joint payload and regime maturity,remove_condition_gate,4,market-time block,cross_sectional,PRIMARY_SEARCH,MARKET_CONDITIONED_STOCK_PAYLOAD,False,ONE_MARKET_TIME_BLOCK_ONE_VOTE,cn.pair.4104bd43c6de06f50bde6c274a4f4fb0,cn_compositional_same_fields_market_regime_condition_v2,SAME_FULL_SHARD_UNIVERSE|SAME_TRADE_TIMES|SAME_SPLIT_ROLES|SAME_HORIZONS|SAME_SUPPORT_COORDINATES|SAME_PORTFOLIO_MODE|SAME_COST_ASSUMPTIONS,PRIMARY_CONTROL_FINITE_INTERSECTION_AT_SHARED_COORDINATE,MAX_PRIMARY_CONTROL_MATURITY_BEFORE_SHARED_SUPPORT,False,CONTROL,True,ALLOW,,"registry, PIT, unit, route, maturity, control and access contracts passed","CSRank(Add(ZScore($ret_1m),Mul(0,$ctx_zls_df_num)))",be24d5bed22ff0c91f2c398819eeb8c698d5d673d1437fc7f14c10e60e6bd399,0b8bd9821aec2ff38ff374b1d432c7b979b46852ef9fac640fbc1f76b1fdc698,"[""ctx_zls_df_num"", ""ret_1m""]","[""cn.sf.78a2115ee1fc8f097ef4ad089e83c268"", ""cn.sf.7ac67c3e2be8e149c3c02a4842c21173""]","[""cn.rep.530cebb9bb594cdfc258f9ca9691a013"", ""cn.rep.92264a877f9fcf2b53483a2833631e12""]","[""root:CSRank"", ""root.CSRank[0]:Add"", ""root.CSRank[0].Add[0]:ZScore"", ""root.CSRank[0].Add[1]:Mul""]",state observable at or before candidate action time,RegistryDrivenGenerator,registry_compositional_v2,6,e4b334ae4acd33e64a498a1ed32424929fbc8740f5bfd15337e80e325ec8b38b
cn.comp.6f702be150265391a9e6,MARKET_REGIME_CONDITION,"CSRank(Add(ZScore($close),Mul(PathShape($close,5),Sign($ctx_sent_tiandi_num))))",ConditionGate,2026073210,typed_compositional_grammar_v2,cn.comp.6f702be150265391a9e6.control,"[""close"", ""ctx_sent_tiandi_num""]","[""ctx_sent_tiandi_num""]",False,ONE_SUPPORT_UNIT_ONE_VOTE,False,True,"[""development""]",False,False,cn_unified_registry_driven_compositional_v2,cn.comp.v2.market_regime_condition.regime_persistence_gate,persistent regime differs from transient state,"[""PRIMARY"", ""CONDITION_ONLY""]",dimensionless-gated,market_state_observable_at_or_before_payload,joint payload and regime maturity,remove_persistence_gate,4,market-time block,cross_sectional,PRIMARY_SEARCH,MARKET_CONDITIONED_STOCK_PAYLOAD,False,ONE_MARKET_TIME_BLOCK_ONE_VOTE,cn.pair.a694c350c3ba885013503ca6737bc80d,cn_compositional_same_fields_market_regime_condition_v2,SAME_FULL_SHARD_UNIVERSE|SAME_TRADE_TIMES|SAME_SPLIT_ROLES|SAME_HORIZONS|SAME_SUPPORT_COORDINATES|SAME_PORTFOLIO_MODE|SAME_COST_ASSUMPTIONS,PRIMARY_CONTROL_FINITE_INTERSECTION_AT_SHARED_COORDINATE,MAX_PRIMARY_CONTROL_MATURITY_BEFORE_SHARED_SUPPORT,False,PRIMARY,True,ALLOW,,"registry, PIT, unit, route, maturity, control and access contracts passed","CSRank(Add(ZScore($close),Mul(PathShape($close,5),Sign($ctx_sent_tiandi_num))))",a4db083446fdc423eb6282afe35a3d79f97b9b0f7e3ce8ef7a9c372014407661,eb8dd30c35f4296fac7651928149c9e7f3d9a06ed8c6528b84a8a03e0474916e,"[""close"", ""ctx_sent_tiandi_num""]","[""cn.sf.d40f8f20500150cfff77216ced9c2922"", ""cn.sf.3b8d86c3ad84fdbf15c669af48c2662f""]","[""cn.rep.f2107e4504bd106fcf3ccc678d1c96c8"", ""cn.rep.5f3a54f359e6d12011fcd0c6fd12f50c""]","[""root:CSRank"", ""root.CSRank[0]:Add"", ""root.CSRank[0].Add[0]:ZScore"", ""root.CSRank[0].Add[1]:Mul"", ""root.CSRank[0].Add[1].Mul[0]:PathShape"", ""root.CSRank[0].Add[1].Mul[1]:Sign""]",state observable at or before candidate action time,RegistryDrivenGenerator,registry_compositional_v2,7,e4b334ae4acd33e64a498a1ed32424929fbc8740f5bfd15337e80e325ec8b38b
cn.comp.6f702be150265391a9e6.control,MARKET_REGIME_CONDITION,"CSRank(Add(ZScore($close),Mul(0,$ctx_sent_tiandi_num)))",ConditionGate,2026073210,typed_compositional_grammar_v2,cn.comp.6f702be150265391a9e6,"[""close"", ""ctx_sent_tiandi_num""]","[""ctx_sent_tiandi_num""]",True,CONTROL_NO_SEPARATE_VOTE,False,True,"[""development""]",False,False,cn_unified_registry_driven_compositional_v2,cn.comp.v2.market_regime_condition.regime_persistence_gate,persistent regime differs from transient state,"[""PRIMARY"", ""CONDITION_ONLY""]",dimensionless-gated,market_state_observable_at_or_before_payload,joint payload and regime maturity,remove_persistence_gate,4,market-time block,cross_sectional,PRIMARY_SEARCH,MARKET_CONDITIONED_STOCK_PAYLOAD,False,ONE_MARKET_TIME_BLOCK_ONE_VOTE,cn.pair.a694c350c3ba885013503ca6737bc80d,cn_compositional_same_fields_market_regime_condition_v2,SAME_FULL_SHARD_UNIVERSE|SAME_TRADE_TIMES|SAME_SPLIT_ROLES|SAME_HORIZONS|SAME_SUPPORT_COORDINATES|SAME_PORTFOLIO_MODE|SAME_COST_ASSUMPTIONS,PRIMARY_CONTROL_FINITE_INTERSECTION_AT_SHARED_COORDINATE,MAX_PRIMARY_CONTROL_MATURITY_BEFORE_SHARED_SUPPORT,False,CONTROL,True,ALLOW,,"registry, PIT, unit, route, maturity, control and access contracts passed","CSRank(Add(ZScore($close),Mul(0,$ctx_sent_tiandi_num)))",673f3c1510bb5f9d37ffb5d92298ff506f08b038ff0f6169f668f40ce66bb049,2082d6884b0ec8b40a87ea1bbf56d93d1f7c42d8d3cb8f0d8908bd841ad3a789,"[""close"", ""ctx_sent_tiandi_num""]","[""cn.sf.d40f8f20500150cfff77216ced9c2922"", ""cn.sf.3b8d86c3ad84fdbf15c669af48c2662f""]","[""cn.rep.f2107e4504bd106fcf3ccc678d1c96c8"", ""cn.rep.5f3a54f359e6d12011fcd0c6fd12f50c""]","[""root:CSRank"", ""root.CSRank[0]:Add"", ""root.CSRank[0].Add[0]:ZScore"", ""root.CSRank[0].Add[1]:Mul""]",state observable at or before candidate action time,RegistryDrivenGenerator,registry_compositional_v2,7,e4b334ae4acd33e64a498a1ed32424929fbc8740f5bfd15337e80e325ec8b38b
cn.comp.e7866b7287d97e9e7b5a,MARKET_REGIME_CONDITION,"CSRank(Mul(ZScore($close),Sign($ctx_sent_lt5_num)))",RegimeInteraction,2026073210,typed_compositional_grammar_v2,cn.comp.e7866b7287d97e9e7b5a.control,"[""close"", ""ctx_sent_lt5_num""]","[""ctx_sent_lt5_num""]",False,ONE_SUPPORT_UNIT_ONE_VOTE,False,True,"[""development""]",False,False,cn_unified_registry_driven_compositional_v2,cn.comp.v2.market_regime_condition.payload_regime_interaction,stock payload behaves differently by market regime,"[""PRIMARY"", ""CONDITION_ONLY""]",dimensionless-gated,market_state_observable_at_or_before_payload,joint payload and regime maturity,remove_regime_gate,4,market-time block,cross_sectional,PRIMARY_SEARCH,MARKET_CONDITIONED_STOCK_PAYLOAD,False,ONE_MARKET_TIME_BLOCK_ONE_VOTE,cn.pair.67422eae21ddca348b82a4f945ac98b7,cn_compositional_same_fields_market_regime_condition_v2,SAME_FULL_SHARD_UNIVERSE|SAME_TRADE_TIMES|SAME_SPLIT_ROLES|SAME_HORIZONS|SAME_SUPPORT_COORDINATES|SAME_PORTFOLIO_MODE|SAME_COST_ASSUMPTIONS,PRIMARY_CONTROL_FINITE_INTERSECTION_AT_SHARED_COORDINATE,MAX_PRIMARY_CONTROL_MATURITY_BEFORE_SHARED_SUPPORT,False,PRIMARY,True,ALLOW,,"registry, PIT, unit, route, maturity, control and access contracts passed","CSRank(Mul(ZScore($close),Sign($ctx_sent_lt5_num)))",a0c4f0ac38712fb573795f5954c020b3d0024224493feac874f327fb0dc21fc2,3bb6aff96afe3baf010ee9d4522c65849fc5202288496bbf7edcc407a6bde209,"[""close"", ""ctx_sent_lt5_num""]","[""cn.sf.d40f8f20500150cfff77216ced9c2922"", ""cn.sf.5545cf7292f676a5cfb90f88b9f433cc""]","[""cn.rep.f2107e4504bd106fcf3ccc678d1c96c8"", ""cn.rep.4eab0c0e0e794f413fdb46b058e3ecf9""]","[""root:CSRank"", ""root.CSRank[0]:Mul"", ""root.CSRank[0].Mul[0]:ZScore"", ""root.CSRank[0].Mul[1]:Sign""]",state observable at or before candidate action time,RegistryDrivenGenerator,registry_compositional_v2,8,e4b334ae4acd33e64a498a1ed32424929fbc8740f5bfd15337e80e325ec8b38b
cn.comp.e7866b7287d97e9e7b5a.control,MARKET_REGIME_CONDITION,"CSRank(Add(ZScore($close),Mul(0,$ctx_sent_lt5_num)))",RegimeInteraction,2026073210,typed_compositional_grammar_v2,cn.comp.e7866b7287d97e9e7b5a,"[""close"", ""ctx_sent_lt5_num""]","[""ctx_sent_lt5_num""]",True,CONTROL_NO_SEPARATE_VOTE,False,True,"[""development""]",False,False,cn_unified_registry_driven_compositional_v2,cn.comp.v2.market_regime_condition.payload_regime_interaction,stock payload behaves differently by market regime,"[""PRIMARY"", ""CONDITION_ONLY""]",dimensionless-gated,market_state_observable_at_or_before_payload,joint payload and regime maturity,remove_regime_gate,4,market-time block,cross_sectional,PRIMARY_SEARCH,MARKET_CONDITIONED_STOCK_PAYLOAD,False,ONE_MARKET_TIME_BLOCK_ONE_VOTE,cn.pair.67422eae21ddca348b82a4f945ac98b7,cn_compositional_same_fields_market_regime_condition_v2,SAME_FULL_SHARD_UNIVERSE|SAME_TRADE_TIMES|SAME_SPLIT_ROLES|SAME_HORIZONS|SAME_SUPPORT_COORDINATES|SAME_PORTFOLIO_MODE|SAME_COST_ASSUMPTIONS,PRIMARY_CONTROL_FINITE_INTERSECTION_AT_SHARED_COORDINATE,MAX_PRIMARY_CONTROL_MATURITY_BEFORE_SHARED_SUPPORT,False,CONTROL,True,ALLOW,,"registry, PIT, unit, route, maturity, control and access contracts passed","CSRank(Add(ZScore($close),Mul(0,$ctx_sent_lt5_num)))",cf27130472a8f0a36b660766fd553d0ab41ee36d49d7a7d71438262604d39331,e3ab72947083468f1ef4a8c585c3dd4bd6bea537b2210df2ea13b30d1ee3f253,"[""close"", ""ctx_sent_lt5_num""]","[""cn.sf.d40f8f20500150cfff77216ced9c2922"", ""cn.sf.5545cf7292f676a5cfb90f88b9f433cc""]","[""cn.rep.f2107e4504bd106fcf3ccc678d1c96c8"", ""cn.rep.4eab0c0e0e794f413fdb46b058e3ecf9""]","[""root:CSRank"", ""root.CSRank[0]:Add"", ""root.CSRank[0].Add[0]:ZScore"", ""root.CSRank[0].Add[1]:Mul""]",state observable at or before candidate action time,RegistryDrivenGenerator,registry_compositional_v2,8,e4b334ae4acd33e64a498a1ed32424929fbc8740f5bfd15337e80e325ec8b38b
cn.comp.f5169b438d43a9b797fd,MARKET_REGIME_CONDITION,"CSRank(Sub(ZScore($close),Mul(Sign($close),Sign($ctx_sent_lb_3_num))))",RegimeInteraction,2026073210,typed_compositional_grammar_v2,cn.comp.f5169b438d43a9b797fd.control,"[""close"", ""ctx_sent_lb_3_num""]","[""ctx_sent_lb_3_num""]",False,ONE_SUPPORT_UNIT_ONE_VOTE,False,True,"[""development""]",False,False,cn_unified_registry_driven_compositional_v2,cn.comp.v2.market_regime_condition.payload_regime_residual,stock payload residual differs under regime,"[""PRIMARY"", ""CONDITION_ONLY""]",dimensionless-residual,market_state_observable_at_or_before_payload,joint payload and regime maturity,remove_regime_residualizer,4,market-time block,cross_sectional,PRIMARY_SEARCH,MARKET_CONDITIONED_STOCK_PAYLOAD,False,ONE_MARKET_TIME_BLOCK_ONE_VOTE,cn.pair.411192e2bf2cd3a384b652041fac4089,cn_compositional_same_fields_market_regime_condition_v2,SAME_FULL_SHARD_UNIVERSE|SAME_TRADE_TIMES|SAME_SPLIT_ROLES|SAME_HORIZONS|SAME_SUPPORT_COORDINATES|SAME_PORTFOLIO_MODE|SAME_COST_ASSUMPTIONS,PRIMARY_CONTROL_FINITE_INTERSECTION_AT_SHARED_COORDINATE,MAX_PRIMARY_CONTROL_MATURITY_BEFORE_SHARED_SUPPORT,False,PRIMARY,True,ALLOW,,"registry, PIT, unit, route, maturity, control and access contracts passed","CSRank(Sub(ZScore($close),Mul(Sign($close),Sign($ctx_sent_lb_3_num))))",4fa8a29fa29d485986391f5bc97ab91ddd8c7d580eea499a4d2eba9808dfb3f8,7ebe9ed8852dcb5f7bb5c78e5c7278b76f1df6d4fd50a4b5c38ae137566be555,"[""close"", ""ctx_sent_lb_3_num""]","[""cn.sf.d40f8f20500150cfff77216ced9c2922"", ""cn.sf.715daa55aa29d1f91b4713327928717a""]","[""cn.rep.f2107e4504bd106fcf3ccc678d1c96c8"", ""cn.rep.979a0f7fda54e71a0e3c3e1f720abf9b""]","[""root:CSRank"", ""root.CSRank[0]:Sub"", ""root.CSRank[0].Sub[0]:ZScore"", ""root.CSRank[0].Sub[1]:Mul"", ""root.CSRank[0].Sub[1].Mul[0]:Sign"", ""root.CSRank[0].Sub[1].Mul[1]:Sign""]",state observable at or before candidate action time,RegistryDrivenGenerator,registry_compositional_v2,9,e4b334ae4acd33e64a498a1ed32424929fbc8740f5bfd15337e80e325ec8b38b
cn.comp.f5169b438d43a9b797fd.control,MARKET_REGIME_CONDITION,"CSRank(Add(ZScore($close),Mul(0,$ctx_sent_lb_3_num)))",RegimeInteraction,2026073210,typed_compositional_grammar_v2,cn.comp.f5169b438d43a9b797fd,"[""close"", ""ctx_sent_lb_3_num""]","[""ctx_sent_lb_3_num""]",True,CONTROL_NO_SEPARATE_VOTE,False,True,"[""development""]",False,False,cn_unified_registry_driven_compositional_v2,cn.comp.v2.market_regime_condition.payload_regime_residual,stock payload residual differs under regime,"[""PRIMARY"", ""CONDITION_ONLY""]",dimensionless-residual,market_state_observable_at_or_before_payload,joint payload and regime maturity,remove_regime_residualizer,4,market-time block,cross_sectional,PRIMARY_SEARCH,MARKET_CONDITIONED_STOCK_PAYLOAD,False,ONE_MARKET_TIME_BLOCK_ONE_VOTE,cn.pair.411192e2bf2cd3a384b652041fac4089,cn_compositional_same_fields_market_regime_condition_v2,SAME_FULL_SHARD_UNIVERSE|SAME_TRADE_TIMES|SAME_SPLIT_ROLES|SAME_HORIZONS|SAME_SUPPORT_COORDINATES|SAME_PORTFOLIO_MODE|SAME_COST_ASSUMPTIONS,PRIMARY_CONTROL_FINITE_INTERSECTION_AT_SHARED_COORDINATE,MAX_PRIMARY_CONTROL_MATURITY_BEFORE_SHARED_SUPPORT,False,CONTROL,True,ALLOW,,"registry, PIT, unit, route, maturity, control and access contracts passed","CSRank(Add(ZScore($close),Mul(0,$ctx_sent_lb_3_num)))",8dd8db52de5601a3be41035ac121cb24b63cd1eeef7a816cb9139ebb469d8e89,7b7a46666c20b266a34919d3139d094e70f63695fc23cbf773a89905290a332d,"[""close"", ""ctx_sent_lb_3_num""]","[""cn.sf.d40f8f20500150cfff77216ced9c2922"", ""cn.sf.715daa55aa29d1f91b4713327928717a""]","[""cn.rep.f2107e4504bd106fcf3ccc678d1c96c8"", ""cn.rep.979a0f7fda54e71a0e3c3e1f720abf9b""]","[""root:CSRank"", ""root.CSRank[0]:Add"", ""root.CSRank[0].Add[0]:ZScore"", ""root.CSRank[0].Add[1]:Mul""]",state observable at or before candidate action time,RegistryDrivenGenerator,registry_compositional_v2,9,e4b334ae4acd33e64a498a1ed32424929fbc8740f5bfd15337e80e325ec8b38b
cn.comp.41647dc41ee32ae91efe,MARKET_REGIME_CONDITION,"CSRank(Mul(ZScore(Delta($ret_1m,5)),Transition($ctx_sent_downlimit_num,0,1)))",Transition,2026073210,typed_compositional_grammar_v2,cn.comp.41647dc41ee32ae91efe.control,"[""ret_1m"", ""ctx_sent_downlimit_num""]","[""ctx_sent_downlimit_num""]",False,ONE_SUPPORT_UNIT_ONE_VOTE,False,True,"[""development""]",False,False,cn_unified_registry_driven_compositional_v2,cn.comp.v2.market_regime_condition.regime_transition_response,stock response changes at regime transition,"[""PRIMARY"", ""CONDITION_ONLY""]",dimensionless-gated,market_state_observable_at_or_before_payload,joint payload and regime maturity,remove_transition_gate,4,market-time block,cross_sectional,PRIMARY_SEARCH,MARKET_CONDITIONED_STOCK_PAYLOAD,False,ONE_MARKET_TIME_BLOCK_ONE_VOTE,cn.pair.438cfa53ee1f034616e812bd49d5911e,cn_compositional_same_fields_market_regime_condition_v2,SAME_FULL_SHARD_UNIVERSE|SAME_TRADE_TIMES|SAME_SPLIT_ROLES|SAME_HORIZONS|SAME_SUPPORT_COORDINATES|SAME_PORTFOLIO_MODE|SAME_COST_ASSUMPTIONS,PRIMARY_CONTROL_FINITE_INTERSECTION_AT_SHARED_COORDINATE,MAX_PRIMARY_CONTROL_MATURITY_BEFORE_SHARED_SUPPORT,False,PRIMARY,True,ALLOW,,"registry, PIT, unit, route, maturity, control and access contracts passed","CSRank(Mul(ZScore(Delta($ret_1m,5)),Transition($ctx_sent_downlimit_num,0,1)))",7fa1c06f2b850a77966fa401143a7c3d8825ad93f15c5fbc0b6b53abbde92c41,70c7219226944ad9dbabc80ecebabec95ea93cf9cba1b336c1638f93626f1179,"[""ctx_sent_downlimit_num"", ""ret_1m""]","[""cn.sf.a8406cb748aac8ef4829267d277f193d"", ""cn.sf.7ac67c3e2be8e149c3c02a4842c21173""]","[""cn.rep.a69cbb2da9c7b48c93e003039a994157"", ""cn.rep.92264a877f9fcf2b53483a2833631e12""]","[""root:CSRank"", ""root.CSRank[0]:Mul"", ""root.CSRank[0].Mul[0]:ZScore"", ""root.CSRank[0].Mul[0].ZScore[0]:Delta"", ""root.CSRank[0].Mul[1]:Transition""]",state observable at or before candidate action time,RegistryDrivenGenerator,registry_compositional_v2,10,e4b334ae4acd33e64a498a1ed32424929fbc8740f5bfd15337e80e325ec8b38b
cn.comp.41647dc41ee32ae91efe.control,MARKET_REGIME_CONDITION,"CSRank(Add(ZScore($ret_1m),Mul(0,$ctx_sent_downlimit_num)))",Transition,2026073210,typed_compositional_grammar_v2,cn.comp.41647dc41ee32ae91efe,"[""ret_1m"", ""ctx_sent_downlimit_num""]","[""ctx_sent_downlimit_num""]",True,CONTROL_NO_SEPARATE_VOTE,False,True,"[""development""]",False,False,cn_unified_registry_driven_compositional_v2,cn.comp.v2.market_regime_condition.regime_transition_response,stock response changes at regime transition,"[""PRIMARY"", ""CONDITION_ONLY""]",dimensionless-gated,market_state_observable_at_or_before_payload,joint payload and regime maturity,remove_transition_gate,4,market-time block,cross_sectional,PRIMARY_SEARCH,MARKET_CONDITIONED_STOCK_PAYLOAD,False,ONE_MARKET_TIME_BLOCK_ONE_VOTE,cn.pair.438cfa53ee1f034616e812bd49d5911e,cn_compositional_same_fields_market_regime_condition_v2,SAME_FULL_SHARD_UNIVERSE|SAME_TRADE_TIMES|SAME_SPLIT_ROLES|SAME_HORIZONS|SAME_SUPPORT_COORDINATES|SAME_PORTFOLIO_MODE|SAME_COST_ASSUMPTIONS,PRIMARY_CONTROL_FINITE_INTERSECTION_AT_SHARED_COORDINATE,MAX_PRIMARY_CONTROL_MATURITY_BEFORE_SHARED_SUPPORT,False,CONTROL,True,ALLOW,,"registry, PIT, unit, route, maturity, control and access contracts passed","CSRank(Add(ZScore($ret_1m),Mul(0,$ctx_sent_downlimit_num)))",2427e0a4d2fa4382477e877943e9918b008b5342ed80fa33d10dd729c5e1d584,958941a6e504002afc357d5eb2edbec322a90098cbf11bcd8353342de8ee3770,"[""ctx_sent_downlimit_num"", ""ret_1m""]","[""cn.sf.a8406cb748aac8ef4829267d277f193d"", ""cn.sf.7ac67c3e2be8e149c3c02a4842c21173""]","[""cn.rep.a69cbb2da9c7b48c93e003039a994157"", ""cn.rep.92264a877f9fcf2b53483a2833631e12""]","[""root:CSRank"", ""root.CSRank[0]:Add"", ""root.CSRank[0].Add[0]:ZScore"", ""root.CSRank[0].Add[1]:Mul""]",state observable at or before candidate action time,RegistryDrivenGenerator,registry_compositional_v2,10,e4b334ae4acd33e64a498a1ed32424929fbc8740f5bfd15337e80e325ec8b38b
cn.comp.e23add3cf0f29daeaea1,MARKET_REGIME_CONDITION,"CSRank(Mul(Sign($intraday_ret_from_open),Persistence(Positive($ctx_sent_ditian_num),10)))",StateAge,2026073210,typed_compositional_grammar_v2,cn.comp.e23add3cf0f29daeaea1.control,"[""intraday_ret_from_open"", ""ctx_sent_ditian_num""]","[""ctx_sent_ditian_num""]",False,ONE_SUPPORT_UNIT_ONE_VOTE,False,True,"[""development""]",False,False,cn_unified_registry_driven_compositional_v2,cn.comp.v2.market_regime_condition.regime_maturity_payload,mature regime state modulates stock payload,"[""PRIMARY"", ""CONDITION_ONLY""]",dimensionless-gated,market_state_observable_at_or_before_payload,joint payload and regime maturity,remove_maturity_gate,4,market-time block,cross_sectional,PRIMARY_SEARCH,MARKET_CONDITIONED_STOCK_PAYLOAD,False,ONE_MARKET_TIME_BLOCK_ONE_VOTE,cn.pair.8fab282eae2aac36b26256a05819c853,cn_compositional_same_fields_market_regime_condition_v2,SAME_FULL_SHARD_UNIVERSE|SAME_TRADE_TIMES|SAME_SPLIT_ROLES|SAME_HORIZONS|SAME_SUPPORT_COORDINATES|SAME_PORTFOLIO_MODE|SAME_COST_ASSUMPTIONS,PRIMARY_CONTROL_FINITE_INTERSECTION_AT_SHARED_COORDINATE,MAX_PRIMARY_CONTROL_MATURITY_BEFORE_SHARED_SUPPORT,False,PRIMARY,True,ALLOW,,"registry, PIT, unit, route, maturity, control and access contracts passed","CSRank(Mul(Sign($intraday_ret_from_open),Persistence(Positive($ctx_sent_ditian_num),10)))",55e9c3b5f8da7e284cdd4a385e88cc8f1442503d697e1e8667e5de601e97cbfe,7caf883a34e60fbe607aa0d60244db14eb00467f9a158a405e01d4985d81a184,"[""ctx_sent_ditian_num"", ""intraday_ret_from_open""]","[""cn.sf.08d4245a02b3a7cfe8383f49cf76ba2a"", ""cn.sf.55ec8d1cbad581839da568b8db129b18""]","[""cn.rep.a28d51ecedfc0f8e3f58a254aa9921b5"", ""cn.rep.e96fb2c9f0d9da680687323d1fe0f6ae""]","[""root:CSRank"", ""root.CSRank[0]:Mul"", ""root.CSRank[0].Mul[0]:Sign"", ""root.CSRank[0].Mul[1]:Persistence"", ""root.CSRank[0].Mul[1].Persistence[0]:Positive""]",state observable at or before candidate action time,RegistryDrivenGenerator,registry_compositional_v2,11,e4b334ae4acd33e64a498a1ed32424929fbc8740f5bfd15337e80e325ec8b38b
cn.comp.e23add3cf0f29daeaea1.control,MARKET_REGIME_CONDITION,"CSRank(Add(ZScore($intraday_ret_from_open),Mul(0,$ctx_sent_ditian_num)))",StateAge,2026073210,typed_compositional_grammar_v2,cn.comp.e23add3cf0f29daeaea1,"[""intraday_ret_from_open"", ""ctx_sent_ditian_num""]","[""ctx_sent_ditian_num""]",True,CONTROL_NO_SEPARATE_VOTE,False,True,"[""development""]",False,False,cn_unified_registry_driven_compositional_v2,cn.comp.v2.market_regime_condition.regime_maturity_payload,mature regime state modulates stock payload,"[""PRIMARY"", ""CONDITION_ONLY""]",dimensionless-gated,market_state_observable_at_or_before_payload,joint payload and regime maturity,remove_maturity_gate,4,market-time block,cross_sectional,PRIMARY_SEARCH,MARKET_CONDITIONED_STOCK_PAYLOAD,False,ONE_MARKET_TIME_BLOCK_ONE_VOTE,cn.pair.8fab282eae2aac36b26256a05819c853,cn_compositional_same_fields_market_regime_condition_v2,SAME_FULL_SHARD_UNIVERSE|SAME_TRADE_TIMES|SAME_SPLIT_ROLES|SAME_HORIZONS|SAME_SUPPORT_COORDINATES|SAME_PORTFOLIO_MODE|SAME_COST_ASSUMPTIONS,PRIMARY_CONTROL_FINITE_INTERSECTION_AT_SHARED_COORDINATE,MAX_PRIMARY_CONTROL_MATURITY_BEFORE_SHARED_SUPPORT,False,CONTROL,True,ALLOW,,"registry, PIT, unit, route, maturity, control and access contracts passed","CSRank(Add(ZScore($intraday_ret_from_open),Mul(0,$ctx_sent_ditian_num)))",ffe99d6f2214f5a412a2558d4075d3642da528edb0f416f797825d79716e8784,cad15007b22fb9b42c3bb69b2da3e5add558295b8d704eaac2eb9dab113c1c6f,"[""ctx_sent_ditian_num"", ""intraday_ret_from_open""]","[""cn.sf.08d4245a02b3a7cfe8383f49cf76ba2a"", ""cn.sf.55ec8d1cbad581839da568b8db129b18""]","[""cn.rep.a28d51ecedfc0f8e3f58a254aa9921b5"", ""cn.rep.e96fb2c9f0d9da680687323d1fe0f6ae""]","[""root:CSRank"", ""root.CSRank[0]:Add"", ""root.CSRank[0].Add[0]:ZScore"", ""root.CSRank[0].Add[1]:Mul""]",state observable at or before candidate action time,RegistryDrivenGenerator,registry_compositional_v2,11,e4b334ae4acd33e64a498a1ed32424929fbc8740f5bfd15337e80e325ec8b38b
cn.comp.fe3ee41a5c71effe2111,MARKET_REGIME_CONDITION,"CSRank(Mul(MultiScaleRelation($vwap,$ctx_sent_uplimit_num,5,20),Sign($ctx_sent_uplimit_num)))",RegimeInteraction,2026073210,typed_compositional_grammar_v2,cn.comp.fe3ee41a5c71effe2111.control,"[""vwap"", ""ctx_sent_uplimit_num""]","[""ctx_sent_uplimit_num""]",False,ONE_SUPPORT_UNIT_ONE_VOTE,False,True,"[""development""]",False,False,cn_unified_registry_driven_compositional_v2,cn.comp.v2.market_regime_condition.regime_multiscale_response,short and long payload relation changes by regime,"[""PRIMARY"", ""CONDITION_ONLY""]",dimensionless-relation,market_state_observable_at_or_before_payload,joint payload and regime maturity,remove_multiscale_leg,4,market-time block,cross_sectional,PRIMARY_SEARCH,MARKET_CONDITIONED_STOCK_PAYLOAD,False,ONE_MARKET_TIME_BLOCK_ONE_VOTE,cn.pair.182dc2e54361870ce4b8fd74a3b7d01c,cn_compositional_same_fields_market_regime_condition_v2,SAME_FULL_SHARD_UNIVERSE|SAME_TRADE_TIMES|SAME_SPLIT_ROLES|SAME_HORIZONS|SAME_SUPPORT_COORDINATES|SAME_PORTFOLIO_MODE|SAME_COST_ASSUMPTIONS,PRIMARY_CONTROL_FINITE_INTERSECTION_AT_SHARED_COORDINATE,MAX_PRIMARY_CONTROL_MATURITY_BEFORE_SHARED_SUPPORT,False,PRIMARY,True,ALLOW,,"registry, PIT, unit, route, maturity, control and access contracts passed","CSRank(Mul(MultiScaleRelation($vwap,$ctx_sent_uplimit_num,5,20),Sign($ctx_sent_uplimit_num)))",428e5ee7220795d325c3a04e4f2315a844d18e5d0667807dfd7c84b2afbf7451,e15b4e39c52efd1e45fae3f1e969b3ded0fe1ecd6aa45d0d1279b650c304c0b0,"[""ctx_sent_uplimit_num"", ""vwap""]","[""cn.sf.dd75e56d8855a9c47293f6855726261a"", ""cn.sf.b4279506efdad23a752311a627c7060d""]","[""cn.rep.150861d5fd9022426bb203e30c3e1e6a"", ""cn.rep.83d251a9f86f7e4fec75b8902aaa881b""]","[""root:CSRank"", ""root.CSRank[0]:Mul"", ""root.CSRank[0].Mul[0]:MultiScaleRelation"", ""root.CSRank[0].Mul[1]:Sign""]",state observable at or before candidate action time,RegistryDrivenGenerator,registry_compositional_v2,13,e4b334ae4acd33e64a498a1ed32424929fbc8740f5bfd15337e80e325ec8b38b
cn.comp.fe3ee41a5c71effe2111.control,MARKET_REGIME_CONDITION,"CSRank(Add(ZScore($vwap),Mul(0,$ctx_sent_uplimit_num)))",RegimeInteraction,2026073210,typed_compositional_grammar_v2,cn.comp.fe3ee41a5c71effe2111,"[""vwap"", ""ctx_sent_uplimit_num""]","[""ctx_sent_uplimit_num""]",True,CONTROL_NO_SEPARATE_VOTE,False,True,"[""development""]",False,False,cn_unified_registry_driven_compositional_v2,cn.comp.v2.market_regime_condition.regime_multiscale_response,short and long payload relation changes by regime,"[""PRIMARY"", ""CONDITION_ONLY""]",dimensionless-relation,market_state_observable_at_or_before_payload,joint payload and regime maturity,remove_multiscale_leg,4,market-time block,cross_sectional,PRIMARY_SEARCH,MARKET_CONDITIONED_STOCK_PAYLOAD,False,ONE_MARKET_TIME_BLOCK_ONE_VOTE,cn.pair.182dc2e54361870ce4b8fd74a3b7d01c,cn_compositional_same_fields_market_regime_condition_v2,SAME_FULL_SHARD_UNIVERSE|SAME_TRADE_TIMES|SAME_SPLIT_ROLES|SAME_HORIZONS|SAME_SUPPORT_COORDINATES|SAME_PORTFOLIO_MODE|SAME_COST_ASSUMPTIONS,PRIMARY_CONTROL_FINITE_INTERSECTION_AT_SHARED_COORDINATE,MAX_PRIMARY_CONTROL_MATURITY_BEFORE_SHARED_SUPPORT,False,CONTROL,True,ALLOW,,"registry, PIT, unit, route, maturity, control and access contracts passed","CSRank(Add(ZScore($vwap),Mul(0,$ctx_sent_uplimit_num)))",b74fa32ae96cc58b697fe90628c3afe664803b6f84b4aeabc90188d5cb599900,2d45db66ceb7ad38a1c3910c325078bc550239fd72476f89c3c9bc5de97ae89c,"[""ctx_sent_uplimit_num"", ""vwap""]","[""cn.sf.dd75e56d8855a9c47293f6855726261a"", ""cn.sf.b4279506efdad23a752311a627c7060d""]","[""cn.rep.150861d5fd9022426bb203e30c3e1e6a"", ""cn.rep.83d251a9f86f7e4fec75b8902aaa881b""]","[""root:CSRank"", ""root.CSRank[0]:Add"", ""root.CSRank[0].Add[0]:ZScore"", ""root.CSRank[0].Add[1]:Mul""]",state observable at or before candidate action time,RegistryDrivenGenerator,registry_compositional_v2,13,e4b334ae4acd33e64a498a1ed32424929fbc8740f5bfd15337e80e325ec8b38b
cn.comp.0d9098cec24287aea90f,MARKET_REGIME_CONDITION,"CSRank(Add(ZScore($amount),Mul(PathShape($amount,3),Sign($ctx_sent_lb_3_num))))",ConditionGate,2026073210,typed_compositional_grammar_v2,cn.comp.0d9098cec24287aea90f.control,"[""amount"", ""ctx_sent_lb_3_num""]","[""ctx_sent_lb_3_num""]",False,ONE_SUPPORT_UNIT_ONE_VOTE,False,True,"[""development""]",False,False,cn_unified_registry_driven_compositional_v2,cn.comp.v2.market_regime_condition.regime_persistence_gate,persistent regime differs from transient state,"[""PRIMARY"", ""CONDITION_ONLY""]",dimensionless-gated,market_state_observable_at_or_before_payload,joint payload and regime maturity,remove_persistence_gate,4,market-time block,cross_sectional,PRIMARY_SEARCH,MARKET_CONDITIONED_STOCK_PAYLOAD,False,ONE_MARKET_TIME_BLOCK_ONE_VOTE,cn.pair.0b802c573d8ad39047640ec6ad6b9139,cn_compositional_same_fields_market_regime_condition_v2,SAME_FULL_SHARD_UNIVERSE|SAME_TRADE_TIMES|SAME_SPLIT_ROLES|SAME_HORIZONS|SAME_SUPPORT_COORDINATES|SAME_PORTFOLIO_MODE|SAME_COST_ASSUMPTIONS,PRIMARY_CONTROL_FINITE_INTERSECTION_AT_SHARED_COORDINATE,MAX_PRIMARY_CONTROL_MATURITY_BEFORE_SHARED_SUPPORT,False,PRIMARY,True,ALLOW,,"registry, PIT, unit, route, maturity, control and access contracts passed","CSRank(Add(ZScore($amount),Mul(PathShape($amount,3),Sign($ctx_sent_lb_3_num))))",4e74a08dc3c443bde88bfdbf9c70530645cf7f4f286f945ee08f9d10714ae9ee,25949400dc42d4d8a50b5bc04abdf766911913f55252e8c517c3c0ed251f1e50,"[""amount"", ""ctx_sent_lb_3_num""]","[""cn.sf.621923f2d222470d1900a03583de5059"", ""cn.sf.715daa55aa29d1f91b4713327928717a""]","[""cn.rep.e1a6c7e4ed4d3bdd8b53a3bda3fa28d9"", ""cn.rep.979a0f7fda54e71a0e3c3e1f720abf9b""]","[""root:CSRank"", ""root.CSRank[0]:Add"", ""root.CSRank[0].Add[0]:ZScore"", ""root.CSRank[0].Add[1]:Mul"", ""root.CSRank[0].Add[1].Mul[0]:PathShape"", ""root.CSRank[0].Add[1].Mul[1]:Sign""]",state observable at or before candidate action time,RegistryDrivenGenerator,registry_compositional_v2,15,e4b334ae4acd33e64a498a1ed32424929fbc8740f5bfd15337e80e325ec8b38b
cn.comp.0d9098cec24287aea90f.control,MARKET_REGIME_CONDITION,"CSRank(Add(ZScore($amount),Mul(0,$ctx_sent_lb_3_num)))",ConditionGate,2026073210,typed_compositional_grammar_v2,cn.comp.0d9098cec24287aea90f,"[""amount"", ""ctx_sent_lb_3_num""]","[""ctx_sent_lb_3_num""]",True,CONTROL_NO_SEPARATE_VOTE,False,True,"[""development""]",False,False,cn_unified_registry_driven_compositional_v2,cn.comp.v2.market_regime_condition.regime_persistence_gate,persistent regime differs from transient state,"[""PRIMARY"", ""CONDITION_ONLY""]",dimensionless-gated,market_state_observable_at_or_before_payload,joint payload and regime maturity,remove_persistence_gate,4,market-time block,cross_sectional,PRIMARY_SEARCH,MARKET_CONDITIONED_STOCK_PAYLOAD,False,ONE_MARKET_TIME_BLOCK_ONE_VOTE,cn.pair.0b802c573d8ad39047640ec6ad6b9139,cn_compositional_same_fields_market_regime_condition_v2,SAME_FULL_SHARD_UNIVERSE|SAME_TRADE_TIMES|SAME_SPLIT_ROLES|SAME_HORIZONS|SAME_SUPPORT_COORDINATES|SAME_PORTFOLIO_MODE|SAME_COST_ASSUMPTIONS,PRIMARY_CONTROL_FINITE_INTERSECTION_AT_SHARED_COORDINATE,MAX_PRIMARY_CONTROL_MATURITY_BEFORE_SHARED_SUPPORT,False,CONTROL,True,ALLOW,,"registry, PIT, unit, route, maturity, control and access contracts passed","CSRank(Add(ZScore($amount),Mul(0,$ctx_sent_lb_3_num)))",0b8cfbfdf058e5ddc0d4c6084a9b42c6380925c50bceae305a8277b5a20b3008,2c11dde64bcea1dcfbfca83f8254ccef25708ef71902e78743c7fca27881dc81,"[""amount"", ""ctx_sent_lb_3_num""]","[""cn.sf.621923f2d222470d1900a03583de5059"", ""cn.sf.715daa55aa29d1f91b4713327928717a""]","[""cn.rep.e1a6c7e4ed4d3bdd8b53a3bda3fa28d9"", ""cn.rep.979a0f7fda54e71a0e3c3e1f720abf9b""]","[""root:CSRank"", ""root.CSRank[0]:Add"", ""root.CSRank[0].Add[0]:ZScore"", ""root.CSRank[0].Add[1]:Mul""]",state observable at or before candidate action time,RegistryDrivenGenerator,registry_compositional_v2,15,e4b334ae4acd33e64a498a1ed32424929fbc8740f5bfd15337e80e325ec8b38b
