run_id,field_id,source_field_id,source_family,route_id,operator_family,proposal_count,legal_count,canonical_count,exact_count,admission_count,strict_count,survivor_count,behavior_cluster_count,matched_control_count,development_increment_positive_count,challenge_count,forward_count,zero_budget,not_executed_reason
cn_unified_capability_integration_discovery_v1_discovery_seed_b,amount,cn.sf.621923f2d222470d1900a03583de5059,raw_1min,FIRSTN_PATH,SignedPath,6,6,6,6,2,2,0,6,3,3,0,0,False,
cn_unified_capability_integration_discovery_v1_discovery_seed_b,amount,cn.sf.621923f2d222470d1900a03583de5059,raw_1min,INTRADAY_STATE_TRANSITION,Transition,2,2,2,2,0,0,0,1,1,0,0,0,False,
cn_unified_capability_integration_discovery_v1_discovery_seed_b,amount,cn.sf.621923f2d222470d1900a03583de5059,raw_1min,MARKET_REGIME_CONDITION,ConditionGate,2,2,2,2,0,0,0,2,1,0,0,0,False,
cn_unified_capability_integration_discovery_v1_discovery_seed_b,amount,cn.sf.621923f2d222470d1900a03583de5059,raw_1min,MINUTE_STATIC,Arithmetic,4,4,4,4,0,0,0,4,2,0,0,0,False,
cn_unified_capability_integration_discovery_v1_discovery_seed_b,amount_yuan,cn.sf.dceb5c19b0a46f64c4a2954cf5620c18,raw_1min,FIRSTN_PATH,SignedPath,2,2,2,2,0,0,0,2,1,0,0,0,False,
cn_unified_capability_integration_discovery_v1_discovery_seed_b,amount_yuan,cn.sf.dceb5c19b0a46f64c4a2954cf5620c18,raw_1min,INTRADAY_STATE_TRANSITION,Transition,4,4,4,4,2,2,0,2,2,0,0,0,False,
cn_unified_capability_integration_discovery_v1_discovery_seed_b,amount_yuan,cn.sf.dceb5c19b0a46f64c4a2954cf5620c18,raw_1min,MARKET_REGIME_CONDITION,ConditionGate,2,2,2,2,0,0,0,1,1,0,0,0,False,
cn_unified_capability_integration_discovery_v1_discovery_seed_b,amount_yuan,cn.sf.dceb5c19b0a46f64c4a2954cf5620c18,raw_1min,MINUTE_STATIC,Arithmetic,6,6,6,6,4,0,0,6,3,2,0,0,False,
cn_unified_capability_integration_discovery_v1_discovery_seed_b,broad_event_01166fdd6c3a2aab,cn.sf.16770ae20629139dfe4db0f44729f34c,broad_event_frozen_entry,BROAD_EVENT_FROZEN_ENTRY,FrozenMechanismReplay,1,1,1,1,1,1,0,1,1,0,0,0,False,
cn_unified_capability_integration_discovery_v1_discovery_seed_b,broad_event_01166fdd6c3a2aab,cn.sf.16770ae20629139dfe4db0f44729f34c,broad_event_frozen_entry,BROAD_EVENT_FROZEN_ENTRY,MatchedControlReplay,1,1,1,1,1,1,0,1,0,0,0,0,False,
cn_unified_capability_integration_discovery_v1_discovery_seed_b,broad_event_16c53855e757c585,cn.sf.b0d5e75cf02a2e8f77fb0ddbec90b98c,broad_event_frozen_entry,BROAD_EVENT_FROZEN_ENTRY,FrozenMechanismReplay,1,1,1,1,1,1,1,1,1,1,0,0,False,
cn_unified_capability_integration_discovery_v1_discovery_seed_b,broad_event_16c53855e757c585,cn.sf.b0d5e75cf02a2e8f77fb0ddbec90b98c,broad_event_frozen_entry,BROAD_EVENT_FROZEN_ENTRY,MatchedControlReplay,1,1,1,1,1,1,0,1,0,0,0,0,False,
cn_unified_capability_integration_discovery_v1_discovery_seed_b,broad_event_4fbf6cc691461c6c,cn.sf.ea671da5308f41050d709f1fd50c5048,broad_event_frozen_entry,BROAD_EVENT_FROZEN_ENTRY,FrozenMechanismReplay,1,1,1,1,1,1,0,1,1,1,0,0,False,
cn_unified_capability_integration_discovery_v1_discovery_seed_b,broad_event_4fbf6cc691461c6c,cn.sf.ea671da5308f41050d709f1fd50c5048,broad_event_frozen_entry,BROAD_EVENT_FROZEN_ENTRY,MatchedControlReplay,1,1,1,1,1,1,0,1,0,0,0,0,False,
cn_unified_capability_integration_discovery_v1_discovery_seed_b,broad_event_7b391e59670c491e,cn.sf.ea671da5308f41050d709f1fd50c5048,broad_event_frozen_entry,BROAD_EVENT_FROZEN_ENTRY,FrozenMechanismReplay,1,1,1,1,1,1,0,1,1,1,0,0,False,
cn_unified_capability_integration_discovery_v1_discovery_seed_b,broad_event_7b391e59670c491e,cn.sf.ea671da5308f41050d709f1fd50c5048,broad_event_frozen_entry,BROAD_EVENT_FROZEN_ENTRY,MatchedControlReplay,1,1,1,1,1,1,0,1,0,0,0,0,False,
cn_unified_capability_integration_discovery_v1_discovery_seed_b,broad_event_8a64cdfefa6bcc35,cn.sf.b0d5e75cf02a2e8f77fb0ddbec90b98c,broad_event_frozen_entry,BROAD_EVENT_FROZEN_ENTRY,FrozenMechanismReplay,1,1,1,1,1,1,1,1,1,1,0,0,False,
cn_unified_capability_integration_discovery_v1_discovery_seed_b,broad_event_8a64cdfefa6bcc35,cn.sf.b0d5e75cf02a2e8f77fb0ddbec90b98c,broad_event_frozen_entry,BROAD_EVENT_FROZEN_ENTRY,MatchedControlReplay,1,1,1,1,1,1,0,1,0,0,0,0,False,
cn_unified_capability_integration_discovery_v1_discovery_seed_b,broad_event_9041949344c58bcf,cn.sf.6cdeac980794379dc3a91fb83cdf28cb,broad_event_frozen_entry,BROAD_EVENT_FROZEN_ENTRY,FrozenMechanismReplay,1,1,1,1,1,1,1,1,1,1,0,0,False,
cn_unified_capability_integration_discovery_v1_discovery_seed_b,broad_event_9041949344c58bcf,cn.sf.6cdeac980794379dc3a91fb83cdf28cb,broad_event_frozen_entry,BROAD_EVENT_FROZEN_ENTRY,MatchedControlReplay,1,1,1,1,1,1,0,1,0,0,0,0,False,
cn_unified_capability_integration_discovery_v1_discovery_seed_b,broad_event_9618ee1100155073,cn.sf.b0d5e75cf02a2e8f77fb0ddbec90b98c,broad_event_frozen_entry,BROAD_EVENT_FROZEN_ENTRY,FrozenMechanismReplay,1,1,1,1,1,1,0,1,1,0,0,0,False,
cn_unified_capability_integration_discovery_v1_discovery_seed_b,broad_event_9618ee1100155073,cn.sf.b0d5e75cf02a2e8f77fb0ddbec90b98c,broad_event_frozen_entry,BROAD_EVENT_FROZEN_ENTRY,MatchedControlReplay,1,1,1,1,1,1,0,1,0,0,0,0,False,
cn_unified_capability_integration_discovery_v1_discovery_seed_b,broad_event_ac96e6d4db507a1a,cn.sf.ea671da5308f41050d709f1fd50c5048,broad_event_frozen_entry,BROAD_EVENT_FROZEN_ENTRY,FrozenMechanismReplay,1,1,1,1,1,1,0,1,1,1,0,0,False,
cn_unified_capability_integration_discovery_v1_discovery_seed_b,broad_event_ac96e6d4db507a1a,cn.sf.ea671da5308f41050d709f1fd50c5048,broad_event_frozen_entry,BROAD_EVENT_FROZEN_ENTRY,MatchedControlReplay,1,1,1,1,1,1,0,1,0,0,0,0,False,
cn_unified_capability_integration_discovery_v1_discovery_seed_b,broad_event_b22d9565d0b39241,cn.sf.16770ae20629139dfe4db0f44729f34c,broad_event_frozen_entry,BROAD_EVENT_FROZEN_ENTRY,FrozenMechanismReplay,1,1,1,1,1,1,0,1,1,0,0,0,False,
cn_unified_capability_integration_discovery_v1_discovery_seed_b,broad_event_b22d9565d0b39241,cn.sf.16770ae20629139dfe4db0f44729f34c,broad_event_frozen_entry,BROAD_EVENT_FROZEN_ENTRY,MatchedControlReplay,1,1,1,1,1,1,0,1,0,0,0,0,False,
cn_unified_capability_integration_discovery_v1_discovery_seed_b,broad_event_cf70889cec0c77df,cn.sf.6cdeac980794379dc3a91fb83cdf28cb,broad_event_frozen_entry,BROAD_EVENT_FROZEN_ENTRY,FrozenMechanismReplay,1,1,1,1,1,1,1,1,1,1,0,0,False,
cn_unified_capability_integration_discovery_v1_discovery_seed_b,broad_event_cf70889cec0c77df,cn.sf.6cdeac980794379dc3a91fb83cdf28cb,broad_event_frozen_entry,BROAD_EVENT_FROZEN_ENTRY,MatchedControlReplay,1,1,1,1,1,1,0,1,0,0,0,0,False,
cn_unified_capability_integration_discovery_v1_discovery_seed_b,broad_event_d42c0973350238e0,cn.sf.ea671da5308f41050d709f1fd50c5048,broad_event_frozen_entry,BROAD_EVENT_FROZEN_ENTRY,FrozenMechanismReplay,1,1,1,1,1,1,0,1,1,1,0,0,False,
cn_unified_capability_integration_discovery_v1_discovery_seed_b,broad_event_d42c0973350238e0,cn.sf.ea671da5308f41050d709f1fd50c5048,broad_event_frozen_entry,BROAD_EVENT_FROZEN_ENTRY,MatchedControlReplay,1,1,1,1,1,1,0,1,0,0,0,0,False,
cn_unified_capability_integration_discovery_v1_discovery_seed_b,close,cn.sf.d40f8f20500150cfff77216ced9c2922,raw_1min,FIRSTN_PATH,SignedPath,2,2,2,2,2,0,0,1,1,0,0,0,False,
cn_unified_capability_integration_discovery_v1_discovery_seed_b,close,cn.sf.d40f8f20500150cfff77216ced9c2922,raw_1min,INTRADAY_STATE_TRANSITION,Transition,14,14,14,14,6,4,0,7,7,0,0,0,False,
cn_unified_capability_integration_discovery_v1_discovery_seed_b,close,cn.sf.d40f8f20500150cfff77216ced9c2922,raw_1min,MARKET_REGIME_CONDITION,ConditionGate,4,4,4,4,2,0,0,1,2,0,0,0,False,
cn_unified_capability_integration_discovery_v1_discovery_seed_b,close,cn.sf.d40f8f20500150cfff77216ced9c2922,raw_1min,MINUTE_STATIC,Arithmetic,4,4,4,4,2,0,0,4,2,0,0,0,False,
cn_unified_capability_integration_discovery_v1_discovery_seed_b,ctx_billboard_accum_amount,cn.sf.6cc9527dc6817d39f96d71288edfddea,lagged_daily_context,SLOW_CROSS_SECTIONAL_LEVEL,CSRank,2,2,2,2,0,0,0,2,1,0,0,0,False,
cn_unified_capability_integration_discovery_v1_discovery_seed_b,ctx_billboard_buy_ratio,cn.sf.907793dda44688dbf82f540d3aca661b,lagged_daily_context,SLOW_TEMPORAL_CHANGE,Delta,2,2,2,2,0,0,0,2,1,0,0,0,False,
cn_unified_capability_integration_discovery_v1_discovery_seed_b,ctx_billboard_deal_amount_ratio,cn.sf.bd7877b41fb441079341d1aa339e3f35,lagged_daily_context,SLOW_CROSS_SECTIONAL_LEVEL,CSRank,2,2,2,2,0,0,0,2,1,0,0,0,False,
cn_unified_capability_integration_discovery_v1_discovery_seed_b,ctx_billboard_deal_net_ratio,cn.sf.356774b96f3e40690e94034816616d29,lagged_daily_context,SLOW_CROSS_SECTIONAL_LEVEL,CSRank,2,2,2,2,0,0,0,2,1,0,0,0,False,
cn_unified_capability_integration_discovery_v1_discovery_seed_b,ctx_hfq_market_cap_yuan,cn.sf.9fc7a99ef38bd72d6d6caa20b65396f3,lagged_daily_context,SLOW_CROSS_SECTIONAL_LEVEL,CSRank,2,2,2,2,0,0,0,2,1,0,0,0,False,
cn_unified_capability_integration_discovery_v1_discovery_seed_b,ctx_hfq_pe_ttm,cn.sf.009895eaf5bc14bcfc543ac8d67952e9,lagged_daily_context,SLOW_CROSS_SECTIONAL_LEVEL,CSRank,2,2,2,2,2,0,0,2,1,1,0,0,False,
cn_unified_capability_integration_discovery_v1_discovery_seed_b,ctx_hfq_ps_ttm,cn.sf.30b1d0ad56bcaf789ae3ea7931ff825b,lagged_daily_context,SLOW_CROSS_SECTIONAL_LEVEL,CSRank,2,2,2,2,2,0,0,2,1,0,0,0,False,
cn_unified_capability_integration_discovery_v1_discovery_seed_b,ctx_hfq_turnover_ratio,cn.sf.cc4fd7b343b9e8f35217f25e482d77b5,lagged_daily_context,SLOW_TEMPORAL_CHANGE,Delta,2,2,2,2,0,0,0,2,1,0,0,0,False,
cn_unified_capability_integration_discovery_v1_discovery_seed_b,ctx_hfq_volume_ratio,cn.sf.0734fa427f0bbe4b475e57f1a62f0d77,lagged_daily_context,SLOW_CROSS_SECTIONAL_LEVEL,CSRank,2,2,2,2,0,0,0,2,1,0,0,0,False,
cn_unified_capability_integration_discovery_v1_discovery_seed_b,ctx_holder_avg_market_cap,cn.sf.49aa5b3883600c0b60426d992430429e,lagged_daily_context,SLOW_CROSS_SECTIONAL_LEVEL,CSRank,2,2,2,2,0,0,0,2,1,0,0,0,False,
cn_unified_capability_integration_discovery_v1_discovery_seed_b,ctx_holder_holder_num,cn.sf.3c17f68267b2c717ed21cf37d46de356,lagged_daily_context,SLOW_CROSS_SECTIONAL_LEVEL,CSRank,2,2,2,2,0,0,0,2,1,0,0,0,False,
cn_unified_capability_integration_discovery_v1_discovery_seed_b,ctx_holder_holder_num_ratio,cn.sf.38290cbd009c41d5ad3bb58292e86a68,lagged_daily_context,SLOW_CROSS_SECTIONAL_LEVEL,CSRank,2,2,2,2,2,2,0,2,1,0,0,0,False,
cn_unified_capability_integration_discovery_v1_discovery_seed_b,ctx_rzrq_rzjme,cn.sf.186d68406e6cd10856039b75bc9a3146,lagged_daily_context,SLOW_CROSS_SECTIONAL_LEVEL,CSRank,2,2,2,2,0,0,0,2,1,0,0,0,False,
cn_unified_capability_integration_discovery_v1_discovery_seed_b,ctx_rzrq_rzye,cn.sf.106a7cd10859bd80f37d7a27bdd548b8,lagged_daily_context,SLOW_CROSS_SECTIONAL_LEVEL,CSRank,2,2,2,2,2,2,0,2,1,0,0,0,False,
cn_unified_capability_integration_discovery_v1_discovery_seed_b,ctx_rzrq_rzyezb,cn.sf.2cd13addabe837f7b86c6f302ca9d873,lagged_daily_context,SLOW_CROSS_SECTIONAL_LEVEL,CSRank,2,2,2,2,0,0,0,2,1,0,0,0,False,
cn_unified_capability_integration_discovery_v1_discovery_seed_b,ctx_rzrq_rzyezb,cn.sf.2cd13addabe837f7b86c6f302ca9d873,lagged_daily_context,SLOW_TEMPORAL_CHANGE,Delta,2,2,2,2,0,0,0,2,1,0,0,0,False,
cn_unified_capability_integration_discovery_v1_discovery_seed_b,ctx_sent_damian_num,cn.sf.b1d4766d72ccc295bf9a6cef38e0b6f0,lagged_daily_context,MARKET_REGIME_CONDITION,ConditionGate,4,4,4,4,4,4,0,4,2,1,0,0,False,
cn_unified_capability_integration_discovery_v1_discovery_seed_b,ctx_sent_ditian_num,cn.sf.08d4245a02b3a7cfe8383f49cf76ba2a,lagged_daily_context,MARKET_REGIME_CONDITION,ConditionGate,2,2,2,2,0,0,0,2,1,0,0,0,False,
cn_unified_capability_integration_discovery_v1_discovery_seed_b,ctx_sent_down_num,cn.sf.c5050c71558a5b5cc88417b64e8fbc9e,lagged_daily_context,MARKET_REGIME_CONDITION,ConditionGate,4,4,4,4,2,2,0,3,2,0,0,0,False,
cn_unified_capability_integration_discovery_v1_discovery_seed_b,ctx_sent_downlimit_num,cn.sf.a8406cb748aac8ef4829267d277f193d,lagged_daily_context,MARKET_REGIME_CONDITION,ConditionGate,4,4,4,4,0,0,0,2,2,0,0,0,False,
cn_unified_capability_integration_discovery_v1_discovery_seed_b,ctx_sent_gt5_num,cn.sf.e223dd2a3022c9e73b2fc82ee96ae68e,lagged_daily_context,MARKET_REGIME_CONDITION,ConditionGate,2,2,2,2,2,0,0,1,1,0,0,0,False,
cn_unified_capability_integration_discovery_v1_discovery_seed_b,ctx_sent_lb_2_num,cn.sf.68dfb05b493b72281b3e51f16c2ea06e,lagged_daily_context,MARKET_REGIME_CONDITION,ConditionGate,2,2,2,2,0,0,0,1,1,0,0,0,False,
cn_unified_capability_integration_discovery_v1_discovery_seed_b,ctx_sent_lb_3_num,cn.sf.715daa55aa29d1f91b4713327928717a,lagged_daily_context,MARKET_REGIME_CONDITION,ConditionGate,2,2,2,2,2,0,0,1,1,0,0,0,False,
cn_unified_capability_integration_discovery_v1_discovery_seed_b,ctx_sent_lb_h_num,cn.sf.c87388e2593a51986835fa503cfec6b4,lagged_daily_context,MARKET_REGIME_CONDITION,ConditionGate,4,4,4,4,0,0,0,2,2,0,0,0,False,
cn_unified_capability_integration_discovery_v1_discovery_seed_b,ctx_sent_max_lb_num,cn.sf.8e8f92c9721335845db786ef5eca72b8,lagged_daily_context,MARKET_REGIME_CONDITION,ConditionGate,2,2,2,2,0,0,0,1,1,0,0,0,False,
cn_unified_capability_integration_discovery_v1_discovery_seed_b,ctx_sent_tiandi_num,cn.sf.3b8d86c3ad84fdbf15c669af48c2662f,lagged_daily_context,MARKET_REGIME_CONDITION,ConditionGate,2,2,2,2,0,0,0,2,1,0,0,0,False,
cn_unified_capability_integration_discovery_v1_discovery_seed_b,ctx_sent_zb_num,cn.sf.76ee65c36ddf54363d93d38faaf702a9,lagged_daily_context,MARKET_REGIME_CONDITION,ConditionGate,2,2,2,2,0,0,0,1,1,0,0,0,False,
cn_unified_capability_integration_discovery_v1_discovery_seed_b,ctx_ths_hot_rank_diff,cn.sf.da602ec3f760519431b4b84a5c4d187d,lagged_daily_context,SLOW_CROSS_SECTIONAL_LEVEL,CSRank,2,2,2,2,0,0,0,1,1,0,0,0,False,
cn_unified_capability_integration_discovery_v1_discovery_seed_b,fund_ba_accounts_payable_acceleration,cn.sf.e5984e907750728bdd7a9045c518e5e8,canonical_fundamental_working_capital,SLOW_TEMPORAL_CHANGE,Acceleration,2,2,2,2,2,2,0,2,1,0,0,0,False,
cn_unified_capability_integration_discovery_v1_discovery_seed_b,fund_ba_accounts_rece_source_yoy,cn.sf.0dc5be68ccec1227b8b0db86fa41fb51,canonical_fundamental_growth,SLOW_TEMPORAL_CHANGE,YoY,2,2,2,2,2,2,0,2,1,0,0,0,False,
cn_unified_capability_integration_discovery_v1_discovery_seed_b,fund_ba_fixed_asset_acceleration,cn.sf.5d1556b20b4bd64f0481038c60683efc,canonical_fundamental_capital_investment,SLOW_TEMPORAL_CHANGE,Acceleration,2,2,2,2,2,0,0,2,1,0,0,0,False,
cn_unified_capability_integration_discovery_v1_discovery_seed_b,fund_ba_inventory_delta,cn.sf.b8125b47ca797d0c04fc5edc8d729586,canonical_fundamental_working_capital,SLOW_TEMPORAL_CHANGE,Delta,2,2,2,2,2,0,0,2,1,0,0,0,False,
cn_unified_capability_integration_discovery_v1_discovery_seed_b,fund_ba_inventory_persistence,cn.sf.b8125b47ca797d0c04fc5edc8d729586,canonical_fundamental_working_capital,SLOW_TEMPORAL_CHANGE,Persistence,2,2,2,2,0,0,0,2,1,0,0,0,False,
cn_unified_capability_integration_discovery_v1_discovery_seed_b,fund_ba_total_assets_slope,cn.sf.60d83a7afdd194b37a2c575c23983508,canonical_fundamental_size,SLOW_TEMPORAL_CHANGE,Slope,2,2,2,2,0,0,0,2,1,0,0,0,False,
cn_unified_capability_integration_discovery_v1_discovery_seed_b,fund_ba_total_assets_yoy,cn.sf.60d83a7afdd194b37a2c575c23983508,canonical_fundamental_growth,SLOW_TEMPORAL_CHANGE,YoY,2,2,2,2,0,0,0,2,1,0,0,0,False,
cn_unified_capability_integration_discovery_v1_discovery_seed_b,fund_ba_total_current_liab_delta,cn.sf.5aff3d89cb1dd27d431ef1fab7046ee9,canonical_fundamental_liquidity_solvency,SLOW_TEMPORAL_CHANGE,Delta,2,2,2,2,0,0,0,2,1,0,0,0,False,
cn_unified_capability_integration_discovery_v1_discovery_seed_b,fund_ba_total_liabilities_acceleration,cn.sf.911bcfaee1a839850a29432cd89e35a8,canonical_fundamental_leverage,SLOW_TEMPORAL_CHANGE,Acceleration,2,2,2,2,2,0,0,2,1,1,0,0,False,
cn_unified_capability_integration_discovery_v1_discovery_seed_b,fund_ca_construct_long_asset_source_yoy,cn.sf.b4e3400210cfe32f21686b825b0e7c79,canonical_fundamental_growth,SLOW_TEMPORAL_CHANGE,YoY,2,2,2,2,2,2,0,2,1,0,0,0,False,
cn_unified_capability_integration_discovery_v1_discovery_seed_b,fund_ca_netcash_finance_delta,cn.sf.d176e498cbf88ead524db0f203a3967a,canonical_fundamental_capital_investment,SLOW_TEMPORAL_CHANGE,Delta,2,2,2,2,2,2,1,2,1,1,0,0,False,
cn_unified_capability_integration_discovery_v1_discovery_seed_b,fund_ca_netcash_operate_persistence,cn.sf.9c00cdc912ddbe4532cd57fc68e1f64a,canonical_fundamental_cashflow_quality,SLOW_TEMPORAL_CHANGE,Persistence,2,2,2,2,0,0,0,2,1,0,0,0,False,
cn_unified_capability_integration_discovery_v1_discovery_seed_b,fund_cashflow_cfo_profit,cn.sf.9c00cdc912ddbe4532cd57fc68e1f64a,canonical_fundamental_cashflow_quality,SLOW_CROSS_SECTIONAL_LEVEL,CSRank,2,2,2,2,2,2,1,2,1,1,0,0,False,
cn_unified_capability_integration_discovery_v1_discovery_seed_b,fund_disclosure_balance_age_sessions,cn.sf.60d83a7afdd194b37a2c575c23983508,canonical_fundamental_disclosure_timing_staleness,SLOW_CROSS_SECTIONAL_LEVEL,CSRank,2,2,2,2,2,2,1,2,1,1,0,0,False,
cn_unified_capability_integration_discovery_v1_discovery_seed_b,fund_disclosure_balance_pulse,cn.sf.60d83a7afdd194b37a2c575c23983508,canonical_fundamental_disclosure_timing_staleness,DISCLOSURE_EVENT,EventCount,1,1,1,1,1,1,0,1,1,0,0,0,False,
cn_unified_capability_integration_discovery_v1_discovery_seed_b,fund_disclosure_balance_pulse,cn.sf.60d83a7afdd194b37a2c575c23983508,canonical_fundamental_disclosure_timing_staleness,DISCLOSURE_EVENT,TimeSince,1,1,1,1,1,1,0,1,0,0,0,0,False,
cn_unified_capability_integration_discovery_v1_discovery_seed_b,fund_disclosure_cashflow_age_sessions,cn.sf.9c00cdc912ddbe4532cd57fc68e1f64a,canonical_fundamental_disclosure_timing_staleness,SLOW_CROSS_SECTIONAL_LEVEL,CSRank,2,2,2,2,2,2,0,2,1,0,0,0,False,
cn_unified_capability_integration_discovery_v1_discovery_seed_b,fund_disclosure_cashflow_pulse,cn.sf.9c00cdc912ddbe4532cd57fc68e1f64a,canonical_fundamental_disclosure_timing_staleness,DISCLOSURE_EVENT,EventCount,1,1,1,1,1,0,0,0,1,0,0,0,False,
cn_unified_capability_integration_discovery_v1_discovery_seed_b,fund_disclosure_cashflow_pulse,cn.sf.9c00cdc912ddbe4532cd57fc68e1f64a,canonical_fundamental_disclosure_timing_staleness,DISCLOSURE_EVENT,TimeSince,1,1,1,1,1,0,0,0,0,0,0,0,False,
cn_unified_capability_integration_discovery_v1_discovery_seed_b,fund_disclosure_holder_age_sessions,cn.sf.c85042cbf88a455c9d57707708d9f212,canonical_fundamental_disclosure_timing_staleness,SLOW_CROSS_SECTIONAL_LEVEL,CSRank,2,2,2,2,2,2,0,2,1,0,0,0,False,
cn_unified_capability_integration_discovery_v1_discovery_seed_b,fund_disclosure_holder_pulse,cn.sf.c85042cbf88a455c9d57707708d9f212,canonical_fundamental_disclosure_timing_staleness,DISCLOSURE_EVENT,EventCount,1,1,1,1,1,0,0,1,1,0,0,0,False,
cn_unified_capability_integration_discovery_v1_discovery_seed_b,fund_disclosure_holder_pulse,cn.sf.c85042cbf88a455c9d57707708d9f212,canonical_fundamental_disclosure_timing_staleness,DISCLOSURE_EVENT,TimeSince,1,1,1,1,1,0,0,1,0,0,0,0,False,
cn_unified_capability_integration_discovery_v1_discovery_seed_b,fund_disclosure_profit_pulse,cn.sf.e38de6f9f8762c5948fa9062142f26f5,canonical_fundamental_disclosure_timing_staleness,DISCLOSURE_EVENT,EventCount,1,1,1,1,1,1,0,1,1,0,0,0,False,
cn_unified_capability_integration_discovery_v1_discovery_seed_b,fund_disclosure_profit_pulse,cn.sf.e38de6f9f8762c5948fa9062142f26f5,canonical_fundamental_disclosure_timing_staleness,DISCLOSURE_EVENT,TimeSince,1,1,1,1,1,1,0,1,0,0,0,0,False,
cn_unified_capability_integration_discovery_v1_discovery_seed_b,fund_efficiency_fixed_asset_intensity,cn.sf.5d1556b20b4bd64f0481038c60683efc,canonical_fundamental_operating_efficiency,SLOW_CROSS_SECTIONAL_LEVEL,CSRank,2,2,2,2,2,0,0,2,1,0,0,0,False,
cn_unified_capability_integration_discovery_v1_discovery_seed_b,fund_holder_average_shares_log,cn.sf.abffbbaf4b59a6914c3b2912abf60253,canonical_fundamental_shareholder_structure,SLOW_CROSS_SECTIONAL_LEVEL,CSRank,2,2,2,2,0,0,0,2,1,0,0,0,False,
cn_unified_capability_integration_discovery_v1_discovery_seed_b,fund_holder_count_log,cn.sf.c85042cbf88a455c9d57707708d9f212,canonical_fundamental_shareholder_structure,SLOW_CROSS_SECTIONAL_LEVEL,CSRank,2,2,2,2,0,0,0,2,1,0,0,0,False,
cn_unified_capability_integration_discovery_v1_discovery_seed_b,fund_leverage_equity_assets,cn.sf.0f0bfac4037c3ade1c551b83fd48478f,canonical_fundamental_leverage,SLOW_CROSS_SECTIONAL_LEVEL,CSRank,2,2,2,2,2,2,0,2,1,0,0,0,False,
cn_unified_capability_integration_discovery_v1_discovery_seed_b,fund_liquidity_current_ratio,cn.sf.924d664bf492b3f85c7bbf23f21006ec,canonical_fundamental_liquidity_solvency,SLOW_CROSS_SECTIONAL_LEVEL,CSRank,2,2,2,2,2,0,0,2,1,0,0,0,False,
cn_unified_capability_integration_discovery_v1_discovery_seed_b,fund_pr_operate_cost_persistence,cn.sf.0a027b7cfdff5ea6dfe3884b1954f624,canonical_fundamental_profitability,SLOW_TEMPORAL_CHANGE,Persistence,2,2,2,2,0,0,0,2,1,0,0,0,False,
cn_unified_capability_integration_discovery_v1_discovery_seed_b,fund_pr_operate_income_yoy,cn.sf.e38de6f9f8762c5948fa9062142f26f5,canonical_fundamental_growth,SLOW_TEMPORAL_CHANGE,YoY,2,2,2,2,2,0,0,2,1,0,0,0,False,
cn_unified_capability_integration_discovery_v1_discovery_seed_b,fund_pr_parent_netprofit_slope,cn.sf.38e4dc3066b0469543df0f19cac13657,canonical_fundamental_profitability,SLOW_TEMPORAL_CHANGE,Slope,2,2,2,2,0,0,0,2,1,0,0,0,False,
cn_unified_capability_integration_discovery_v1_discovery_seed_b,fund_profit_operating_margin,cn.sf.1409adb48bf424a5264d90a847340575,canonical_fundamental_profitability,SLOW_CROSS_SECTIONAL_LEVEL,CSRank,2,2,2,2,2,0,0,2,1,0,0,0,False,
cn_unified_capability_integration_discovery_v1_discovery_seed_b,fund_profit_parent_margin,cn.sf.38e4dc3066b0469543df0f19cac13657,canonical_fundamental_profitability,SLOW_CROSS_SECTIONAL_LEVEL,CSRank,2,2,2,2,2,0,0,2,1,1,0,0,False,
cn_unified_capability_integration_discovery_v1_discovery_seed_b,fund_working_capital_inventory_assets,cn.sf.b8125b47ca797d0c04fc5edc8d729586,canonical_fundamental_working_capital,SLOW_CROSS_SECTIONAL_LEVEL,CSRank,2,2,2,2,0,0,0,2,1,0,0,0,False,
cn_unified_capability_integration_discovery_v1_discovery_seed_b,high,cn.sf.e63e0162f9ee5a1cc0f4d7b09b578a5b,raw_1min,FIRSTN_PATH,SignedPath,2,2,2,2,0,0,0,2,1,0,0,0,False,
cn_unified_capability_integration_discovery_v1_discovery_seed_b,high,cn.sf.e63e0162f9ee5a1cc0f4d7b09b578a5b,raw_1min,INTRADAY_STATE_TRANSITION,Transition,10,10,10,10,6,4,0,5,5,0,0,0,False,
cn_unified_capability_integration_discovery_v1_discovery_seed_b,high,cn.sf.e63e0162f9ee5a1cc0f4d7b09b578a5b,raw_1min,MARKET_REGIME_CONDITION,ConditionGate,4,4,4,4,2,2,0,3,2,1,0,0,False,
cn_unified_capability_integration_discovery_v1_discovery_seed_b,high,cn.sf.e63e0162f9ee5a1cc0f4d7b09b578a5b,raw_1min,MINUTE_STATIC,Arithmetic,4,4,4,4,0,0,0,3,2,0,0,0,False,
cn_unified_capability_integration_discovery_v1_discovery_seed_b,intraday_ret_from_open,cn.sf.55ec8d1cbad581839da568b8db129b18,raw_1min,FIRSTN_PATH,SignedPath,2,2,2,2,2,0,0,2,1,0,0,0,False,
cn_unified_capability_integration_discovery_v1_discovery_seed_b,intraday_ret_from_open,cn.sf.55ec8d1cbad581839da568b8db129b18,raw_1min,INTRADAY_STATE_TRANSITION,Transition,14,14,14,14,4,2,0,7,7,0,0,0,False,
cn_unified_capability_integration_discovery_v1_discovery_seed_b,intraday_ret_from_open,cn.sf.55ec8d1cbad581839da568b8db129b18,raw_1min,MARKET_REGIME_CONDITION,ConditionGate,2,2,2,2,0,0,0,1,1,0,0,0,False,
cn_unified_capability_integration_discovery_v1_discovery_seed_b,intraday_ret_from_open,cn.sf.55ec8d1cbad581839da568b8db129b18,raw_1min,MINUTE_STATIC,Arithmetic,4,4,4,4,2,2,0,4,2,1,0,0,False,
cn_unified_capability_integration_discovery_v1_discovery_seed_b,low,cn.sf.155ca942c67e3b7985fdca8bf70262e2,raw_1min,FIRSTN_PATH,SignedPath,4,4,4,4,2,2,0,3,2,0,0,0,False,
cn_unified_capability_integration_discovery_v1_discovery_seed_b,low,cn.sf.155ca942c67e3b7985fdca8bf70262e2,raw_1min,INTRADAY_STATE_TRANSITION,Transition,12,12,12,12,6,4,0,6,6,0,0,0,False,
cn_unified_capability_integration_discovery_v1_discovery_seed_b,low,cn.sf.155ca942c67e3b7985fdca8bf70262e2,raw_1min,MARKET_REGIME_CONDITION,ConditionGate,2,2,2,2,0,0,0,1,1,0,0,0,False,
cn_unified_capability_integration_discovery_v1_discovery_seed_b,low,cn.sf.155ca942c67e3b7985fdca8bf70262e2,raw_1min,MINUTE_STATIC,Arithmetic,8,8,8,8,6,2,0,6,4,1,0,0,False,
cn_unified_capability_integration_discovery_v1_discovery_seed_b,m1_first15_bars,cn.sf.ae498b3396af7de21385c5242da24be9,firstN,FIRSTN_PATH,SignedPath,2,2,2,2,0,0,0,2,1,0,0,0,False,
cn_unified_capability_integration_discovery_v1_discovery_seed_b,m1_first15_last_return_vs_open,cn.sf.94c4c0e03bf78de13e05d917b0988473,firstN,FIRSTN_PATH,SignedPath,2,2,2,2,0,0,0,2,1,0,0,0,False,
cn_unified_capability_integration_discovery_v1_discovery_seed_b,m1_first15_vol,cn.sf.365c561eedcc460841478a5906c7150e,firstN,FIRSTN_PATH,SignedPath,2,2,2,2,2,0,0,2,1,0,0,0,False,
cn_unified_capability_integration_discovery_v1_discovery_seed_b,m1_first30_amount,cn.sf.4071b949aa0b606dea3d5affdf12b126,firstN,FIRSTN_PATH,SignedPath,2,2,2,2,2,0,0,1,1,0,0,0,False,
cn_unified_capability_integration_discovery_v1_discovery_seed_b,m1_first30_bars,cn.sf.9d17a84737f7a71ccef3204a27273a6f,firstN,FIRSTN_PATH,SignedPath,2,2,2,2,0,0,0,2,1,0,0,0,False,
cn_unified_capability_integration_discovery_v1_discovery_seed_b,m1_first30_high,cn.sf.99338edb9bfdb0026faa8c1791bfd14b,firstN,FIRSTN_PATH,SignedPath,2,2,2,2,2,2,0,2,1,1,0,0,False,
cn_unified_capability_integration_discovery_v1_discovery_seed_b,m1_first30_low,cn.sf.5c4146eff78a79f09b45b1f6f3362ca0,firstN,FIRSTN_PATH,SignedPath,2,2,2,2,2,2,0,2,1,1,0,0,False,
cn_unified_capability_integration_discovery_v1_discovery_seed_b,m1_first30_vwap,cn.sf.b0894f5a8439f3332cd5bfd1e3f2ca04,firstN,FIRSTN_PATH,SignedPath,2,2,2,2,2,0,0,2,1,0,0,0,False,
cn_unified_capability_integration_discovery_v1_discovery_seed_b,m1_first5_amount,cn.sf.b85e7c60e6103ff84a0b858046d66817,firstN,FIRSTN_PATH,SignedPath,2,2,2,2,2,2,0,1,1,0,0,0,False,
cn_unified_capability_integration_discovery_v1_discovery_seed_b,m1_first5_bars,cn.sf.7e215312ca1aa88c3659c28846bdeb3a,firstN,FIRSTN_PATH,SignedPath,2,2,2,2,0,0,0,2,1,0,0,0,False,
cn_unified_capability_integration_discovery_v1_discovery_seed_b,m1_first5_high,cn.sf.a87d7c0090faf776bd6c99b9c652dcd1,firstN,FIRSTN_PATH,SignedPath,2,2,2,2,0,0,0,2,1,1,0,0,False,
cn_unified_capability_integration_discovery_v1_discovery_seed_b,m1_first5_last_close,cn.sf.3721303329eed7a4a5e3d9147f8bc48f,firstN,FIRSTN_PATH,SignedPath,2,2,2,2,0,0,0,2,1,0,0,0,False,
cn_unified_capability_integration_discovery_v1_discovery_seed_b,m1_first5_low,cn.sf.703aa4836f709ff594b0a1125c34ba60,firstN,FIRSTN_PATH,SignedPath,2,2,2,2,0,0,0,2,1,1,0,0,False,
cn_unified_capability_integration_discovery_v1_discovery_seed_b,m1_first5_range,cn.sf.a6a4a55efb5bb293d93ee0d9234226ad,firstN,FIRSTN_PATH,SignedPath,2,2,2,2,0,0,0,2,1,0,0,0,False,
cn_unified_capability_integration_discovery_v1_discovery_seed_b,m1_first5_vwap_return_vs_open,cn.sf.a6915d593fccc76567eb995d05774efa,firstN,FIRSTN_PATH,SignedPath,2,2,2,2,0,0,0,2,1,0,0,0,False,
cn_unified_capability_integration_discovery_v1_discovery_seed_b,open,cn.sf.0fddf97283d443a785620454f62c6abd,raw_1min,FIRSTN_PATH,SignedPath,2,2,2,2,0,0,0,2,1,0,0,0,False,
cn_unified_capability_integration_discovery_v1_discovery_seed_b,open,cn.sf.0fddf97283d443a785620454f62c6abd,raw_1min,INTRADAY_STATE_TRANSITION,Transition,2,2,2,2,0,0,0,1,1,0,0,0,False,
cn_unified_capability_integration_discovery_v1_discovery_seed_b,open,cn.sf.0fddf97283d443a785620454f62c6abd,raw_1min,MARKET_REGIME_CONDITION,ConditionGate,2,2,2,2,0,0,0,1,1,0,0,0,False,
cn_unified_capability_integration_discovery_v1_discovery_seed_b,pct_chg,cn.sf.e175250817b067c80c690ce8e2ea6e72,raw_1min,FIRSTN_PATH,SignedPath,2,2,2,2,2,0,0,2,1,0,0,0,False,
cn_unified_capability_integration_discovery_v1_discovery_seed_b,pct_chg,cn.sf.e175250817b067c80c690ce8e2ea6e72,raw_1min,INTRADAY_STATE_TRANSITION,Transition,2,2,2,2,2,0,0,1,1,0,0,0,False,
cn_unified_capability_integration_discovery_v1_discovery_seed_b,pct_chg,cn.sf.e175250817b067c80c690ce8e2ea6e72,raw_1min,MARKET_REGIME_CONDITION,ConditionGate,2,2,2,2,2,0,0,1,1,0,0,0,False,
cn_unified_capability_integration_discovery_v1_discovery_seed_b,pct_chg,cn.sf.e175250817b067c80c690ce8e2ea6e72,raw_1min,MINUTE_STATIC,Arithmetic,6,6,6,6,4,2,0,6,3,2,0,0,False,
cn_unified_capability_integration_discovery_v1_discovery_seed_b,ret_1m,cn.sf.7ac67c3e2be8e149c3c02a4842c21173,raw_1min,FIRSTN_PATH,SignedPath,2,2,2,2,0,0,0,2,1,0,0,0,False,
cn_unified_capability_integration_discovery_v1_discovery_seed_b,ret_1m,cn.sf.7ac67c3e2be8e149c3c02a4842c21173,raw_1min,INTRADAY_STATE_TRANSITION,Transition,8,8,8,8,4,4,0,4,4,0,0,0,False,
cn_unified_capability_integration_discovery_v1_discovery_seed_b,ret_1m,cn.sf.7ac67c3e2be8e149c3c02a4842c21173,raw_1min,MARKET_REGIME_CONDITION,ConditionGate,4,4,4,4,2,2,0,4,2,0,0,0,False,
cn_unified_capability_integration_discovery_v1_discovery_seed_b,ret_1m,cn.sf.7ac67c3e2be8e149c3c02a4842c21173,raw_1min,MINUTE_STATIC,Arithmetic,4,4,4,4,2,2,0,4,2,1,0,0,False,
cn_unified_capability_integration_discovery_v1_discovery_seed_b,state_bar_return_sign,cn.sf.7ac67c3e2be8e149c3c02a4842c21173,intraday_derived_state,INTRADAY_STATE_TRANSITION,Transition,6,6,6,6,2,2,0,3,3,0,0,0,False,
cn_unified_capability_integration_discovery_v1_discovery_seed_b,state_close_range_location_sign,cn.sf.d40f8f20500150cfff77216ced9c2922,intraday_derived_state,INTRADAY_STATE_TRANSITION,Transition,10,10,10,10,6,4,0,5,5,0,0,0,False,
cn_unified_capability_integration_discovery_v1_discovery_seed_b,state_intraday_return_sign,cn.sf.55ec8d1cbad581839da568b8db129b18,intraday_derived_state,INTRADAY_STATE_TRANSITION,Transition,12,12,12,12,2,0,0,6,6,0,0,0,False,
cn_unified_capability_integration_discovery_v1_discovery_seed_b,volume,cn.sf.b3b8dd2f68bd26ca55a68c5e2e0561f4,raw_1min,FIRSTN_PATH,SignedPath,2,2,2,2,2,2,0,2,1,1,0,0,False,
cn_unified_capability_integration_discovery_v1_discovery_seed_b,volume,cn.sf.b3b8dd2f68bd26ca55a68c5e2e0561f4,raw_1min,INTRADAY_STATE_TRANSITION,Transition,4,4,4,4,0,0,0,2,2,0,0,0,False,
cn_unified_capability_integration_discovery_v1_discovery_seed_b,volume,cn.sf.b3b8dd2f68bd26ca55a68c5e2e0561f4,raw_1min,MINUTE_STATIC,Arithmetic,6,6,6,6,2,0,0,5,3,1,0,0,False,
cn_unified_capability_integration_discovery_v1_discovery_seed_b,vwap,cn.sf.b4279506efdad23a752311a627c7060d,raw_1min,FIRSTN_PATH,SignedPath,4,4,4,4,0,0,0,4,2,0,0,0,False,
cn_unified_capability_integration_discovery_v1_discovery_seed_b,vwap,cn.sf.b4279506efdad23a752311a627c7060d,raw_1min,INTRADAY_STATE_TRANSITION,Transition,4,4,4,4,2,0,0,2,2,0,0,0,False,
cn_unified_capability_integration_discovery_v1_discovery_seed_b,vwap,cn.sf.b4279506efdad23a752311a627c7060d,raw_1min,MARKET_REGIME_CONDITION,ConditionGate,6,6,6,6,2,2,0,3,3,0,0,0,False,
cn_unified_capability_integration_discovery_v1_discovery_seed_b,vwap,cn.sf.b4279506efdad23a752311a627c7060d,raw_1min,MINUTE_STATIC,Arithmetic,6,6,6,6,2,0,0,6,3,0,0,0,False,
